"MaStR-Nr. der Einheit";"Anzeige-Name der Einheit";"Betriebs-Status";"Inbetriebnahmedatum der Einheit";"Inbetriebnahmedatum der Einheit am aktuellen Standort";"Registrierungsdatum der Einheit";"Erzeugungsleistung in kWh/h";"Technologie der Gaserzeugung";"Bundesland";"Postleitzahl";"Ort";"Straße";"Hausnummer";"Gemarkung";"Flurstück";"Koordinate: Breitengrad (WGS84)";"Koordinate: Längengrad (WGS84)";"Name des Anlagenbetreibers (nur Org.)";"	MaStR-Nr. des Anlagenbetreibers";"Letzte Aktualisierung";"Datum der endgültigen Stilllegung";"Datum der geplanten Inbetriebnahme";"Name des Anschluss-Netzbetreibers";"MaStR-Nr. des Anschluss-Netzbetreibers";"Netzbetreiberprüfung";"MaStR-Nr. der Lokation";"Art der Gasspeicherung";"Maximal nutzbares Arbeitsvolumen";"Maximale Einspeicherleistung";"Maximale Ausspeicherleistung";"Durchschnittlicher Brennwert"
"GEE996968189478";"BGAA Halle";"In Betrieb";"17.7.2014";"";"14.2.2019";"3675";"Biomethan-Erzeugung";"Nordrhein-Westfalen";"33790";"Halle";"Industriestraße";"11";"";"";"52,070071";"8,345031";"Alterric Biogas GmbH & Co. KG";"ABR939152027583";"19.3.2026";"";"";"T.W.O. Technische Werke Osning GmbH (GNB965550738936)";"GNB965550738936";"Geprüft";"GEL962513159623";"";"";"";"";""
"GEE996344312353";"Biomethananlage Wölfersheim-Berstadt (BMA)";"In Betrieb";"1.9.2012";"";"14.2.2019";"7000";"Biomethan-Erzeugung";"Hessen";"61200";"Wölfersheim";"";"";"Wohnbach";"Flur 3, Flurstücke 71/3 und 71/2";"50,422361";"8,845743";"Biogas Oberhessen GmbH & Co. KG";"ABR928492925703";"15.4.2021";"";"";"Oberhessengas Netz GmbH (GNB946891783212)";"GNB946891783212";"Geprüft";"GEL955624018873";"";"";"";"";""
"GEE988414794367";"SHA002_BGAA Blaufelden-Emmertsbühl";"In Betrieb";"1.9.2010";"";"15.2.2019";"2750";"Biomethan-Erzeugung";"Baden-Württemberg";"74572";"Blaufelden";"";"";"Emmertsbühl 2";"69";"49,291081";"10,008416";"EnBW Contracting GmbH";"ABR924517303181";"28.5.2019";"";"";"Netze BW GmbH (GNB922003381538)";"GNB922003381538";"Geprüft";"GEL976072010004";"";"";"";"";""
"GEE910818529535";"GP_001_BGAA Geislingen";"In Betrieb";"1.1.2014";"";"15.2.2019";"5350";"Biomethan-Erzeugung";"Baden-Württemberg";"73312";"Geislingen";"Im Nol";"";"";"";"48,581736";"9,792192";"BioCycling GmbH";"ABR922384414191";"2.7.2024";"";"";"Energieversorgung Filstal GmbH & Co. KG (GNB964226744011)";"GNB964226744011";"Geprüft";"GEL951685970846";"";"";"";"";""
"GEE991115322692";"BGA Kodersdorf, BGAA";"In Betrieb";"15.1.2015";"";"29.3.2019";"7500";"Biomethan-Erzeugung";"Sachsen";"02923";"Kodersdorf";"Am Sandberg";"2";"";"";"51,228";"14,914";"BALANCE Erneuerbare Energien GmbH";"ABR925283076712";"12.1.2021";"";"";"ONTRAS Gastransport GmbH (GNB978499445261)";"GNB978499445261";"Geprüft";"GEL927554522812";"";"";"";"";""
"GEE966185051087";"BGA Lichtensee, Alter Sportplatz 1, BGAA";"In Betrieb";"3.5.2012";"";"18.2.2019";"7623";"Biomethan-Erzeugung";"Sachsen";"01609";"Lichtensee";"Alter Sportplatz";"1";"";"";"51,376965";"13,363376";"Danpower Biomasse GmbH";"ABR954076216738";"28.6.2021";"";"";"SachsenNetze HS.HD GmbH (GNB942995849212)";"GNB942995849212";"Geprüft";"GEL964384621957";"";"";"";"";""
"GEE932932113810";"Biomethananlage Dessau Polysiusstr 9 Gaserzeugung";"In Betrieb";"12.11.2014";"";"18.2.2019";"7590";"Biomethan-Erzeugung";"Sachsen-Anhalt";"06847";"Dessau-Roßlau";"Polysiusstraße";"9";"";"";"51,807338";"12,222239";"Aufwind BB GmbH & Co. Bioenergie Dessau Sechzehnte KG";"ABR918481523942";"3.9.2025";"";"";"Gasversorgung Dessau GmbH (GNB977960454467)";"GNB977960454467";"Geprüft";"GEL904891928576";"";"";"";"";""
"GEE925722443310";"Langenwetzendorf BGAA";"In Betrieb";"16.6.2019";"";"28.2.2020";"7609";"Biomethan-Erzeugung";"Thüringen";"07957";"Langenwetzendorf";"In der Haardt";"2";"";"";"50,688767";"12,114524";"Danpower GmbH";"ABR991967582008";"28.2.2020";"";"";"Ferngas Netzgesellschaft mbH (GNB953102331681)";"GNB953102331681";"Geprüft";"GEL902810257479";"";"";"";"";""
"GEE902432320094";"BGA Gröbern, Radeburger Str. 65, BGAA";"In Betrieb";"19.1.2015";"";"18.2.2019";"5989,5";"Biomethan-Erzeugung";"Sachsen";"01689";"Niederau";"Radeburger Straße";"65";"";"";"51,198";"13,552";"BIOREG Energy & Recycling GmbH";"ABR919581144037";"28.5.2019";"";"";"ONTRAS Gastransport GmbH (GNB978499445261)";"GNB978499445261";"Geprüft";"GEL976604429434";"";"";"";"";""
"GEE926290293956";"BGAA Schwarme";"In Betrieb";"16.12.2011";"";"19.2.2019";"3700";"Biomethan-Erzeugung";"Niedersachsen";"27327";"Schwarme";"An der Rennbahn";"";"";"";"52,902672";"9,005326";"Alterric Biogas GmbH & Co. KG";"ABR939152027583";"19.3.2026";"";"";"EWE NETZ GmbH (GNB926541210565)";"GNB926541210565";"Geprüft";"GEL901147108966";"";"";"";"";""
"GEE954695077314";"BGAA Ottersberg";"In Betrieb";"12.10.2012";"";"19.2.2019";"7200";"Biomethan-Erzeugung";"Niedersachsen";"28870";"Ottersberg";"Kreuzbuchen";"2";"";"";"53,123278";"9,148455";"Alterric Biogas GmbH & Co. KG";"ABR939152027583";"19.3.2026";"";"";"Stadtwerke Achim AG (GNB934841710166)";"GNB934841710166";"Geprüft";"GEL915317444877";"";"";"";"";""
"GEE902934142071";"Biomethananlage HOH Polysiusstr 9 Gaserzeugung";"In Betrieb";"24.9.2012";"";"19.2.2019";"7590";"Biomethan-Erzeugung";"Niedersachsen";"31249";"Hohenhameln";"Ackerköpfe";"";"";"";"52,315071";"10,111053";"HOH Biogasanlage GmbH & Co. KG";"ABR974499838485";"23.5.2023";"";"";"Avacon Hochdrucknetz GmbH (GNB942216884343)";"GNB942216884343";"Geprüft";"GEL947769100995";"";"";"";"";""
"GEE905168521605";"Biomethananlage Pessin Paulinenauer Str. 1a Gaserzeugung";"In Betrieb";"24.8.2015";"";"19.2.2019";"7590";"Biomethan-Erzeugung";"Brandenburg";"14641";"Pessin";"Paulinenauer Straße";"1 a";"";"";"52,642976";"12,68547";"Aufwind BB GmbH & Co. Sechsundzwanzigste Biogas KG";"ABR952008752798";"15.7.2019";"";"";"NBB Netzgesellschaft Berlin-Brandenburg mbH & Co. KG (GNB945506478819)";"GNB945506478819";"Geprüft";"GEL956155082067";"";"";"";"";""
"GEE996975330283";"Biomethananlage Pliening Tratmoosstr. 11 Gaserzeugung";"In Betrieb";"14.5.2007";"";"19.2.2019";"7590";"Biomethan-Erzeugung";"Bayern";"85652";"Pliening";"Tratmoosstraße";"11";"";"";"48,209964";"11,782087";"Grüngold Biogasanlage Pliening KG";"ABR982520327280";"20.3.2024";"";"";"SWM Infrastruktur GmbH & Co. KG (GNB961199392140)";"GNB961199392140";"Geprüft";"GEL980097823983";"";"";"";"";""
"GEE941444679240";"Biomethan Menteroda Gas";"In Betrieb";"1.10.2014";"";"20.2.2019";"8215,9";"Biomethan-Erzeugung";"Thüringen";"99996";"Menteroda";"Vor der Thaleber Birke";"9";"";"";"51,320329";"10,583241";"Biomethan Menteroda GmbH c/o AVRIO Energie GmbH";"ABR971497851065";"8.1.2026";"";"";"TEN Thüringer Energienetze GmbH & Co. KG (GNB993730123142)";"GNB993730123142";"Geprüft";"GEL989302177262";"";"";"";"";""
"GEE920242367788";"GEA1_Straelen";"In Betrieb";"1.12.2006";"";"20.2.2019";"5670";"Biomethan-Erzeugung";"Nordrhein-Westfalen";"47638";"Straelen";"Zur Caenheide";"15";"";"";"51,431";"6,291";"natürliche Person (ABR927867263068)";"ABR927867263068";"28.5.2019";"";"";"GELSENWASSER Energienetze GmbH (GNB962186703079)";"GNB962186703079";"Geprüft";"GEL984808426890";"";"";"";"";""
"GEE933005620846";"BGA Bitterfeld, Mühlenweg 1c, BGAA";"In Betrieb";"1.8.2019";"";"28.2.2020";"6085,2";"Biomethan-Erzeugung";"Sachsen-Anhalt";"06749";"Bitterfeld-Wolfen";"Mühlenweg";"1 C";"";"";"51,629921";"12,315085";"Danpower GmbH";"ABR991967582008";"11.8.2021";"";"";"Mitteldeutsche Netzgesellschaft Gas mbH (GNB982072716822)";"GNB982072716822";"Geprüft";"GEL958735744839";"";"";"";"";""
"GEE901609227471";"Ketzin 1 - Gasaufbereitung";"In Betrieb";"10.12.2007";"";"22.2.2019";"2300";"Biomethan-Erzeugung";"Brandenburg";"14669";"Ketzin";"Knoblaucher Chaussee";"102";"";"";"52,491789";"12,86736";"BMV Energie GmbH & Co. KG";"ABR907205468331";"25.6.2019";"";"";"NBB Netzgesellschaft Berlin-Brandenburg mbH & Co. KG (GNB945506478819)";"GNB945506478819";"Geprüft";"GEL905682308911";"";"";"";"";""
"GEE959813466391";"Gasproduktion";"In Betrieb";"5.10.2017";"";"22.2.2019";"7595";"Biomethan-Erzeugung";"Niedersachsen";"31241";"Ilsede";"Hauptstraße";"";"";"";"52,274958";"10,130705";"Nat-Ur-Gas Solschen GmbH & Co. KG";"ABR996304219128";"25.3.2022";"";"";"Avacon Hochdrucknetz GmbH (GNB942216884343)";"GNB942216884343";"Geprüft";"GEL984141299328";"";"";"";"";""
"GEE979414476094";"BGA Lehma, BGAA";"In Betrieb";"20.12.2011";"";"25.2.2019";"6880";"Biomethan-Erzeugung";"Thüringen";"04617";"Treben";"";"";"Lehma";"Flur 2, Flurstücke 11/28, 11/34, 11/35";"51,043513";"12,412122";"BALANCE Erneuerbare Energien GmbH";"ABR925283076712";"27.5.2021";"";"";"ONTRAS Gastransport GmbH (GNB978499445261)";"GNB978499445261";"Geprüft";"GEL941760282889";"";"";"";"";""
"GEE904524802860";"BMA Aicha";"In Betrieb";"20.6.2012";"";"25.2.2019";"7500";"Biomethan-Erzeugung";"Bayern";"94486";"Osterhofen";"";"";"Aicha an der Donau, Osterhofen";"Flurstück 2557";"48,724277";"12,983706";"Biogas in Aicha";"ABR979872332291";"28.5.2019";"";"";"Energienetze Bayern GmbH (GNB955002969841)";"GNB955002969841";"Geprüft";"GEL925192631644";"";"";"";"";""
"GEE912804369316";"Bioerdgasanlage Aiterhofen";"In Betrieb";"1.9.2009";"";"26.2.2019";"11680";"Biomethan-Erzeugung";"Bayern";"94330";"Aiterhofen";"Amselfinger Straße";"100";"";"";"48,856";"12,643";"EON Bioerdgas GmbH";"ABR926982798257";"28.5.2019";"";"";"Energienetze Bayern GmbH & Co. KG (GNB925632528282)";"GNB925632528282";"Geprüft";"GEL956289759316";"";"";"";"";""
"GEE979626956841";"BGA Malchin, Industriegelände 13, BGAA";"In Betrieb";"4.12.2018";"";"26.2.2019";"7623";"Biomethan-Erzeugung";"Mecklenburg-Vorpommern";"17139";"Malchin";"Industriegelände";"13";"";"";"53,75";"12,773";"Danpower GmbH";"ABR991967582008";"28.5.2019";"";"";"E.DIS Netz GmbH (GNB937784972783)";"GNB937784972783";"Geprüft";"GEL918553755059";"";"";"";"";""
"GEE975818344878";"Bioerdgasanlage Einbeck";"In Betrieb";"20.9.2009";"";"26.2.2019";"7300";"Biomethan-Erzeugung";"Niedersachsen";"37574";"Einbeck";"Am Tiedexer Feld";"1";"";"";"51,825";"9,84";"EON Bioerdgas GmbH";"ABR926982798257";"13.12.2020";"";"";"Avacon Hochdrucknetz GmbH (GNB942216884343)";"GNB942216884343";"Geprüft";"GEL982872236612";"";"";"";"";""
"GEE963490237526";"Bioerdgasanlage Wolnzach";"In Betrieb";"5.6.2012";"";"26.2.2019";"14000";"Biomethan-Erzeugung";"Bayern";"85283";"Wolnzach";"Haselried";"1";"";"";"48,626";"11,691";"Bioerdgas Hallertau GmbH";"ABR931649262392";"13.1.2020";"";"";"SWM Infrastruktur GmbH & Co. KG (GNB961199392140)";"GNB961199392140";"Geprüft";"GEL916512075965";"";"";"";"";""
"GEE901452621921";"Bioerdgasanlage Merzig";"In Betrieb";"16.5.2011";"";"26.2.2019";"6500";"Biomethan-Erzeugung";"Saarland";"66663";"Merzig";"Waldwieser Straße";"0";"";"";"49,437";"6,576";"Bioenergie Merzig GmbH";"ABR927589826374";"28.5.2019";"";"";"Open Grid Europe GmbH (GNB972235472726)";"GNB972235472726";"Geprüft";"GEL941853216593";"";"";"";"";""
"GEE942524854557";"Bioerdgasanlage Schwandorf";"In Betrieb";"13.2.2008";"";"26.2.2019";"11650";"Biomethan-Erzeugung";"Bayern";"92421";"Schwandorf";"Bayernwerk";"8";"";"";"49,303";"12,08";"Bioerdgas Schwandorf GmbH";"ABR924263721741";"5.2.2021";"";"";"Westnetz GmbH (GNB921497217583)";"GNB921497217583";"Geprüft";"GEL925277299462";"";"";"";"";""
"GEE907591945980";"Biomethan Badeleben";"In Betrieb";"1.2.2014";"";"27.2.2019";"8500";"Biomethan-Erzeugung";"Sachsen-Anhalt";"39393";"Völpke";"Ellersdorfer Weg";"2";"";"";"52,14832";"11,142309";"Bioenergie Badeleben GmbH & Co. KG";"ABR961630386783";"8.10.2020";"";"";"Avacon Netz GmbH (GNB974540795811)";"GNB974540795811";"Geprüft";"GEL994326848951";"";"";"";"";""
"GEE907246967619";"Bioraffinerie Zerbst";"In Betrieb";"3.4.2014";"";"28.2.2019";"7630";"Biomethan-Erzeugung";"Sachsen-Anhalt";"39261";"Zerbst";"Deetzer Str.";"8";"";"";"52,004";"12,133";"Bioraffinerie Zerbst GmbH";"ABR970460878146";"28.5.2019";"";"";"Energie Mittelsachsen GmbH (GNB915870017488)";"GNB915870017488";"Geprüft";"GEL905027219353";"";"";"";"";""
"GEE906717084817";"Bioraffinerie Elsteraue";"In Betrieb";"22.12.2012";"";"1.3.2019";"7630";"Biomethan-Erzeugung";"Sachsen-Anhalt";"06729";"Elsteraue";"Dr.-Pier-Straße";"13";"";"";"51,073986";"12,207808";"Bioraffinerie Elsteraue GmbH";"ABR978582566293";"28.5.2019";"";"";"REDINET Burgenland GmbH (GNB945351007776)";"GNB945351007776";"Geprüft";"GEL928237907605";"";"";"";"";""
"GEE920517672623";"Bioraffinerie Niederndodeleben 1";"In Betrieb";"25.8.2009";"";"16.3.2021";"7630";"Biomethan-Erzeugung";"Sachsen-Anhalt";"39167";"Niederndodeleben";"Am Olvenstedter Weg";"1";"";"";"52,148";"11,522";"Bioraffinerie Magdeburg GmbH";"ABR945260775353";"16.3.2021";"";"";"GETEC net GmbH (GNB928445680659)";"GNB928445680659";"Geprüft";"GEL991494398288";"";"";"";"";""
"GEE970898595264";"Bioraffinerie Niederndodeleben 2";"In Betrieb";"11.6.2014";"";"16.3.2021";"7630";"Biomethan-Erzeugung";"Sachsen-Anhalt";"39167";"Niederndodeleben";"Am Olvenstedter Weg";"2";"";"";"52,149103";"11,533444";"Bioraffinerie Magdeburg GmbH";"ABR945260775353";"16.3.2021";"";"";"GETEC net GmbH (GNB928445680659)";"GNB928445680659";"Geprüft";"GEL954901561989";"";"";"";"";""
"GEE902177391205";"Bioraffinerie Hadmersleben";"In Betrieb";"3.4.2013";"";"4.3.2019";"7630";"Biomethan-Erzeugung";"Sachsen-Anhalt";"39387";"Oschersleben";"Heerstraße";"78";"";"";"51,994922";"11,323798";"Bioraffinerie Hadmersleben GmbH";"ABR976636854839";"28.5.2019";"";"";"Energie Mittelsachsen GmbH (GNB915870017488)";"GNB915870017488";"Geprüft";"GEL917823088743";"";"";"";"";""
"GEE987304946268";"Bioraffinerie Fuhsetal";"In Betrieb";"3.7.2014";"";"4.3.2019";"7630";"Biomethan-Erzeugung";"Niedersachsen";"38268";"Lengede";"Maria-Agnesi-Straße";"15";"";"";"52,196036";"10,337287";"Biogas Fuhsetal GmbH & Co. KG";"ABR999364646910";"28.5.2019";"";"";"Avacon Hochdrucknetz GmbH (GNB942216884343)";"GNB942216884343";"Geprüft";"GEL901155595239";"";"";"";"";""
"GEE917274181772";"BGAA, Hardegsen, Biogasaufbereitung";"In Betrieb";"10.2.2009";"";"12.3.2019";"5770";"Biomethan-Erzeugung";"Niedersachsen";"37181";"Hardegsen";"Zum Wellborn";"2";"";"";"51,645";"9,86";"Hardegsen C4 Energie GmbH & Co. KG";"ABR954908963069";"1.4.2021";"";"";"EAM Netz GmbH (GNB951481558699)";"GNB951481558699";"Geprüft";"GEL989954187060";"";"";"";"";""
"GEE909777974449";"BGAA I (Schwelm I)";"In Betrieb";"26.4.2017";"";"12.3.2019";"7700";"Biomethan-Erzeugung";"Sachsen-Anhalt";"39245";"Gommern";"";"";"Karith";"Flur3: 11813, 10014, 10018, 10019, 10020.";"52,086865";"11,827371";"Biogas Gommern";"ABR916650013737";"28.5.2019";"";"";"Avacon Hochdrucknetz GmbH (GNB942216884343)";"GNB942216884343";"Geprüft";"GEL960539968748";"";"";"";"";""
"GEE906436342212";"BGAA II (Schwelm II)";"In Betrieb";"4.5.2017";"";"12.3.2019";"3850";"Biomethan-Erzeugung";"Sachsen-Anhalt";"39245";"Gommern";"";"";"Karith";"Flur3: 11813, 10014, 100189, 10019, 10020.";"52,086902";"11,827426";"Biogas Gommern";"ABR916650013737";"28.5.2019";"";"";"Avacon Hochdrucknetz GmbH (GNB942216884343)";"GNB942216884343";"Geprüft";"GEL929951697964";"";"";"";"";""
"GEE961648926971";"BGAA, Altenstadt, Biogasaufbereitung";"In Betrieb";"1.2.2012";"";"12.3.2019";"7350";"Biomethan-Erzeugung";"Hessen";"63674";"Altenstadt";"Am Bioenergiezentrum";"1";"";"";"50,288";"8,964";"Altenstadt C4 Energie GmbH & Co. KG";"ABR916199288139";"4.9.2025";"";"";"Main-Kinzig Netzdienste GmbH (GNB952579589373)";"GNB952579589373";"Geprüft";"GEL959209969741";"";"";"";"";""
"GEE971025251138";"Biogasaufbereitungsanlage Feldberg";"In Betrieb";"1.12.2014";"";"13.3.2019";"3700";"Biomethan-Erzeugung";"Mecklenburg-Vorpommern";"17258";"Feldberger Seenlandschaft";"Dorfstraße";"51";"";"";"53,345";"13,352";"Carbon CO2ncepts GmbH";"ABR901584444061";"5.1.2023";"";"";"E.DIS Netz GmbH (GNB937784972783)";"GNB937784972783";"In Prüfung";"GEL925308597642";"";"";"";"";""
"GEE991683692302";"BGAA Trebsen";"In Betrieb";"17.12.2018";"";"13.3.2019";"7744,8";"Biomethan-Erzeugung";"Sachsen";"04687";"Trebsen";"Pauschwitzer Straße";"45";"";"";"51,28";"12,767";"Biogas Trebsen";"ABR960671336573";"28.5.2019";"";"";"Mitteldeutsche Netzgesellschaft Gas mbH (GNB982072716822)";"GNB982072716822";"Geprüft";"GEL983125532673";"";"";"";"";""
"GEE967952980296";"BGAA Dülmen";"In Betrieb";"20.3.2020";"";"9.2.2024";"10260";"Biomethan-Erzeugung";"Nordrhein-Westfalen";"48249";"Dülmen";"";"";"Dülmen-Stadt";"Flur12: 107, 193.";"51,811";"7,295";"BWM Dülmen";"ABR922697216642";"25.2.2026";"";"";"Thyssengas GmbH (GNB922736931598)";"GNB922736931598";"Geprüft";"GEL982957818924";"";"";"";"";""
"GEE956724153822";"Biogasaufbereitungsanlage Reimlingen";"In Betrieb";"8.7.2015";"";"13.3.2019";"7400";"Biomethan-Erzeugung";"Bayern";"86756";"Reimlingen";"Heuweg";"10";"";"";"48,83";"10,514";"Carbon CO2ncepts GmbH";"ABR901584444061";"10.3.2023";"";"";"schwaben netz gmbh (GNB971688551903)";"GNB971688551903";"Geprüft";"GEL983383105367";"";"";"";"";""
"GEE940965455340";"Biogasaufbereitungsanlage Penkun";"In Betrieb";"1.7.2016";"";"13.3.2019";"7400";"Biomethan-Erzeugung";"Mecklenburg-Vorpommern";"17329";"Krackow";"Ernst-Röwer-Ring";"2";"";"";"53,32127";"14,270012";"GENO Bioenergie Leasingfonds Erste GmbH & Co. KG";"ABR966591595922";"9.1.2023";"";"";"E.DIS Netz GmbH (GNB937784972783)";"GNB937784972783";"Geprüft";"GEL971141283044";"";"";"";"";""
"GEE968055210983";"Biogasaufbereitungsanlage Schwaigern";"In Betrieb";"1.10.2013";"";"13.3.2019";"3700";"Biomethan-Erzeugung";"Baden-Württemberg";"74193";"Schwaigern";"Siemensstraße";"";"";"";"49,134807";"9,082267";"Carbon CO2ncepts GmbH";"ABR901584444061";"5.1.2023";"";"";"Heilbronner Versorgungs GmbH (GNB935484751059)";"GNB935484751059";"In Prüfung";"GEL907371776179";"";"";"";"";""
"GEE997286775831";"Biogasaufbereitungsanlage Wittenburg";"In Betrieb";"1.12.2015";"";"13.3.2019";"3700";"Biomethan-Erzeugung";"Mecklenburg-Vorpommern";"19243";"Wittenburg";"Zur Winterwelt";"2";"";"";"53,512";"11,088";"Danpower Biomasse GmbH";"ABR954076216738";"21.5.2021";"";"";"HanseGas GmbH (GNB946401010951)";"GNB946401010951";"Geprüft";"GEL995007835802";"";"";"";"";""
"GEE995000467352";"PfP Wörth";"In Betrieb";"1.12.2016";"";"18.3.2019";"10000";"Biomethan-Erzeugung";"Rheinland-Pfalz";"76744";"Wörth";"Am Oberwald";"2";"";"";"49,068";"8,302";"Papierfabrik Palm GmbH & Co. KG";"ABR960206468649";"28.5.2019";"";"";"GASCADE Gastransport GmbH (GNB942786520030)";"GNB942786520030";"Geprüft";"GEL905602797177";"";"";"";"";""
"GEE927338952729";"BGA Oschatz, BGAA";"In Betrieb";"1.12.2011";"";"26.3.2019";"7744,8";"Biomethan-Erzeugung";"Sachsen";"04758";"Oschatz";"Kirschallee";"10";"";"";"51,253336";"13,090737";"BALANCE Erneuerbare Energien GmbH";"ABR925283076712";"12.1.2021";"";"";"Mitteldeutsche Netzgesellschaft Gas mbH (GNB982072716822)";"GNB982072716822";"Geprüft";"GEL959594966646";"";"";"";"";""
"GEE979880387078";"NPArneburg";"In Betrieb";"24.4.2013";"";"2.4.2019";"7840";"Biomethan-Erzeugung";"Sachsen-Anhalt";"39596";"Hohenberg-Krusemark";"Industriestraße";"3";"";"";"52,735127";"12,025205";"NEXOGAS Produktion Arneburg GmbH";"ABR916861191255";"13.8.2025";"";"";"Avacon Hochdrucknetz GmbH (GNB942216884343)";"GNB942216884343";"Geprüft";"GEL985368724976";"";"";"";"";""
"GEE915167894860";"NPKönnern";"In Betrieb";"15.9.2009";"";"2.4.2019";"22128";"Biomethan-Erzeugung";"Sachsen-Anhalt";"06420";"Könnern";"Südstraße";"3";"";"";"51,663";"11,786";"NEXOGAS Produktion Könnern Süd GmbH";"ABR903131420863";"13.8.2025";"";"";"Mitteldeutsche Netzgesellschaft Gas mbH (GNB982072716822)";"GNB982072716822";"In Prüfung";"GEL987762004142";"";"";"";"";""
"GEE948416326362";"NPBarsikow";"In Betrieb";"1.10.2011";"";"2.4.2019";"5824";"Biomethan-Erzeugung";"Brandenburg";"16845";"Barsikow";"Bahnhofstraße";"1";"";"";"52,854";"12,512";"NEXOGAS Produktion Barsikow GmbH";"ABR985422202853";"13.8.2025";"";"";"NBB Netzgesellschaft Berlin-Brandenburg mbH & Co. KG (GNB945506478819)";"GNB945506478819";"Geprüft";"GEL949735291126";"";"";"";"";""
"GEE944937009500";"NPEbsdorfergrund";"In Betrieb";"21.11.2012";"";"2.4.2019";"6160";"Biomethan-Erzeugung";"Hessen";"35085";"Ebsdorfergrund";"Am Energiepark";"1";"";"";"50,757";"8,83";"Nexogas Produktion Ebsdorfergrund GmbH";"ABR923727791375";"13.8.2025";"";"";"Stadtwerke Marburg GmbH (GNB936360885707)";"GNB936360885707";"Geprüft";"GEL938538775148";"";"";"";"";""
"GEE940899219728";"BGAA Burgrieden-Bühl I";"In Betrieb";"7.3.2008";"";"24.7.2019";"3600";"Biomethan-Erzeugung";"Baden-Württemberg";"88483";"Burgrieden";"";"";"Bühl";"624";"48,209058";"9,913571";"Erdgas Südwest GmbH";"ABR927394878513";"25.7.2019";"";"";"Netze-Gesellschaft Südwest mbH (GNB955048461286)";"GNB955048461286";"Geprüft";"GEL977112786514";"";"";"";"";""
"GEE960254104469";"Biogaserzeugungs- und Aufbereitungsanlage";"In Betrieb";"1.12.2009";"";"25.4.2019";"3620";"Biomethan-Erzeugung";"Nordrhein-Westfalen";"32479";"Hille";"Am Kompostwerk";"2";"";"";"52,384949";"8,767964";"Entsorgungswirtschaft Minden-Lübbecke AöR";"ABR978357572276";"6.6.2019";"";"";"GELSENWASSER Energienetze GmbH (GNB962186703079)";"GNB962186703079";"In Prüfung";"GEL962571717148";"";"";"";"";""
"GEE903148821912";"Gasproduktion";"In Planung";"";"";"26.4.2019";"8218,61";"Biomethan-Erzeugung";"Sachsen-Anhalt";"39345";"Vahldorf";"Am Langen Berg";"";"";"";"52,254449";"11,489023";"Agrarenergie Vahldorf GmbH & Co. KG";"ABR946414573603";"26.4.2019";"";"31.10.2019";"Avacon Hochdrucknetz GmbH (GNB942216884343)";"GNB942216884343";"";"";"";"";"";"";""
"GEE909498276679";"BGAA 250";"In Betrieb";"7.6.2010";"";"23.5.2019";"1402";"Biomethan-Erzeugung";"Niedersachsen";"27404";"Zeven";"Ludwig-Elsbett-Straße";"1";"";"";"53,272409";"9,304548";"Aspe Biogas GmbH & Co. KG";"ABR912609551374";"23.5.2019";"";"";"Stadtwerke Zeven GmbH (GNB965723870395)";"GNB965723870395";"Geprüft";"GEL959498064899";"";"";"";"";""
"GEE938188864834";"Vergärungsanlage Köln";"In Betrieb";"1.6.2020";"";"7.7.2020";"3300";"Biomethan-Erzeugung";"Nordrhein-Westfalen";"50735";"Köln";"Emdener Str.";"97";"";"";"51,0048";"6,954223";"AVG Kompostierung GmbH";"ABR915481999111";"30.6.2021";"";"";"RheinNetz GmbH (GNB987239037642)";"GNB987239037642";"Geprüft";"GEL956661832347";"";"";"";"";""
"GEE924650700397";"BGAA Geest";"In Betrieb";"15.5.2012";"";"17.6.2019";"3833";"Biomethan-Erzeugung";"Niedersachsen";"21641";"Apensen";"";"";"Grundoldendorf";"Flur 1 Flurstück: 57/2";"53,460672";"9,60152";"Bioenergie Geest GmbH & Co.KG";"ABR970717466546";"6.1.2022";"";"";"ElbEnergie GmbH (GNB978427732999)";"GNB978427732999";"Geprüft";"GEL914456518395";"";"";"";"";""
"GEE954985669588";"Schuby";"In Betrieb";"12.9.2011";"";"28.6.2019";"10750";"Biomethan-Erzeugung";"Schleswig-Holstein";"24850";"Schuby";"Weideweg";"14 A";"";"";"54,524826";"9,461755";"Bioenergie Schuby GmbH";"ABR916576971005";"12.5.2022";"";"";"Gasunie Deutschland Transport Services GmbH (GNB977224579929)";"GNB977224579929";"Geprüft";"GEL982582697963";"";"";"";"";""
"GEE938363246851";"BKW Pillgram";"In Betrieb";"13.2.2020";"";"12.3.2020";"7742";"Biomethan-Erzeugung";"Brandenburg";"15236";"Jacobsdorf";"";"";"Pillgram";"Flur2: 080, 341.";"52,319825";"14,379786";"BKW Pillgram GmbH & Co. KG";"ABR904744445335";"12.3.2020";"";"";"EWE NETZ GmbH (GNB926541210565)";"GNB926541210565";"Geprüft";"GEL963928650316";"";"";"";"";""
"GEE937097019908";"Biogasaufbereitungsanlage Unsleben";"In Betrieb";"30.10.2010";"";"11.7.2019";"3800";"Biomethan-Erzeugung";"Bayern";"97618";"Unsleben";"";"";"Unsleben";"723";"50,368113";"10,252573";"Biomethan Rhön-Grabfeld GmbH& Co. KG";"ABR999474035819";"11.7.2019";"";"";"Bayerische Rhöngas GmbH (GNB933489586287)";"GNB933489586287";"Geprüft";"GEL975929660065";"";"";"";"";""
"GEE954727744610";"BGAA Jabel";"In Betrieb";"2.4.2015";"";"15.7.2019";"3710";"Biomethan-Erzeugung";"Mecklenburg-Vorpommern";"17194";"Jabel";"Sandkrug";"1";"";"";"53,541215";"12,60355";"Bioenergie Waren GmbH";"ABR903419831923";"15.7.2019";"";"";"ONTRAS Gastransport GmbH (GNB978499445261)";"GNB978499445261";"Geprüft";"GEL982700575753";"";"";"";"";""
"GEE936354172318";"Bioenergie Gellersen BGAA";"In Betrieb";"29.10.2013";"";"16.7.2019";"3794";"Biomethan-Erzeugung";"Niedersachsen";"21394";"Kirchgellersen";"Zum Suhrfeld";"4";"";"";"53,22273";"10,284913";"Bioenergie Gellersen GmbH & Co. KG";"ABR966812882466";"16.7.2019";"";"";"Avacon Hochdrucknetz GmbH (GNB942216884343)";"GNB942216884343";"Geprüft";"GEL901682245799";"";"";"";"";""
"GEE990440643496";"BGAA";"In Betrieb";"1.6.2016";"";"18.7.2019";"6000";"Biomethan-Erzeugung";"Sachsen-Anhalt";"39307";"Genthin";"Am Kröpelberg";"7";"";"";"52,419359";"12,167527";"ENERTEC Biogas Genthin";"ABR991824694387";"21.1.2021";"";"";"Avacon Hochdrucknetz GmbH (GNB942216884343)";"GNB942216884343";"Geprüft";"GEL902000912973";"";"";"";"";""
"GEE940703867718";"BGAA Burgrieden-Bühl II";"In Betrieb";"19.12.2011";"";"25.7.2019";"3900";"Biomethan-Erzeugung";"Baden-Württemberg";"88483";"Burgrieden";"";"";"Bühl";"624";"48,209411";"9,914625";"Erdgas Südwest GmbH";"ABR927394878513";"12.8.2019";"";"";"Netze-Gesellschaft Südwest mbH (GNB955048461286)";"GNB955048461286";"Geprüft";"GEL977112786514";"";"";"";"";""
"GEE905459257879";"BGAA Riedlingen";"In Betrieb";"2.7.2012";"";"25.7.2019";"8200";"Biomethan-Erzeugung";"Baden-Württemberg";"88499";"Riedlingen";"";"";"Daugendorf";"434/3";"48,174397";"9,480477";"Erdgas Südwest GmbH";"ABR927394878513";"25.7.2019";"";"";"Netze-Gesellschaft Südwest mbH (GNB955048461286)";"GNB955048461286";"Geprüft";"GEL967563925358";"";"";"";"";""
"GEE955312256037";"BGAA Achstetten";"In Betrieb";"27.11.2012";"";"25.7.2019";"2100";"Biomethan-Erzeugung";"Baden-Württemberg";"88480";"Achstetten";"";"";"Achstetten";"1611";"48,267721";"9,877888";"Erdgas Südwest GmbH";"ABR927394878513";"7.8.2019";"";"";"Netze-Gesellschaft Südwest mbH (GNB955048461286)";"GNB955048461286";"Geprüft";"GEL998348389171";"";"";"";"";""
"GEE982180123949";"BGAA Oberriexingen";"In Betrieb";"23.3.2012";"";"10.12.2020";"3854,8";"Biomethan-Erzeugung";"Baden-Württemberg";"71739";"Oberriexingen";"";"";"Oberriexingen";"5499";"48,939267";"9,021729";"Stadtwerke Bietigheim-Bissingen GmbH";"ABR911754242014";"10.12.2020";"";"";"Netze BW GmbH (GNB922003381538)";"GNB922003381538";"Geprüft";"GEL960019041626";"";"";"";"";""
"GEE928215961735";"Malmberg";"In Betrieb";"9.12.2009";"";"7.8.2019";"6930";"Biomethan-Erzeugung";"Niedersachsen";"49453";"Wetschen";"Am Dickeler Bruch";"3";"";"";"52,57041";"8,434616";"Biogas Wetscher Bruch GmbH & Co. KG";"ABR937998859221";"7.8.2019";"";"";"Nowega GmbH (GNB911458367907)";"GNB911458367907";"Geprüft";"GEL901742246728";"";"";"";"";""
"GEE939475232596";"Gasproduktion";"In Betrieb";"12.8.2019";"";"20.8.2019";"8217";"Biomethan-Erzeugung";"Sachsen-Anhalt";"39345";"Vahldorf";"Am Langen Berg";"";"";"";"52,254571";"11,48875";"Agrarenergie Vahldorf GmbH & Co. KG";"ABR946414573603";"20.8.2019";"";"";"Avacon Hochdrucknetz GmbH (GNB942216884343)";"GNB942216884343";"Geprüft";"GEL944191423463";"";"";"";"";""
"GEE976742781869";"60556577";"In Betrieb";"1.1.1997";"";"28.8.2019";"3531";"Biomethan-Erzeugung";"Baden-Württemberg";"88353";"Kißlegg";"Brenters";"1";"";"";"47,838751";"9,900111";"Thüga Energienetze GmbH";"ABR969913084715";"28.8.2019";"";"";"Thüga Energienetze GmbH (GNB962344681492)";"GNB962344681492";"Geprüft";"GEL990651422422";"";"";"";"";""
"GEE979114275461";"BGAA Schöllnitz";"In Betrieb";"1.11.2012";"";"3.9.2019";"7490";"Biomethan-Erzeugung";"Brandenburg";"03229";"Luckaitztal";"Luckaitzer Straße";"11";"";"";"51,667601";"13,984043";"Biogas Produktion Schöllnitz GmbH";"ABR948435985908";"18.1.2021";"";"";"NBB Netzgesellschaft Berlin-Brandenburg mbH & Co. KG (GNB945506478819)";"GNB945506478819";"Geprüft";"GEL958016634897";"";"";"";"";""
"GEE990152842729";"BGAA Heinfelde";"In Betrieb";"23.6.2015";"";"18.9.2019";"7700";"Biomethan-Erzeugung";"Niedersachsen";"26169";"Friesoythe";"Heinfelder Straße";"4";"";"";"53,113993";"7,899183";"ASVK Zweite Energie";"ABR901216019858";"18.9.2019";"";"";"EWE NETZ GmbH (GNB926541210565)";"GNB926541210565";"Geprüft";"GEL998335900440";"";"";"";"";""
"GEE997594444153";"BGAA Parum";"In Betrieb";"1.7.2018";"";"18.9.2019";"5080";"Biomethan-Erzeugung";"Mecklenburg-Vorpommern";"19073";"Dümmer";"Fliegenhofer Weg";"8";"";"";"53,556917";"11,184144";"ASVK Vierte Energie";"ABR969083076565";"18.9.2019";"";"";"HanseGas GmbH (GNB946401010951)";"GNB946401010951";"Geprüft";"GEL960714426599";"";"";"";"";""
"GEE990576040145";"Biogasanlage Am Umspannwerk";"In Betrieb";"11.9.2013";"";"26.9.2019";"3850";"Biomethan-Erzeugung";"Mecklenburg-Vorpommern";"18437";"Stralsund";"Am Umspannwerk";"12";"";"";"54,287684";"13,084554";"SWS Natur GmbH";"ABR957841327066";"2.1.2020";"";"";"ONTRAS Gastransport GmbH (GNB978499445261)";"GNB978499445261";"Geprüft";"GEL972515316559";"";"";"";"";""
"GEE906796749805";"BGAA Mammendorf";"In Betrieb";"1.2.2014";"";"24.10.2019";"4500";"Biomethan-Erzeugung";"Bayern";"82291";"Mammendorf";"Egg";"11";"";"";"48,183664";"11,15315";"BGA Mammendorf GmbH und Co. KG";"ABR918236859388";"24.10.2019";"";"";"bayernets GmbH (GNB928855497472)";"GNB928855497472";"Geprüft";"GEL988061447449";"";"";"";"";""
"GEE972357177219";"BGAA Lauterhofen";"In Betrieb";"1.12.2013";"";"24.10.2019";"4500";"Biomethan-Erzeugung";"Bayern";"92283";"Lauterhofen";"Roßtalweg";"1";"";"";"49,359903";"11,608814";"BGA Lauterhofen GmbH und Co. KG";"ABR922966053343";"5.2.2021";"";"";"Westnetz GmbH (GNB921497217583)";"GNB921497217583";"Geprüft";"GEL958794408482";"";"";"";"";""
"GEE931165926426";"GAA Forst";"In Betrieb";"29.10.2014";"";"13.11.2019";"7560";"Biomethan-Erzeugung";"Brandenburg";"03149";"Forst";"Döberner Straße";"24";"";"";"51,714701";"14,609013";"Biogas Forst";"ABR993332575424";"1.9.2020";"";"";"ONTRAS Gastransport GmbH (GNB978499445261)";"GNB978499445261";"Geprüft";"GEL958306793112";"";"";"";"";""
"GEE903844201797";"GAA Köckte";"In Betrieb";"16.9.2013";"";"13.11.2019";"3780";"Biomethan-Erzeugung";"Sachsen-Anhalt";"39649";"Gardelegen";"Mühlenberg";"4";"";"";"52,519249";"11,141235";"Bioenergie Köckte";"ABR999191532257";"13.11.2019";"";"";"Avacon Netz GmbH (GNB974540795811)";"GNB974540795811";"Geprüft";"GEL925199836974";"";"";"";"";""
"GEE924350849785";"GAA Neuburg Steinhausen";"In Betrieb";"10.3.2014";"";"13.11.2019";"15120";"Biomethan-Erzeugung";"Mecklenburg-Vorpommern";"23974";"Neuburg";"Tatower Weg";"5";"";"";"53,942623";"11,615398";"Biogas Neuburg Steinhausen";"ABR936463214787";"13.11.2019";"";"";"ONTRAS Gastransport GmbH (GNB978499445261)";"GNB978499445261";"Geprüft";"GEL906235254136";"";"";"";"";""
"GEE968929729511";"GAA Sachsendorf";"In Betrieb";"4.11.2013";"";"14.11.2019";"3780";"Biomethan-Erzeugung";"Sachsen-Anhalt";"39240";"Sachsendorf";"Am Saale-Dreieck";"1";"";"";"51,883005";"11,849189";"Biogas Sachsendorf";"ABR949930886745";"4.3.2025";"";"";"ONTRAS Gastransport GmbH (GNB978499445261)";"GNB978499445261";"Geprüft";"GEL981088429672";"";"";"";"";""
"GEE971492698856";"BGAA Bruchhausen-Vilsen";"In Betrieb";"16.6.2011";"";"20.11.2019";"3780";"Biomethan-Erzeugung";"Niedersachsen";"27305";"Bruchhausen-Vilsen";"Sulinger Straße";"";"";"";"52,810476";"8,957524";"Biogas Pool 1 für Stadtwerke";"ABR995220536807";"20.11.2019";"";"";"EWE NETZ GmbH (GNB926541210565)";"GNB926541210565";"Geprüft";"GEL972715727797";"";"";"";"";""
"GEE954363132949";"BGAA Malstedt";"In Betrieb";"19.5.2011";"";"20.11.2019";"3780";"Biomethan-Erzeugung";"Niedersachsen";"27446";"Deinstedt";"Farvener Straße";"3";"";"";"53,423534";"9,28386";"Biogas Pool 1 für Stadtwerke";"ABR995220536807";"20.11.2019";"";"";"EWE NETZ GmbH (GNB926541210565)";"GNB926541210565";"Geprüft";"GEL942600055168";"";"";"";"";""
"GEE928453575282";"BGAA Jürgenshagen";"In Betrieb";"6.2.2012";"";"21.11.2019";"3840";"Biomethan-Erzeugung";"Mecklenburg-Vorpommern";"18246";"Jürgenshagen";"Gischower Weg";"116 a";"";"";"53,939474";"11,888565";"Biogas Pool 1 für Stadtwerke";"ABR995220536807";"21.11.2019";"";"";"Stadtwerke Rostock Aktiengesellschaft (GNB972298010989)";"GNB972298010989";"Geprüft";"GEL935341079234";"";"";"";"";""
"GEE900560517256";"BGAA Altena";"In Betrieb";"1.12.2011";"";"21.11.2019";"3790";"Biomethan-Erzeugung";"Niedersachsen";"38459";"Bahrdorf";"Altena";"";"";"";"52,375381";"11,047896";"Biogs Pool 2 für Stadtwerke";"ABR944505324295";"21.11.2019";"";"";"LSW Netz GmbH & Co. KG (GNB948413999798)";"GNB948413999798";"Geprüft";"GEL980169428351";"";"";"";"";""
"GEE976201699667";"BGAA Müden-Aller";"In Betrieb";"1.5.2012";"";"21.11.2019";"3780";"Biomethan-Erzeugung";"Niedersachsen";"38539";"Müden";"Hahnenhorner Straße";"55";"";"";"52,532097";"10,377992";"Biogs Pool 2 für Stadtwerke";"ABR944505324295";"21.11.2019";"";"";"LSW Netz GmbH & Co. KG (GNB948413999798)";"GNB948413999798";"Geprüft";"GEL940992468740";"";"";"";"";""
"GEE905197937477";"BGAA Westheim";"In Betrieb";"12.11.2019";"";"28.11.2019";"6600";"Biomethan-Erzeugung";"Rheinland-Pfalz";"67368";"Westheim";"Holzmühlstraße";"1";"";"";"49,227602";"8,319527";"Stadtwerke Bietigheim-Bissingen GmbH";"ABR911754242014";"28.11.2019";"";"";"Creos Deutschland GmbH (GNB946673500211)";"GNB946673500211";"Geprüft";"GEL911122859448";"";"";"";"";""
"GEE972267295447";"BVA";"In Betrieb";"19.12.2013";"";"2.12.2019";"5000";"Biomethan-Erzeugung";"Bayern";"86167";"Augsburg";"Am Mittleren Moos";"60";"";"";"48,401679";"10,933528";"AVA Abfallverwertung Augsburg Kommunalunternehmen";"ABR994099364566";"2.12.2019";"";"";"swa Netze GmbH (GNB926330980914)";"GNB926330980914";"Geprüft";"GEL976087337240";"";"";"";"";""
"GEE907512123053";"BGAA";"In Betrieb";"1.2.2010";"";"12.12.2019";"3789";"Biomethan-Erzeugung";"Hessen";"34576";"Homberg";"Rudolf-Diesel-Straße";"1";"";"";"51,010971";"9,377631";"Biogas Homberg GmbH & Co. KG";"ABR972420949187";"12.12.2019";"";"";"EAM Netz GmbH (GNB951481558699)";"GNB951481558699";"Geprüft";"GEL984377203816";"";"";"";"";""
"GEE901098491254";"BGA Leizen, BGAA";"In Betrieb";"22.4.2013";"";"12.12.2019";"3785";"Biomethan-Erzeugung";"Mecklenburg-Vorpommern";"17209";"Leizen";"Woldzegartener Weg";"33";"";"";"53,377613";"12,465673";"BALANCE Erneuerbare Energien GmbH";"ABR925283076712";"20.10.2021";"";"";"ONTRAS Gastransport GmbH (GNB978499445261)";"GNB978499445261";"Geprüft";"GEL925888692362";"";"";"";"";""
"GEE962046503535";"BGAA";"In Betrieb";"18.12.2012";"";"12.12.2019";"3695";"Biomethan-Erzeugung";"Hessen";"61184";"Karben";"An der Biogasanlage";"1";"";"";"50,237686";"8,806903";"Karbener Biogas GmbH & Co. KG";"ABR988060899881";"12.12.2019";"";"";"NRM Netzdienste Rhein-Main GmbH (GNB910902469198)";"GNB910902469198";"Geprüft";"GEL952192201089";"";"";"";"";""
"GEE950038470354";"Bio-Erdgas Neudorf GmbH - Aufbereitungsanlage";"In Betrieb";"19.7.2012";"";"13.12.2019";"7700";"Biomethan-Erzeugung";"Brandenburg";"16928";"Groß Pankow";"Koloniestraße";"13";"";"";"53,167394";"12,063186";"Jörn Ahlers Biogas GmbH";"ABR935021238548";"13.12.2019";"";"";"ONTRAS Gastransport GmbH (GNB978499445261)";"GNB978499445261";"Geprüft";"GEL930075246945";"";"";"";"";""
"GEE947295836191";"BGA Schwedt I - BGAA";"In Betrieb";"15.11.2011";"";"13.12.2019";"7815";"Biomethan-Erzeugung";"Brandenburg";"16303";"Schwedt";"Neuer Hafen";"10";"";"";"53,09811";"14,322689";"BALANCE Erneuerbare Energien GmbH";"ABR925283076712";"27.5.2021";"";"";"Stadtwerke Schwedt GmbH (GNB987108154272)";"GNB987108154272";"Geprüft";"GEL921578772888";"";"";"";"";""
"GEE946925244474";"BGAA Altenstadt";"Endgültig stillgelegt";"6.11.2009";"";"8.1.2020";"6900";"Biomethan-Erzeugung";"Bayern";"86972";"Altenstadt";"Wolfgarten";"1";"";"";"47,803417";"10,843755";"";"";"5.11.2025";"1.7.2024";"";"";"";"In Prüfung";"";"";"";"";"";""
"GEE955193448156";"Schielestraße 20a, 60314 Frankfurt am Main, Biogasaufbereitungsanlage";"In Betrieb";"2.1.2018";"";"9.1.2020";"3900";"Biomethan-Erzeugung";"Hessen";"60314";"Frankfurt";"Schielestraße";"20 a";"";"";"50,116663";"8,736904";"Mainova AG";"ABR967988325672";"31.7.2020";"";"";"NRM Netzdienste Rhein-Main GmbH (GNB910902469198)";"GNB910902469198";"Geprüft";"GEL980154946624";"";"";"";"";""
"GEE994012282816";"BGAA";"In Betrieb";"1.11.2010";"";"11.11.2024";"1750";"Biomethan-Erzeugung";"Niedersachsen";"21386";"Betzendorf";"Alte Poststraße";"";"";"";"53,153246";"10,299305";"Gaswerker GmbH & Co. KG";"ABR948129656022";"14.11.2024";"";"";"Avacon Hochdrucknetz GmbH (GNB942216884343)";"GNB942216884343";"Geprüft";"GEL929591108349";"";"";"";"";""
"GEE906417943865";"Biogasanlage";"In Betrieb";"1.10.1980";"";"27.2.2020";"6588";"Biomethan-Erzeugung";"Nordrhein-Westfalen";"46414";"Rhede";"Dännendiek";"18";"";"";"51,827445";"6,727778";"Wenning Biogas GmbH & Co.KG";"ABR946889249126";"27.2.2020";"";"";"Stadtwerke Rhede GmbH (GNB954740790274)";"GNB954740790274";"Geprüft";"GEL997142056104";"";"";"";"";""
"GEE932084880370";"BGAA Bitburg";"In Betrieb";"19.2.2020";"";"28.2.2020";"7400";"Biomethan-Erzeugung";"Rheinland-Pfalz";"54634";"Bitburg";"Heinrich-Hertz-Straße";"6";"";"";"49,95514";"6,572553";"Biogaspartner Bitburg";"ABR930093478717";"28.2.2020";"";"";"SWT Stadtwerke Trier Versorgungs-GmbH (GNB922784601931)";"GNB922784601931";"Geprüft";"GEL940847171122";"";"";"";"";""
"GEE979261381817";"Biogasaufbereitungsanlage Alteno";"In Betrieb";"1.4.2014";"";"12.3.2020";"3850";"Biomethan-Erzeugung";"Brandenburg";"15926";"Luckau";"Altenoer Straße";"10";"";"";"51,876436";"13,798068";"BioCycling GmbH";"ABR922384414191";"9.1.2024";"";"";"Stadt- und Überlandwerke GmbH Luckau-Lübbenau (GNB959882425886)";"GNB959882425886";"Geprüft";"GEL947255429524";"";"";"";"";""
"GEE968775244046";"Biogasaufbereitungsanlage Gröden";"In Betrieb";"1.6.2013";"";"12.3.2020";"4600";"Biomethan-Erzeugung";"Brandenburg";"04932";"Gröden";"Nord";"2";"";"";"51,413828";"13,593229";"BioCycling GmbH";"ABR922384414191";"9.1.2024";"";"";"ONTRAS Gastransport GmbH (GNB978499445261)";"GNB978499445261";"Geprüft";"GEL931198686694";"";"";"";"";""
"GEE953936114566";"IPH Biogaseinspeiseanlage";"In Betrieb";"9.9.2011";"";"17.6.2020";"10000";"Biomethan-Erzeugung";"Hessen";"65929";"Frankfurt";"Brüningstraße";"50";"";"";"50,085107";"8,5176";"Infranova Bioerdgas GmbH";"ABR971179498564";"17.6.2020";"";"";"NRM Netzdienste Rhein-Main GmbH (GNB910902469198)";"GNB910902469198";"Geprüft";"GEL931026597796";"";"";"";"";""
"GEE968613555785";"Stegelitz I";"In Planung";"";"";"24.3.2020";"1400";"Biomethan-Erzeugung";"Sachsen-Anhalt";"39288";"Burg";"";"";"Stegelitz";"22/3; 34";"52,202934";"11,899602";"Kreislaufwirtschaftsbetriebe Güterglück GmbH & Co.KG";"ABR936654486719";"26.3.2021";"";"30.11.2021";"Avacon Hochdrucknetz GmbH (GNB942216884343)";"GNB942216884343";"";"";"";"";"";"";""
"GEE909105926447";"BGA Wixhausen II";"In Betrieb";"29.11.2011";"";"17.4.2020";"5129";"Biomethan-Erzeugung";"Hessen";"64291";"Darmstadt";"Wolfsgartenallee";"81";"";"";"49,941818";"8,63705";"Hock Biogas kann's GmbH";"ABR932693328201";"3.8.2022";"";"";"e-netz Südhessen AG (GNB986228208100)";"GNB986228208100";"Geprüft";"GEL932235923208";"";"";"";"";""
"GEE957616250216";"BGA Semd";"In Betrieb";"5.5.2010";"";"17.4.2020";"2271";"Biomethan-Erzeugung";"Hessen";"64823";"Groß-Umstadt";"Dieburger Straße AG";"21";"";"";"49,884969";"8,872447";"Hock Biogas kann's GmbH";"ABR932693328201";"1.2.2022";"";"";"e-netz Südhessen AG (GNB986228208100)";"GNB986228208100";"Geprüft";"GEL910406761583";"";"";"";"";""
"GEE957856591629";"Biogasanlage Barleben-Ebendorf";"In Betrieb";"3.8.2012";"";"21.4.2020";"3750";"Biomethan-Erzeugung";"Sachsen-Anhalt";"39179";"Barleben";"Olvenstedter Straße";"2 A";"";"";"52,174387";"11,568867";"NEXOGAS Produktion Barleben GmbH";"ABR949908906031";"14.8.2025";"";"";"ONTRAS Gastransport GmbH (GNB978499445261)";"GNB978499445261";"Geprüft";"GEL974255472694";"";"";"";"";""
"GEE983261804153";"Biomethananlage";"In Betrieb";"14.6.2013";"";"28.4.2020";"21600";"Biomethan-Erzeugung";"Mecklenburg-Vorpommern";"17389";"Anklam";"Bluthsluster Straße";"24";"";"";"53,854372";"13,709494";"Cosun Beet Company GmbH & Co. KG";"ABR908854555205";"28.4.2020";"";"";"E.DIS Netz GmbH (GNB937784972783)";"GNB937784972783";"Geprüft";"GEL947759216712";"";"";"";"";""
"GEE990349869652";"Biogasaufbereitungsanlage Coesfeld-Höven";"In Betrieb";"11.12.2013";"";"8.5.2020";"3745";"Biomethan-Erzeugung";"Nordrhein-Westfalen";"48720";"Rosendahl";"";"";"Osterwick";"Flur: 31  Flurstück: 87";"51,978943";"7,154649";"Gesellschaft des Kreises Coesfeld zur Förderung regenerativer Energien mbH";"ABR974655791111";"13.8.2020";"";"";"Thyssengas GmbH (GNB922736931598)";"GNB922736931598";"Geprüft";"GEL976097557447";"";"";"";"";""
"GEE942426059173";"Bio-Energie-Zentrum";"In Betrieb";"31.12.2011";"";"6.5.2020";"7500";"Biomethan-Erzeugung";"Bayern";"90556";"Cadolzburg";"Seckendorfer Höhe";"1";"";"";"49,491384";"10,847715";"infra fürth gmbh";"ABR956901478380";"6.5.2020";"";"";"infra fürth gmbh (GNB957381674422)";"GNB957381674422";"Geprüft";"GEL931157483609";"";"";"";"";""
"GEE972897077055";"BGA Hellerwald";"In Betrieb";"12.2.2013";"";"11.5.2020";"7000";"Biomethan-Erzeugung";"Rheinland-Pfalz";"56154";"Boppard";"Kratzenburger Landstraße";"3";"";"";"50,205335";"7,555565";"BEE Bioenergieerzeugung Koblenz GmbH";"ABR922992360033";"11.5.2020";"";"";"Energienetze Mittelrhein GmbH & Co. KG (GNB920556220366)";"GNB920556220366";"Geprüft";"GEL975873392661";"";"";"";"";""
"GEE945529728953";"Biomethan Zörbig";"In Betrieb";"13.8.2010";"";"27.5.2020";"33192";"Biomethan-Erzeugung";"Sachsen-Anhalt";"06780";"Zörbig";"Thura Mark";"20";"";"";"51,376";"12,85";"VERBIO Zörbig GmbH";"ABR924658739498";"1.11.2021";"";"";"Mitteldeutsche Netzgesellschaft Gas mbH (GNB982072716822)";"GNB982072716822";"Geprüft";"GEL923780861374";"";"";"";"";""
"GEE937591398783";"Biomethan Schwedt";"In Betrieb";"1.8.2010";"";"27.5.2020";"100000";"Biomethan-Erzeugung";"Brandenburg";"16303";"Schwedt";"Passower Chaussee";"111";"";"";"53,11";"14,23";"VERBIO Schwedt GmbH";"ABR917872210027";"11.10.2021";"";"";"Stadtwerke Schwedt GmbH (GNB987108154272)";"GNB987108154272";"Geprüft";"GEL974704231377";"";"";"";"";""
"GEE943743014852";"BGA Haßlau";"In Betrieb";"5.8.2011";"";"22.6.2020";"7420";"Biomethan-Erzeugung";"Sachsen";"04741";"Roßwein";"Ossig";"17";"";"";"51,104073";"13,188064";"DREWAG - Stadtwerke Dresden GmbH";"ABR980307340545";"22.6.2020";"";"";"ONTRAS Gastransport GmbH (GNB978499445261)";"GNB978499445261";"Geprüft";"GEL960627384962";"";"";"";"";""
"GEE932803422850";"Gasaufbereitung";"In Betrieb";"8.11.2010";"";"6.7.2020";"7590";"Biomethan-Erzeugung";"Bayern";"93473";"Arnschwang";"Chamer Straße";"58";"";"";"49,16184";"12,47592";"Grüngas GmbH";"ABR984164194013";"5.2.2021";"";"";"Westnetz GmbH (GNB921497217583)";"GNB921497217583";"Geprüft";"GEL976813970307";"";"";"";"";""
"GEE973882975684";"AVR Biogasaufbereitung SNH";"In Betrieb";"3.7.2019";"";"15.7.2020";"5400";"Biomethan-Erzeugung";"Baden-Württemberg";"74889";"Sinsheim";"An der K4281";"";"";"";"49,27139";"8,885936";"AVR BioGas GmbH";"ABR959284761209";"3.8.2021";"";"";"MVV Netze GmbH (GNB945332614559)";"GNB945332614559";"Geprüft";"GEL901586427222";"";"";"";"";""
"GEE982870966818";"BGA Schöpstal; BGAA";"In Betrieb";"13.9.2011";"";"30.7.2020";"7500";"Biomethan-Erzeugung";"Sachsen";"02829";"Schöpstal";"Am Kalkwerk";"6";"";"";"51,216697";"14,946543";"BALANCE Erneuerbare Energien GmbH";"ABR925283076712";"4.3.2024";"";"";"ONTRAS Gastransport GmbH (GNB978499445261)";"GNB978499445261";"Geprüft";"GEL951403335933";"";"";"";"";""
"GEE912795589434";"Biomethanerzeugung Dülmen";"In Betrieb";"11.3.2020";"";"24.8.2020";"9180";"Biomethan-Erzeugung";"Nordrhein-Westfalen";"48249";"Dülmen";"Heinrich-Leggewie-Straße";"14";"";"";"51,810532";"7,296073";"BWM Dülmen GmbH";"ABR978165350585";"12.3.2021";"";"";"Thyssengas GmbH (GNB922736931598)";"GNB922736931598";"Geprüft";"GEL916588384374";"";"";"";"";""
"GEE922420685080";"Biogasanlage Haferkuhle";"In Betrieb";"1.12.2011";"";"24.8.2020";"7305";"Biomethan-Erzeugung";"Niedersachsen";"31600";"Uchte";"Haferkuhle";"4";"";"";"52,482565";"8,89735";"Green Energy GmbH & Co. KG";"ABR903932920067";"28.4.2021";"";"";"GELSENWASSER Energienetze GmbH (GNB962186703079)";"GNB962186703079";"Geprüft";"GEL987498304721";"";"";"";"";""
"GEE920398533440";"BGA Dargun; BGAA";"In Betrieb";"1.11.2010";"";"4.9.2020";"14700";"Biomethan-Erzeugung";"Mecklenburg-Vorpommern";"17159";"Dargun";"Brauereistraße";"7b";"";"";"53,900361";"12,868049";"BALANCE Erneuerbare Energien GmbH";"ABR925283076712";"12.1.2026";"";"";"ONTRAS Gastransport GmbH (GNB978499445261)";"GNB978499445261";"Geprüft";"GEL911289443481";"";"";"";"";""
"GEE928593676849";"BiGi";"In Betrieb";"20.2.2012";"";"10.9.2020";"3500";"Biomethan-Erzeugung";"Niedersachsen";"31180";"Giesen";"Schachtstraße";"";"";"";"52,207398";"9,881485";"Bioenergie Giesen GmbH";"ABR921402627667";"13.12.2023";"";"";"Nowega GmbH (GNB911458367907)";"GNB911458367907";"Geprüft";"GEL990565228837";"";"";"";"";""
"GEE939585605969";"BiLo";"In Betrieb";"9.12.2013";"";"10.9.2020";"6050";"Biomethan-Erzeugung";"Schleswig-Holstein";"24644";"Loop";"Looper Holz";"10";"";"";"54,146654";"9,968735";"Bioenergie Loop GmbH";"ABR949659313249";"4.2.2021";"";"";"Schleswig-Holstein Netz GmbH (GNB930096964552)";"GNB930096964552";"Geprüft";"GEL923506934481";"";"";"";"";""
"GEE974029965568";"BiGle";"In Betrieb";"1.12.2013";"";"10.9.2020";"3750";"Biomethan-Erzeugung";"Niedersachsen";"38154";"Königslutter";"Heiligendorfer Straße";"5";"";"";"52,345877";"10,808117";"eCG Bioenergie";"ABR970980571718";"13.12.2023";"";"";"LSW Netz GmbH & Co. KG (GNB948413999798)";"GNB948413999798";"Geprüft";"GEL921733999327";"";"";"";"";""
"GEE928298286985";"BiKs";"In Betrieb";"1.10.2009";"";"10.9.2020";"6000";"Biomethan-Erzeugung";"Nordrhein-Westfalen";"50170";"Kerpen";"Wankelstraße";"10";"";"";"50,894387";"6,661442";"Bioenergie Kerpen - Sindorf";"ABR915380475112";"11.5.2021";"";"";"Westnetz GmbH (GNB921497217583)";"GNB921497217583";"Geprüft";"GEL953065353157";"";"";"";"";""
"GEE964170509544";"BGA Bergheim-Paffendorf";"In Betrieb";"17.1.2016";"";"16.10.2020";"7490";"Biomethan-Erzeugung";"Nordrhein-Westfalen";"50126";"Bergheim";"Walter-Gropius-Straße";"44";"";"";"50,95589";"6,592237";"RWE Generation SE";"ABR907042335667";"4.7.2022";"";"";"Thyssengas GmbH (GNB922736931598)";"GNB922736931598";"Geprüft";"GEL970824506357";"";"";"";"";""
"GEE941375791349";"Rackwitzer Biogas GmbH";"In Betrieb";"1.9.2013";"";"19.10.2020";"8851";"Biomethan-Erzeugung";"Sachsen";"04519";"Rackwitz";"Energiestr.";"1";"";"";"51,441053";"12,395006";"Rackwitzer Biogas GmbH";"ABR978886282332";"1.11.2021";"";"";"Mitteldeutsche Netzgesellschaft Gas mbH (GNB982072716822)";"GNB982072716822";"Geprüft";"GEL998251100054";"";"";"";"";""
"GEE983554511980";"ABN BGA Neukammer II";"In Betrieb";"1.5.2011";"";"4.12.2020";"7525";"Biomethan-Erzeugung";"Brandenburg";"14641";"Nauen";"Schwanebecker Weg";"1b";"";"";"52,591818";"12,855399";"Agro Biogasanlage Nauen GmbH & Co. KG";"ABR951863702979";"4.12.2020";"";"";"NBB Netzgesellschaft Berlin-Brandenburg mbH & Co. KG (GNB945506478819)";"GNB945506478819";"Geprüft";"GEL912121760865";"";"";"";"";""
"GEE936765211132";"Biomethan Zittau GmbH";"In Betrieb";"30.12.2011";"";"4.11.2020";"5900";"Biomethan-Erzeugung";"Sachsen";"02763";"Zittau";"Friedensstraße";"17";"";"";"50,887091";"14,819185";"Biomethan Zittau GmbH";"ABR969972187402";"4.11.2020";"";"";"Stadtwerke Zittau GmbH (GNB981517250464)";"GNB981517250464";"Geprüft";"GEL984792944066";"";"";"";"";""
"GEE969788833227";"Biogasanlage Ruhleben";"In Betrieb";"16.5.2013";"";"7.1.2021";"9112,5";"Biomethan-Erzeugung";"Berlin";"13597";"Berlin";"Freiheit";"16";"";"";"52,531704";"13,222694";"Berliner Stadtreinigungsbetriebe";"ABR924366240750";"7.1.2021";"";"";"NBB Netzgesellschaft Berlin-Brandenburg mbH & Co. KG (GNB945506478819)";"GNB945506478819";"Geprüft";"GEL968937434162";"";"";"";"";""
"GEE932010259201";"Biogas flex BHKW 153";"In Planung";"";"";"18.11.2020";"153";"Biomethan-Erzeugung";"Bayern";"84144";"Geisenhausen";"Kuglöd";"31";"";"";"48,497444";"12,315546";"natürliche Person (ABR962504659903)";"ABR962504659903";"18.11.2020";"";"1.12.2020";"Bayernwerk Netz GmbH (GNB983614146879)";"GNB983614146879";"";"";"";"";"";"";""
"GEE950135490699";"BGAA Rügen";"In Betrieb";"23.2.2012";"";"18.11.2020";"6510";"Biomethan-Erzeugung";"Mecklenburg-Vorpommern";"18551";"Sagard";"Boddenblick";"30";"";"";"54,523733";"13,538661";"Alterric Biogas GmbH & Co. KG";"ABR939152027583";"19.3.2026";"";"";"EWE NETZ GmbH (GNB926541210565)";"GNB926541210565";"Geprüft";"GEL905369367934";"";"";"";"";""
"GEE948096295309";"BGAA Börger";"In Betrieb";"1.3.2011";"";"19.11.2020";"5092,5";"Biomethan-Erzeugung";"Niedersachsen";"26904";"Börger";"";"";"Börger, Flur 14";"1/3";"52,914979";"7,559977";"Alterric Biogas GmbH & Co. KG";"ABR939152027583";"19.3.2026";"";"";"EWE NETZ GmbH (GNB926541210565)";"GNB926541210565";"Geprüft";"GEL957356953262";"";"";"";"";""
"GEE903134865258";"Biomethan Deister-Süntel";"In Betrieb";"17.12.2011";"";"20.11.2020";"3500";"Biomethan-Erzeugung";"Niedersachsen";"31848";"Bad Münder";"Heideweg";"52";"";"";"52,222449";"9,428528";"Biomethan Deister-Süntel GmbH & Co. KG";"ABR937147461312";"20.11.2020";"";"";"Avacon Hochdrucknetz GmbH (GNB942216884343)";"GNB942216884343";"Geprüft";"GEL973309278756";"";"";"";"";""
"GEE954936741721";"BGAA Altenhof";"In Betrieb";"22.10.2013";"";"20.11.2020";"7350";"Biomethan-Erzeugung";"Mecklenburg-Vorpommern";"17209";"Altenhof";"Freyensteiner Chaussee";"9 a";"";"";"53,359415";"12,35449";"Alterric Biogas GmbH & Co. KG";"ABR939152027583";"19.3.2026";"";"";"ONTRAS Gastransport GmbH (GNB978499445261)";"GNB978499445261";"Geprüft";"GEL957609431684";"";"";"";"";""
"GEE987460501677";"GAA_Ramstein";"In Betrieb";"23.11.2012";"";"23.11.2020";"4066";"Biomethan-Erzeugung";"Rheinland-Pfalz";"66877";"Ramstein-Miesenbach";"Robert-Bosch-Straße";"15";"";"";"49,440901";"7,527706";"ABO Kraft & Wärme Ramstein GmbH＆ Co. KG";"ABR945986075188";"23.11.2020";"";"";"Stadtwerke Ramstein-Miesenbach GmbH (GNB982493003235)";"GNB982493003235";"Geprüft";"GEL903653768863";"";"";"";"";""
"GEE968121987009";"BGAA Werlte";"In Betrieb";"1.7.2013";"";"25.11.2020";"7350";"Biomethan-Erzeugung";"Niedersachsen";"49757";"Werlte";"";"";"Loruper Straße 1, 49757 Werlte";"Flur 5: 200/3, 201/3";"52,87057";"7,672014";"Alterric Biogas GmbH & Co. KG";"ABR939152027583";"19.3.2026";"";"";"EWE NETZ GmbH (GNB926541210565)";"GNB926541210565";"Geprüft";"GEL974744879690";"";"";"";"";""
"GEE912998915351";"Breeser Weg - BGAA";"In Betrieb";"1.1.2011";"";"28.11.2020";"3000";"Biomethan-Erzeugung";"Niedersachsen";"29451";"Dannenberg";"Breeser Weg";"19";"";"";"53,106264";"11,128488";"Kraft und Stoff Dannenberg GmbH & Co KG";"ABR934105086754";"10.2.2025";"";"";"Avacon Netz GmbH (GNB974540795811)";"GNB974540795811";"Geprüft";"GEL917027690421";"";"";"";"";""
"GEE982058576228";"BGA 2b";"In Betrieb";"1.9.2015";"";"8.12.2020";"4179,56";"Biomethan-Erzeugung";"Sachsen-Anhalt";"38489";"Beetzendorf";"Tangelner Straße";"6";"";"";"52,695168";"11,076447";"BioEnergie Beetzendorf GmbH";"ABR956820512196";"8.12.2020";"";"";"Avacon Netz GmbH (GNB974540795811)";"GNB974540795811";"Geprüft";"GEL924255409770";"";"";"";"";""
"GEE989562465574";"BGEA PfP";"In Betrieb";"17.11.2021";"";"3.2.2022";"13000";"Biomethan-Erzeugung";"Baden-Württemberg";"73432";"Aalen";"Palm Allee";"1";"";"";"48,823866";"10,117615";"Papierfabrik Palm GmbH & Co. KG";"ABR960206468649";"8.1.2026";"";"";"Stadtwerke Aalen GmbH (GNB934706780778)";"GNB934706780778";"Geprüft";"GEL914145073457";"";"";"";"";""
"GEE965381899264";"Rohgasanlage";"In Betrieb";"1.4.2013";"";"10.12.2020";"4255";"Biomethan-Erzeugung";"Niedersachsen";"21258";"Heidenau";"Fuchswinkel";"9";"";"";"53,29697";"9,626291";"Heidkoppel GmbH & Co. KG";"ABR900831586523";"10.12.2020";"";"";"GASCADE Gastransport GmbH (GNB942786520030)";"GNB942786520030";"Geprüft";"GEL964466379288";"";"";"";"";""
"GEE986175346184";"DEL Biogas Biomethanerzeugungsanlage";"In Betrieb";"3.9.2012";"";"10.12.2020";"9000";"Biomethan-Erzeugung";"Sachsen-Anhalt";"39343";"Nordgermersleben";"Bebertaler Straße";"1";"";"";"52,21327";"11,337033";"DEL Biogas GmbH & Co. KG";"ABR973947740523";"10.12.2020";"";"";"Avacon Netz GmbH (GNB974540795811)";"GNB974540795811";"Geprüft";"GEL951607501189";"";"";"";"";""
"GEE900126760591";"BGA Stresow, Biomethananlage";"In Betrieb";"19.4.2011";"";"11.12.2020";"7490";"Biomethan-Erzeugung";"Sachsen-Anhalt";"39291";"Stresow";"Krüssauer Straße";"11";"";"";"52,260913";"12,037972";"biogeen BGA Stresow GmbH";"ABR938624984003";"11.12.2020";"";"";"Avacon Hochdrucknetz GmbH (GNB942216884343)";"GNB942216884343";"In Prüfung";"GEL908020759215";"";"";"";"";""
"GEE990150723334";"BGA Lambsborn, Biomethananlage";"In Betrieb";"24.7.2014";"";"11.12.2020";"4360";"Biomethan-Erzeugung";"Rheinland-Pfalz";"66894";"Lambsborn";"Auf dem Stecken";"999";"";"";"49,370416";"7,440238";"biogeen BGA Drei GmbH & Co. KG";"ABR993886927694";"27.4.2021";"";"";"Creos Deutschland GmbH (GNB946673500211)";"GNB946673500211";"In Prüfung";"GEL929670763049";"";"";"";"";""
"GEE907435038984";"BGA Könnern, Biomethananlage";"In Betrieb";"4.3.2019";"";"14.12.2020";"8519";"Biomethan-Erzeugung";"Sachsen-Anhalt";"06420";"Könnern";"Südstraße";"12";"";"";"51,662468";"11,790118";"biogeen BGA Drei GmbH & Co. KG";"ABR993886927694";"3.11.2021";"";"";"Mitteldeutsche Netzgesellschaft Gas mbH (GNB982072716822)";"GNB982072716822";"In Prüfung";"GEL939389569603";"";"";"";"";""
"GEE903268776017";"BGA Angermünde, Biomethananlage";"In Betrieb";"16.12.2009";"";"14.12.2020";"7490";"Biomethan-Erzeugung";"Brandenburg";"16278";"Angermünde";"Schmargendorfer Weg";"29";"";"";"52,993182";"13,978475";"biogeen BGA Drei GmbH & Co. KG";"ABR993886927694";"14.12.2020";"";"";"EWE NETZ GmbH (GNB926541210565)";"GNB926541210565";"In Prüfung";"GEL941426894999";"";"";"";"";""
"GEE941272744837";"BGA Lüchow, Biomethananlage";"In Betrieb";"14.9.2009";"";"15.12.2020";"7490";"Biomethan-Erzeugung";"Niedersachsen";"29439";"Lüchow";"Albrecht-Thaer-Straße";"6";"";"";"52,985046";"11,158053";"biogeen BGA Zwei GmbH & Co. KG";"ABR925427341607";"15.12.2020";"";"";"Avacon Hochdrucknetz GmbH (GNB942216884343)";"GNB942216884343";"In Prüfung";"GEL964814417006";"";"";"";"";""
"GEE907329466992";"BGA Wriezen, Biomethananlage";"In Betrieb";"30.3.2011";"";"15.12.2020";"7490";"Biomethan-Erzeugung";"Brandenburg";"16269";"Wriezen";"Mahlerstraße";"23";"";"";"52,736644";"14,128769";"biogeen BGA Zwei GmbH & Co. KG";"ABR925427341607";"15.12.2020";"";"";"EWE NETZ GmbH (GNB926541210565)";"GNB926541210565";"In Prüfung";"GEL975696471253";"";"";"";"";""
"GEE957865367161";"BGA Heygendorf, Biomethananlage";"In Betrieb";"2.5.2015";"";"15.12.2020";"4426";"Biomethan-Erzeugung";"Thüringen";"06556";"Artern";"Straße der Einheit";"131 a";"";"";"51,349837";"11,366422";"biogeen BGA Zwei GmbH & Co. KG";"ABR925427341607";"29.7.2024";"";"";"Mitteldeutsche Netzgesellschaft Gas mbH (GNB982072716822)";"GNB982072716822";"In Prüfung";"GEL924955398176";"";"";"";"";""
"GEE976112070814";"BGA Hage, Biomethananlage";"In Betrieb";"3.5.2013";"";"15.12.2020";"3500";"Biomethan-Erzeugung";"Niedersachsen";"26524";"Hage";"Krumme Sieben";"6";"";"";"53,618728";"7,29841";"biogeen Biomethan Zwei GmbH & Co. KG";"ABR940108811262";"15.12.2020";"";"";"EWE NETZ GmbH (GNB926541210565)";"GNB926541210565";"In Prüfung";"GEL935990546057";"";"";"";"";""
"GEE901816207792";"BGA Trebbin, Biomethananlage";"In Betrieb";"12.11.2012";"";"15.12.2020";"3745";"Biomethan-Erzeugung";"Brandenburg";"14959";"Trebbin";"Zur Biogasanlage";"1";"";"";"52,189752";"13,241535";"EBI II Biomethan GmbH & Co. KG";"ABR989705983507";"14.2.2025";"";"";"NBB Netzgesellschaft Berlin-Brandenburg mbH & Co. KG (GNB945506478819)";"GNB945506478819";"Geprüft";"GEL963190903530";"";"";"";"";""
"GEE921999434976";"BGAA-Wolfshagen";"In Betrieb";"24.9.2014";"";"15.12.2020";"7700";"Biomethan-Erzeugung";"Brandenburg";"16928";"Groß Pankow";"Putlitzer Straße";"8a";"";"";"53,152817";"12,011971";"BALANCE Erneuerbare Energien GmbH";"ABR925283076712";"21.8.2024";"";"";"ONTRAS Gastransport GmbH (GNB978499445261)";"GNB978499445261";"Geprüft";"GEL929358745237";"";"";"";"";""
"GEE949337624414";"BGA Blankenhain, Biomethananlage";"In Betrieb";"17.10.2011";"";"15.12.2020";"7470";"Biomethan-Erzeugung";"Thüringen";"99444";"Blankenhain";"Am Amselberg";"9";"";"";"50,880409";"11,459751";"energielenker BGA Blankenhain GmbH";"ABR964174539820";"21.3.2023";"";"";"TEN Thüringer Energienetze GmbH & Co. KG (GNB993730123142)";"GNB993730123142";"In Prüfung";"GEL996962976746";"";"";"";"";""
"GEE988608435908";"BGA Kannawurf, Biomethananlage";"In Betrieb";"8.11.2013";"";"15.12.2020";"7490";"Biomethan-Erzeugung";"Thüringen";"99638";"Kindelbrück";"Oberaue";"1";"";"";"51,268288";"11,104176";"energielenker BGA Kannawurf GmbH";"ABR912172303783";"23.9.2025";"";"";"TEN Thüringer Energienetze GmbH & Co. KG (GNB993730123142)";"GNB993730123142";"In Prüfung";"GEL949673977809";"";"";"";"";""
"GEE958237700128";"Hahnennest-EPH";"In Betrieb";"15.3.2012";"";"16.12.2020";"7700";"Biomethan-Erzeugung";"Baden-Württemberg";"88356";"Ostrach";"Hahnennest";"100";"";"";"47,920948";"9,323126";"Energiepark Hahnennest GmbH & Co. KG";"ABR905478027057";"7.8.2025";"";"";"terranets bw GmbH (GNB956685184453)";"GNB956685184453";"Geprüft";"GEL991832798398";"";"";"";"";""
"GEE946264567432";"BGA Satuelle, BGAA 1";"In Betrieb";"1.4.2012";"";"16.12.2020";"7490";"Biomethan-Erzeugung";"Sachsen-Anhalt";"39345";"Satuelle";"Hauptstraße (Satuelle)";"67";"";"";"52,327846";"11,38168";"BALANCE Erneuerbare Energien GmbH";"ABR925283076712";"12.1.2021";"";"";"ONTRAS Gastransport GmbH (GNB978499445261)";"GNB978499445261";"Geprüft";"GEL975886782688";"";"";"";"";""
"GEE934997384877";"BGA Satuelle, BGAA 2";"In Betrieb";"16.4.2015";"";"16.12.2020";"7490";"Biomethan-Erzeugung";"Sachsen-Anhalt";"39345";"Satuelle";"Hauptstraße (Satuelle)";"67";"";"";"52,327846";"11,38168";"BALANCE Erneuerbare Energien GmbH";"ABR925283076712";"12.1.2021";"";"";"ONTRAS Gastransport GmbH (GNB978499445261)";"GNB978499445261";"Geprüft";"GEL960922337809";"";"";"";"";""
"GEE977861356433";"BGA Oebisfelde, BGAA 1";"In Betrieb";"19.6.2013";"";"16.12.2020";"7490";"Biomethan-Erzeugung";"Sachsen-Anhalt";"39646";"Oebisfelde";"Krumme Breite";"2";"";"";"52,443722";"10,991414";"BALANCE Erneuerbare Energien GmbH";"ABR925283076712";"12.1.2021";"";"";"LSW Netz GmbH & Co. KG (GNB948413999798)";"GNB948413999798";"Geprüft";"GEL909649391442";"";"";"";"";""
"GEE939365965085";"BGA Oebisfelde, BGAA 2";"In Betrieb";"4.9.2014";"";"16.12.2020";"7490";"Biomethan-Erzeugung";"Sachsen-Anhalt";"39646";"Oebisfelde";"Krumme Breite";"2";"";"";"52,443722";"10,991414";"BALANCE Erneuerbare Energien GmbH";"ABR925283076712";"12.1.2021";"";"";"LSW Netz GmbH & Co. KG (GNB948413999798)";"GNB948413999798";"Geprüft";"GEL957682603602";"";"";"";"";""
"GEE985903323626";"BGA Lenzen, BGAA";"In Betrieb";"20.4.2016";"";"16.12.2020";"8580";"Biomethan-Erzeugung";"Brandenburg";"19309";"Lenzen";"Lange Felder";"7";"";"";"53,103799";"11,483669";"BALANCE Erneuerbare Energien GmbH";"ABR925283076712";"8.2.2021";"";"";"HanseGas GmbH (GNB946401010951)";"GNB946401010951";"Geprüft";"GEL941465948615";"";"";"";"";""
"GEE925717802092";"BGA Vettin, BGAA";"In Betrieb";"4.12.2016";"";"17.12.2020";"7490";"Biomethan-Erzeugung";"Brandenburg";"16928";"Groß Pankow";"";"";"Vettin";"Flur 2, 017";"53,03819";"12,16442";"BALANCE Erneuerbare Energien GmbH";"ABR925283076712";"12.1.2021";"";"";"E.DIS Netz GmbH (GNB937784972783)";"GNB937784972783";"Geprüft";"GEL988558619144";"";"";"";"";""
"GEE993154838639";"GreenGas Rathenow";"In Betrieb";"30.6.2009";"";"18.12.2020";"7420";"Biomethan-Erzeugung";"Brandenburg";"14712";"Rathenow";"Am Heidefeld";"14";"";"";"52,568414";"12,336283";"GreenGas Produktionsanlage Rathenow GmbH & Co. KG";"ABR967925583165";"18.12.2020";"";"";"NBB Netzgesellschaft Berlin-Brandenburg mbH & Co. KG (GNB945506478819)";"GNB945506478819";"Geprüft";"GEL985553645635";"";"";"";"";""
"GEE921447812622";"MVV Biogas Barby - Gaseinheit";"In Betrieb";"26.5.2015";"";"21.12.2020";"7500";"Biomethan-Erzeugung";"Sachsen-Anhalt";"39249";"Barby";"Calbenser Straße";"5";"";"";"51,954369";"11,863209";"MVV Biomethan GmbH";"ABR906272464789";"11.12.2024";"";"";"Energie Mittelsachsen GmbH (GNB915870017488)";"GNB915870017488";"Geprüft";"GEL992463880520";"";"";"";"";""
"GEE914504605350";"MVV Biogas Staßfurt - Gaseinheit";"In Betrieb";"12.5.2015";"";"23.12.2020";"7500";"Biomethan-Erzeugung";"Sachsen-Anhalt";"39418";"Staßfurt";"Calbesche Straße (Staßfurt)";"23";"";"";"51,859562";"11,598427";"MVV Biomethan GmbH";"ABR906272464789";"11.12.2024";"";"";"Energie Mittelsachsen GmbH (GNB915870017488)";"GNB915870017488";"Geprüft";"GEL911870641197";"";"";"";"";""
"GEE986725026955";"MVV Biogas Kroppenstedt";"In Betrieb";"19.2.2014";"";"23.12.2020";"7500";"Biomethan-Erzeugung";"Sachsen-Anhalt";"39397";"Kroppenstedt";"Hadmerslebener Straße";"9a";"";"";"51,95329";"11,298177";"MVV Biomethan GmbH";"ABR906272464789";"11.12.2024";"";"";"Energie Mittelsachsen GmbH (GNB915870017488)";"GNB915870017488";"Geprüft";"GEL976419875839";"";"";"";"";""
"GEE978188011708";"MVV Biogas Klein Wanzleben";"In Betrieb";"4.9.2012";"";"23.12.2020";"7500";"Biomethan-Erzeugung";"Sachsen-Anhalt";"39164";"Wanzleben-Börde";"Magdeburger Landstraße";"34a";"";"";"52,068101";"11,387916";"MVV Biomethan GmbH";"ABR906272464789";"11.12.2024";"";"";"Avacon Netz GmbH (GNB974540795811)";"GNB974540795811";"Geprüft";"GEL988269452221";"";"";"";"";""
"GEE988720343822";"HPP- Biogasaufbereitungsanlage";"In Betrieb";"1.2.2012";"";"5.1.2021";"3430";"Biomethan-Erzeugung";"Niedersachsen";"27404";"Seedorf";"Schulstraße";"3";"";"";"53,329401";"9,218404";"HPP Biogas GmbH";"ABR992840307701";"5.1.2021";"";"";"EWE NETZ GmbH (GNB926541210565)";"GNB926541210565";"Geprüft";"GEL984257394498";"";"";"";"";""
"GEE929638143128";"BGA Brandis";"In Betrieb";"17.4.2013";"";"7.1.2021";"8298";"Biomethan-Erzeugung";"Sachsen";"04821";"Brandis";"Am Alten Flugplatz";"9";"";"";"51,333422";"12,647312";"VORN Bioenergy BGA Brandis GmbH & Co. KG";"ABR912731199932";"5.10.2022";"";"";"Mitteldeutsche Netzgesellschaft Gas mbH (GNB982072716822)";"GNB982072716822";"Geprüft";"GEL910084940027";"";"";"";"";""
"GEE924947454576";"BGA Dessau";"In Betrieb";"15.10.2013";"";"8.1.2021";"3490";"Biomethan-Erzeugung";"Sachsen-Anhalt";"39619";"Arendsee";"Dessau";"30";"";"";"52,809299";"11,475422";"LSKD Bioenergie";"ABR991071289107";"12.1.2021";"";"";"Avacon Hochdrucknetz GmbH (GNB942216884343)";"GNB942216884343";"Geprüft";"GEL904908687748";"";"";"";"";""
"GEE916203948950";"BGAA";"In Betrieb";"1.3.2010";"";"11.1.2021";"3789";"Biomethan-Erzeugung";"Hessen";"34628";"Willingshausen";"An der Biogasanlage";"1";"";"";"50,891612";"9,206692";"Schwälmer Biogas GmbH & Co. KG";"ABR915671620917";"11.1.2021";"";"";"EAM Netz GmbH (GNB951481558699)";"GNB951481558699";"Geprüft";"GEL997156741218";"";"";"";"";""
"GEE950083632998";"BGA Gollhofen";"In Betrieb";"11.7.2011";"";"12.1.2021";"7500";"Biomethan-Erzeugung";"Bayern";"97258";"Gollhofen";"Südstraße";"1";"";"";"49,584595";"10,180387";"Gollipp Bioerdgas GmbH & Co. KG";"ABR972751488782";"16.12.2021";"";"";"N-ERGIE Netz GmbH (GNB928262590957)";"GNB928262590957";"Geprüft";"GEL974830930588";"";"";"";"";""
"GEE951809976037";"Biogaserzeungsanlage Rostock Ost-West Str. 22";"In Betrieb";"10.2.2011";"";"14.1.2021";"3675";"Biomethan-Erzeugung";"Mecklenburg-Vorpommern";"18147";"Rostock";"Ost-West-Str.";"22";"";"";"54,144321";"12,139804";"HanseWerk Natur GmbH";"ABR978348168945";"14.1.2021";"";"";"Stadtwerke Rostock Aktiengesellschaft (GNB972298010989)";"GNB972298010989";"Geprüft";"GEL970366674927";"";"";"";"";""
"GEE990471875590";"Biogasanlage Kallmünz/Eich";"In Betrieb";"17.4.2011";"";"18.1.2021";"6750";"Biomethan-Erzeugung";"Bayern";"93183";"Kallmünz";"Grabenhof";"2";"";"";"49,180076";"11,96466";"REGAS GmbH & Co. KG";"ABR926906468761";"19.1.2021";"";"";"Bayernwerk Netz GmbH (GNB983614146879)";"GNB983614146879";"Geprüft";"GEL937271147632";"";"";"";"";""
"GEE934065594092";"Biogasaufbereitung";"In Betrieb";"1.12.2008";"";"15.1.2021";"7000";"Biomethan-Erzeugung";"Bayern";"86747";"Maihingen";"Energieweg";"5";"";"";"48,91991";"10,519125";"Biogas Maihingen GbR";"ABR910166956793";"1.3.2021";"";"";"schwaben netz gmbh (GNB971688551903)";"GNB971688551903";"Geprüft";"GEL995828184851";"";"";"";"";""
"GEE919189020405";"BGAA Holleben";"In Betrieb";"16.8.2011";"";"18.1.2021";"8851";"Biomethan-Erzeugung";"Sachsen-Anhalt";"06179";"Teutschenthal";"Lange Lauchstädter Straße";"53";"";"";"51,437293";"11,853007";"Biogas Produktion Holleben GmbH";"ABR931872712961";"27.11.2021";"";"";"Mitteldeutsche Netzgesellschaft Gas mbH (GNB982072716822)";"GNB982072716822";"Geprüft";"GEL965967345369";"";"";"";"";""
"GEE993787609644";"BGAA Nonnendorf";"In Betrieb";"17.12.2014";"";"18.1.2021";"7490";"Biomethan-Erzeugung";"Brandenburg";"14913";"Nonnendorf";"Schlenzer Weg";"20";"";"";"51,916657";"13,259828";"Biogas Produktion Nonnendorf GmbH & Co.KG";"ABR994792332619";"18.1.2021";"";"";"GASCADE Gastransport GmbH (GNB942786520030)";"GNB942786520030";"Geprüft";"GEL993252685715";"";"";"";"";""
"GEE947902764183";"BGAA Quesitz";"In Betrieb";"23.12.2011";"";"18.1.2021";"7490";"Biomethan-Erzeugung";"Sachsen";"04420";"Markranstädt";"Zum Floßgraben";"60";"";"";"51,273841";"12,187873";"Naturgas Quesitz GmbH";"ABR912693131469";"18.1.2021";"";"";"ONTRAS Gastransport GmbH (GNB978499445261)";"GNB978499445261";"Geprüft";"GEL911650922140";"";"";"";"";""
"GEE950314531601";"BGAA Röblingen";"In Betrieb";"5.9.2012";"";"18.1.2021";"7745";"Biomethan-Erzeugung";"Sachsen-Anhalt";"06317";"Seegebiet Mansfelder Land";"Industriestraße";"9";"";"";"51,436151";"11,738938";"Biogas Produktion Röblingen GmbH";"ABR919742230814";"3.11.2021";"";"";"Mitteldeutsche Netzgesellschaft Gas mbH (GNB982072716822)";"GNB982072716822";"Geprüft";"GEL928692399663";"";"";"";"";""
"GEE964590598517";"BGAA Vehlefanz";"In Betrieb";"21.2.2013";"";"18.1.2021";"7490";"Biomethan-Erzeugung";"Brandenburg";"16727";"Oberkrämer";"Im Gewerbepark";"5";"";"";"52,710014";"13,11567";"Biogas-Produktion Vehlefanz GmbH";"ABR994574301185";"18.1.2021";"";"";"NBB Netzgesellschaft Berlin-Brandenburg mbH & Co. KG (GNB945506478819)";"GNB945506478819";"Geprüft";"GEL947120836037";"";"";"";"";""
"GEE927407689112";"BGAA Seelow Ost";"In Betrieb";"27.9.2014";"";"18.1.2021";"7490";"Biomethan-Erzeugung";"Brandenburg";"15306";"Seelow";"Loos";"1";"";"";"52,54714";"14,423383";"Biogas Produktion Seelow GmbH";"ABR963787297226";"18.1.2021";"";"";"EWE NETZ GmbH (GNB926541210565)";"GNB926541210565";"Geprüft";"GEL933499309418";"";"";"";"";""
"GEE976218999132";"BGAA West Seelow";"In Betrieb";"29.7.2011";"";"18.1.2021";"7490";"Biomethan-Erzeugung";"Brandenburg";"15306";"Seelow";"Loos";"1";"";"";"52,547318";"14,423745";"Biogas Produktion Seelow GmbH";"ABR963787297226";"18.1.2021";"";"";"EWE NETZ GmbH (GNB926541210565)";"GNB926541210565";"Geprüft";"GEL952981337951";"";"";"";"";""
"GEE965161788894";"Carbotech Gasaufbereitung und Einspreisung";"In Betrieb";"15.10.2013";"";"19.1.2021";"4250";"Biomethan-Erzeugung";"Bayern";"91330";"Eggolsheim";"Bammersdorfer Straße";"20";"";"";"49,757973";"11,061864";"Bioerdgas Eggolsheim GmbH";"ABR966516674930";"21.1.2021";"";"";"Bayernwerk Netz GmbH (GNB983614146879)";"GNB983614146879";"Geprüft";"GEL965998696638";"";"";"";"";""
"GEE921644850922";"Biogasanlage Weikersheim";"In Betrieb";"24.7.2014";"";"20.1.2021";"4510";"Biomethan-Erzeugung";"Baden-Württemberg";"97941";"Tauberbischofsheim";"Gartenstraße";"1";"";"";"49,452651";"9,887671";"EnBW Biogas GmbH";"ABR934689619201";"30.5.2022";"";"";"Stadtwerk Tauberfranken GmbH (GNB973928624521)";"GNB973928624521";"Geprüft";"GEL998503340641";"";"";"";"";""
"GEE939041736770";"Klärwerk GALA";"In Betrieb";"22.3.2011";"";"20.1.2021";"13500";"Biomethan-Erzeugung";"Hamburg";"20457";"Hamburg";"Köhlbranddeich";"1";"";"";"53,535635";"9,940396";"Hamburger Stadtentwässerung";"ABR921116953205";"20.1.2021";"";"";"Gasnetz Hamburg GmbH (GNB926778713341)";"GNB926778713341";"Geprüft";"GEL910911087512";"";"";"";"";""
"GEE983712663575";"ASVK Erste Energie GmbH & Co. KG";"In Betrieb";"4.11.2011";"";"21.1.2021";"7700";"Biomethan-Erzeugung";"Mecklenburg-Vorpommern";"19243";"Wittendörp";"Alter Frachtweg";"1";"";"";"53,530323";"11,051678";"ASVK Erste Energie";"ABR928380140805";"17.3.2021";"";"";"HanseGas GmbH (GNB946401010951)";"GNB946401010951";"Geprüft";"GEL935622815216";"";"";"";"";""
"GEE963797243633";"Jürgenshagen";"In Betrieb";"28.11.2011";"";"20.1.2021";"3840";"Biomethan-Erzeugung";"Mecklenburg-Vorpommern";"18246";"Jürgenshagen";"Gischower Weg";"116 a";"";"";"53,939241";"11,888205";"Agrargesellschaft Jürgenshagen mbH";"ABR985365381714";"29.12.2021";"";"";"Stadtwerke Rostock Aktiengesellschaft (GNB972298010989)";"GNB972298010989";"Geprüft";"GEL976549153951";"";"";"";"";""
"GEE985909732255";"BGAA Güstrow";"In Betrieb";"2.6.2009";"";"21.1.2021";"54000";"Biomethan-Erzeugung";"Mecklenburg-Vorpommern";"18273";"Güstrow";"Am Langen Bruch";"1";"";"";"53,826701";"12,193127";"EnviTec Bioenergie Güstrow GmbH";"ABR944582532675";"21.4.2021";"";"";"ONTRAS Gastransport GmbH (GNB978499445261)";"GNB978499445261";"Geprüft";"GEL988638593494";"";"";"";"";""
"GEE954458780697";"Gasproduktion";"In Betrieb";"1.11.2012";"";"22.1.2021";"7812";"Biomethan-Erzeugung";"Nordrhein-Westfalen";"52391";"Vettweiß";"Am Mersheimer Graben";"15";"";"";"50,74518";"6,6094";"Agrarenergie Vettweiß GmbH";"ABR953739287061";"22.1.2021";"";"";"Westnetz GmbH (GNB921497217583)";"GNB921497217583";"Geprüft";"GEL941537605682";"";"";"";"";""
"GEE950930288583";"EVN Biomethan";"In Betrieb";"1.1.2015";"";"21.1.2021";"3959";"Biomethan-Erzeugung";"Thüringen";"99734";"Nordhausen";"Alte Leipziger Straße";"52";"";"";"51,490261";"10,834718";"Energieversorgung Nordhausen - Biomethan GmbH";"ABR939341926826";"21.1.2021";"";"";"Nordhausen Netz GmbH (GNB916602012603)";"GNB916602012603";"Geprüft";"GEL919113352404";"";"";"";"";""
"GEE950475520667";"Verbio Pinnow GmbH";"In Betrieb";"14.8.2019";"";"25.1.2021";"15750";"Biomethan-Erzeugung";"Brandenburg";"16278";"Pinnow";"Industrie- und Gewerbegebiet";"43 a";"";"";"53,059659";"14,111644";"VERBIO SE";"ABR973359039222";"25.1.2021";"";"";"EWE NETZ GmbH (GNB926541210565)";"GNB926541210565";"In Prüfung";"GEL988143299881";"";"";"";"";""
"GEE971925479908";"Rosche Gaserzeugung";"In Betrieb";"16.7.2012";"";"25.1.2021";"3500";"Biomethan-Erzeugung";"Niedersachsen";"29571";"Rosche";"Deponiestraße";"7";"";"";"52,994836";"10,763886";"uegas GmbH & Co.KG";"ABR960658335483";"27.1.2021";"";"";"Gasunie Deutschland Transport Services GmbH (GNB977224579929)";"GNB977224579929";"Geprüft";"GEL945065406865";"";"";"";"";""
"GEE904840609556";"Biomethananlage Horn-Bad Meinberg";"In Betrieb";"21.9.2009";"";"26.1.2021";"10000";"Biomethan-Erzeugung";"Nordrhein-Westfalen";"32805";"Horn-Bad Meinberg";"Wilberger Straße";"74";"";"";"51,882453";"8,947722";"VORN Bioenergy BGA Horn GmbH & Co. KG";"ABR947926389294";"27.1.2021";"";"";"Westnetz GmbH (GNB921497217583)";"GNB921497217583";"Geprüft";"GEL995426161698";"";"";"";"";""
"GEE903911771543";"Biogasanlage Weißenborn-Lüderode";"In Betrieb";"12.9.2013";"";"26.1.2021";"3815";"Biomethan-Erzeugung";"Thüringen";"37345";"Sonnenstein";"";"";"Im kleinen Körbchen";"5: 084";"51,520514";"10,455091";"EW Eichsfeldgas GmbH";"ABR920907800797";"26.1.2021";"";"";"EW Eichsfeldgas GmbH (GNB938200492403)";"GNB938200492403";"Geprüft";"GEL966873426906";"";"";"";"";""
"GEE956247500202";"BGA 2";"In Betrieb";"1.7.2013";"";"27.1.2021";"2000";"Biomethan-Erzeugung";"Hessen";"35108";"Allendorf";"Viessmannstraße (Allendorf)";"1";"";"";"51,030003";"8,677321";"Bio-Energie Allendorf GmbH";"ABR908172872848";"2.5.2024";"";"";"Energie Waldeck-Frankenberg GmbH (GNB970634176405)";"GNB970634176405";"Geprüft";"GEL904974463567";"";"";"";"";""
"GEE987418836325";"Biogasanlage mit Gasaufbereitung";"In Betrieb";"3.11.2014";"";"27.1.2021";"3201";"Biomethan-Erzeugung";"Thüringen";"99310";"Arnstadt";"In Dannheim";"34 b";"";"";"50,798692";"10,98486";"Bioenergie Dannheim GmbH";"ABR997537559623";"19.9.2023";"";"";"TEN Thüringer Energienetze GmbH & Co. KG (GNB993730123142)";"GNB993730123142";"Geprüft";"GEL986422256747";"";"";"";"";""
"GEE936767769976";"Raitzen";"In Betrieb";"7.8.2015";"";"29.1.2021";"6085";"Biomethan-Erzeugung";"Sachsen";"04769";"Naundorf";"Landweg";"2";"";"";"51,262718";"13,194444";"Biomethan Produktion Raizen GmbH";"ABR943231902395";"10.5.2025";"";"";"Mitteldeutsche Netzgesellschaft Gas mbH (GNB982072716822)";"GNB982072716822";"Geprüft";"GEL918093464701";"";"";"";"";""
"GEE971654452678";"Erdeborn";"In Betrieb";"20.4.2017";"";"29.1.2021";"6085";"Biomethan-Erzeugung";"Sachsen-Anhalt";"06317";"Seegebiet Mansfelder Land";"Lüttchendorfer Straße";"2";"";"";"51,485309";"11,616144";"Biomethan Produktion Erdeborn GmbH";"ABR907142735053";"10.5.2025";"";"";"Mitteldeutsche Netzgesellschaft Gas mbH (GNB982072716822)";"GNB982072716822";"Geprüft";"GEL976126720279";"";"";"";"";""
"GEE997453269675";"Thierbach";"In Betrieb";"15.5.2016";"";"29.1.2021";"7500";"Biomethan-Erzeugung";"Sachsen";"04567";"Kitzscher";"Rathenaustraße";"10";"";"";"51,165524";"12,516862";"Biomethan Produktion Thierbach GmbH";"ABR906698494247";"10.5.2025";"";"";"ONTRAS Gastransport GmbH (GNB978499445261)";"GNB978499445261";"Geprüft";"GEL946669566313";"";"";"";"";""
"GEE974206966357";"Torgelow";"In Betrieb";"12.4.2018";"";"29.1.2021";"7500";"Biomethan-Erzeugung";"Mecklenburg-Vorpommern";"17358";"Torgelow";"Robert-Bosch-Straße";"1";"";"";"53,636781";"13,98683";"Biomethan Produktion Torgelow GmbH";"ABR959354865295";"10.5.2025";"";"";"E.DIS Netz GmbH (GNB937784972783)";"GNB937784972783";"In Prüfung";"GEL974579484502";"";"";"";"";""
"GEE982641331968";"Biomethan";"In Betrieb";"1.11.2011";"";"29.1.2021";"7700";"Biomethan-Erzeugung";"Schleswig-Holstein";"24994";"Osterby";"Schletengweg";"";"";"";"54,795422";"9,202464";"Biomethan Osterby GmbH & Co. KG";"ABR944403877992";"31.8.2023";"";"";"Schleswig-Holstein Netz GmbH (GNB930096964552)";"GNB930096964552";"Geprüft";"GEL964250525334";"";"";"";"";""
"GEE905550880464";"Lauenburgische Energiegenossenschaft eG_BGAA Lanken";"In Betrieb";"1.9.2010";"";"30.1.2021";"3850";"Biomethan-Erzeugung";"Schleswig-Holstein";"21493";"Elmenhorst";"Besenbinderstraße";"3";"";"";"53,531845";"10,515562";"Lauenburgische Energiegenossenschaft eG";"ABR923321282804";"2.2.2021";"";"";"Schleswig-Holstein Netz GmbH (GNB930096964552)";"GNB930096964552";"Geprüft";"GEL976710970288";"";"";"";"";""
"GEE938351437605";"Lauenburgische Energiegenossenschaft eG_BGAA Zernin";"In Betrieb";"1.1.2012";"";"30.1.2021";"7490";"Biomethan-Erzeugung";"Mecklenburg-Vorpommern";"18249";"Zernin";"Lindenberg";"1";"";"";"53,789669";"11,930884";"Lauenburgische Energiegenossenschaft eG";"ABR923321282804";"1.2.2021";"";"";"ONTRAS Gastransport GmbH (GNB978499445261)";"GNB978499445261";"Geprüft";"GEL970177459621";"";"";"";"";""
"GEE932634797530";"Motor2";"In Betrieb";"7.8.2008";"";"31.1.2021";"2745";"Biomethan-Erzeugung";"Bayern";"92712";"Pirk";"Lindenhof";"1";"";"";"49,640546";"12,167016";"natürliche Person (ABR968600444801)";"ABR968600444801";"31.1.2021";"";"";"Bayernwerk Netz GmbH (GNB983614146879)";"GNB983614146879";"Geprüft";"GEL926547991093";"";"";"";"";""
"GEE941719261620";"BGAA";"In Betrieb";"15.6.2015";"";"1.2.2021";"600";"Biomethan-Erzeugung";"Niedersachsen";"26907";"Walchum";"Torfmoorweg";"3";"";"";"52,914778";"7,230843";"BioMethan Terhorst GmbH & Co. KG";"ABR988554837375";"1.2.2021";"";"";"EWE NETZ GmbH (GNB926541210565)";"GNB926541210565";"Geprüft";"GEL987659008208";"";"";"";"";""
"GEE984106944508";"BGA Gordemitz, BGAA";"In Betrieb";"26.1.2021";"";"2.2.2021";"7500";"Biomethan-Erzeugung";"Sachsen";"04838";"Jesewitz";"Betriebsstraße MB";"1";"";"";"51,40335";"12,542832";"BALANCE Erneuerbare Energien GmbH";"ABR925283076712";"2.5.2024";"";"";"ONTRAS Gastransport GmbH (GNB978499445261)";"GNB978499445261";"Geprüft";"GEL948325881082";"";"";"";"";""
"GEE948368163404";"Stadtreinigung Hamburg AöR BKW Bützberg";"In Betrieb";"1.2.2012";"";"4.2.2021";"3850";"Biomethan-Erzeugung";"Schleswig-Holstein";"22889";"Tangstedt";"Wulksfelder Damm";"2";"";"";"53,725057";"10,102501";"MVR Müllverwertung Rugenberger Damm GmbH";"ABR903858935077";"17.1.2025";"";"";"Schleswig-Holstein Netz GmbH (GNB930096964552)";"GNB930096964552";"Geprüft";"GEL920486711897";"";"";"";"";""
"GEE951632638409";"Biomassezentrum Stausebach";"In Betrieb";"1.8.2014";"";"11.3.2021";"750";"Biomethan-Erzeugung";"Hessen";"35274";"Kirchhain";"";"";"Stausebach";"Flur 1,   Flurstück 98, 99, 100, 101/1,103, 104/1, 104/2";"50,832495";"8,908054";"EAM Natur Energie GmbH";"ABR994319947715";"17.8.2022";"";"";"EAM Netz GmbH (GNB951481558699)";"GNB951481558699";"Geprüft";"GEL905459710787";"";"";"";"";""
"GEE960672690049";"Biogasaufbereitungsanlage";"In Betrieb";"22.12.2011";"";"24.3.2021";"3710";"Biomethan-Erzeugung";"Niedersachsen";"29386";"Hankensbüttel";"Teichweg";"9";"";"";"52,722713";"10,618946";"Bioerdgas Isenhagen GmbH";"ABR979213807433";"24.3.2021";"";"";"LSW Netz GmbH & Co. KG (GNB948413999798)";"GNB948413999798";"Geprüft";"GEL983560365553";"";"";"";"";""
"GEE995220174719";"BGAA Soltau";"In Betrieb";"12.1.2021";"";"1.7.2021";"8470";"Biomethan-Erzeugung";"Niedersachsen";"29614";"Soltau";"Wüsthof";"8";"";"";"52,950889";"9,777668";"Biomethan Soltau GmbH";"ABR934896764459";"1.7.2021";"";"";"Gasunie Deutschland Transport Services GmbH (GNB977224579929)";"GNB977224579929";"Geprüft";"GEL998427908491";"";"";"";"";""
"GEE922660517875";"BGAA Platten";"In Betrieb";"1.5.2016";"";"21.12.2021";"7840";"Biomethan-Erzeugung";"Rheinland-Pfalz";"54518";"Platten";"";"";"Auf dem Wahlholzer Flur";"Flur33: 131/3";"49,962042";"6,958666";"NatürlichEnergie EMH GmbH";"ABR929463139327";"21.12.2021";"";"";"Creos Deutschland GmbH (GNB946673500211)";"GNB946673500211";"Geprüft";"GEL935336820452";"";"";"";"";""
"GEE954652284441";"BGAA Grabsleben 1";"In Betrieb";"1.10.2010";"";"9.9.2021";"3800";"Biomethan-Erzeugung";"Thüringen";"99869";"Drei Gleichen";"Nottleber Straße";"3";"";"";"50,941777";"10,838213";"Ohra Energie GmbH";"ABR985828296944";"9.9.2021";"";"";"Ferngas Netzgesellschaft mbH (GNB953102331681)";"GNB953102331681";"Geprüft";"GEL910435675387";"";"";"";"";""
"GEE995741190076";"BGAA Grabsleben 2";"In Betrieb";"1.10.2019";"";"9.9.2021";"3800";"Biomethan-Erzeugung";"Thüringen";"99869";"Drei Gleichen";"Nottleber Straße";"3";"";"";"50,941777";"10,838213";"Ohra Energie GmbH";"ABR985828296944";"9.9.2021";"";"";"Ferngas Netzgesellschaft mbH (GNB953102331681)";"GNB953102331681";"Geprüft";"GEL994715355589";"";"";"";"";""
"GEE959862864193";"BGEA Marktoffingen";"In Betrieb";"15.8.2013";"";"23.9.2021";"3500";"Biomethan-Erzeugung";"Bayern";"86748";"Marktoffingen";"Mittelfeld";"1";"";"";"48,921293";"10,482556";"Stadtwerke Schwäbisch Hall GmbH";"ABR948836388698";"20.1.2022";"";"";"schwaben netz gmbh (GNB971688551903)";"GNB971688551903";"Geprüft";"GEL988233246634";"";"";"";"";""
"GEE943020011819";"BGEA Graben";"In Betrieb";"14.5.2008";"";"11.10.2021";"5900";"Biomethan-Erzeugung";"Bayern";"86836";"Graben";"Amazonstraße";"5";"";"";"48,200363";"10,851538";"EBI II Biomethan GmbH & Co. KG";"ABR989705983507";"12.1.2024";"";"";"schwaben netz gmbh (GNB971688551903)";"GNB971688551903";"Geprüft";"GEL965533930081";"";"";"";"";""
"GEE981719251771";"EBI II Gaseinspeisung";"In Betrieb";"15.10.2013";"";"18.10.2021";"3780";"Biomethan-Erzeugung";"Bayern";"91330";"Eggolsheim";"Bammersdorfer Straße";"20";"";"";"49,757973";"11,061864";"EBI II Biomethan GmbH & Co. KG";"ABR989705983507";"14.2.2025";"";"";"Bayernwerk Netz GmbH (GNB983614146879)";"GNB983614146879";"Geprüft";"GEL909595925098";"";"";"";"";""
"GEE920786799274";"Faulbehälter";"In Planung";"";"";"27.10.2021";"1084";"Biomethan-Erzeugung";"Niedersachsen";"26506";"Norden";"Am Norder Tief";"51";"";"";"53,58316";"7,203133";"TDN Technische Dienste Norden - Stadtentwässerung";"ABR977177403449";"27.10.2021";"";"1.11.2021";"Wirtschaftsbetriebe der Stadt Norden GmbH (GNB970056715930)";"GNB970056715930";"";"";"";"";"";"";""
"GEE979491808528";"Biogasaufbereitungsanlage";"In Betrieb";"19.8.2022";"";"5.4.2023";"12840";"Biomethan-Erzeugung";"Nordrhein-Westfalen";"47829";"Krefeld";"Parkstraße";"234";"";"";"51,379643";"6,640328";"EGK Entsorgungsgesellschaft Krefeld GmbH & Co. KG";"ABR932374056560";"5.4.2023";"";"";"Thyssengas GmbH (GNB922736931598)";"GNB922736931598";"Geprüft";"GEL951332021228";"";"";"";"";""
"GEE985858863222";"GAA-Genthin";"In Betrieb";"15.9.2021";"";"4.11.2021";"4536";"Biomethan-Erzeugung";"Sachsen-Anhalt";"39307";"Genthin";"Fritz-Henkel-Straße";"8";"";"";"52,411678";"12,168094";"ReFood GmbH & Co. KG";"ABR992063585658";"16.6.2025";"";"";"Avacon Hochdrucknetz GmbH (GNB942216884343)";"GNB942216884343";"Geprüft";"GEL932044849492";"";"";"";"";""
"GEE922726883739";"Kreislaufwirtschaftsbetriebe Stegelitz GmbH & Co.KG Biogasanlage Güterglück";"In Betrieb";"11.8.2009";"";"18.3.2022";"7000";"Biomethan-Erzeugung";"Sachsen-Anhalt";"39264";"Güterglück";"Bahnhofstrasse";"76a";"";"";"51,997799";"11,985505";"Kreislaufwirtschaftsbetriebe Stegelitz GmbH & Co.KG";"ABR963952494160";"10.6.2022";"";"";"Energie Mittelsachsen GmbH (GNB915870017488)";"GNB915870017488";"Geprüft";"GEL959432027812";"";"";"";"";""
"GEE902224105885";"Kreislaufwirtschaftsbetriebe Stegelitz GmbH & Co.KG  Biogasanlage Stegelitz";"In Planung";"";"";"18.3.2022";"700";"Biomethan-Erzeugung";"Sachsen-Anhalt";"39291";"Möckern";"Dammfeld II";"";"";"";"52,2035";"11,8984";"Kreislaufwirtschaftsbetriebe Stegelitz GmbH & Co.KG";"ABR963952494160";"18.3.2022";"";"1.9.2023";"Avacon Hochdrucknetz GmbH (GNB942216884343)";"GNB942216884343";"";"";"";"";"";"";""
"GEE996347733650";"Biogasaufbereitungsanlage";"In Betrieb";"3.9.2014";"";"19.5.2022";"6860";"Biomethan-Erzeugung";"Sachsen-Anhalt";"06542";"Allstedt";"Allstedter Straße";"23";"";"";"51,423834";"11,350591";"Bioenergie Niederröblingen GmbH";"ABR920968514619";"23.5.2022";"";"";"Mitteldeutsche Netzgesellschaft Gas mbH (GNB982072716822)";"GNB982072716822";"Geprüft";"GEL958327570990";"";"";"";"";""
"GEE999272717221";"BGAA Biburg";"In Betrieb";"13.5.2013";"";"29.7.2022";"5400";"Biomethan-Erzeugung";"Bayern";"93354";"Biburg";"";"";"Biburg";"128/8";"48,782088";"11,862358";"Bioenergie Biburg GmbH&Co.KG";"ABR973499570470";"29.7.2022";"";"";"Energienetze Bayern GmbH & Co. KG (GNB925632528282)";"GNB925632528282";"Geprüft";"GEL966389083167";"";"";"";"";""
"GEE902952621763";"Biomethananlage Mühlacker";"In Betrieb";"18.12.2007";"";"1.8.2022";"5000";"Biomethan-Erzeugung";"Baden-Württemberg";"75417";"Mühlacker";"In den Waldäckern";"43";"";"";"48,952504";"8,888563";"Biomethananlage Mühlacker GmbH & Co. KG";"ABR904001453998";"1.8.2022";"";"";"Stadtwerke Mühlacker GmbH (GNB924784045579)";"GNB924784045579";"Geprüft";"GEL973199163064";"";"";"";"";""
"GEE919709063745";"H.A.I. BioMethan Wittmund GmbH";"In Planung";"";"";"22.11.2024";"13875";"Biomethan-Erzeugung";"Niedersachsen";"26409";"Wittmund";"";"";"Willen";"Flur 17: 16/8, 16/6.";"53,564041";"7,770522";"Biogas Wittmund GmbH & Co. KG";"ABR969092625426";"22.11.2024";"";"1.3.2026";"EWE NETZ GmbH (GNB926541210565)";"GNB926541210565";"";"";"";"";"";"";""
"GEE998229767197";"MVV Bioabfallvergärungsanlage Bernburg";"In Betrieb";"1.2.2022";"";"23.8.2022";"2845";"Biomethan-Erzeugung";"Sachsen-Anhalt";"06406";"Bernburg";"Weststraße";"3";"";"";"51,798807";"11,691399";"MVV Biogas GmbH";"ABR965640731151";"26.8.2022";"";"";"Stadtwerke Bernburg Gasnetz GmbH (GNB920131670265)";"GNB920131670265";"Geprüft";"GEL981879608460";"";"";"";"";""
"GEE982465113733";"BGAA";"In Betrieb";"20.2.2010";"";"25.9.2022";"2500";"Biomethan-Erzeugung";"Nordrhein-Westfalen";"41472";"Neuss";"";"";"Neuss";"Flur009, Flustück 036,166,167";"51,140268";"6,688522";"Königs Pflanzenenergie GmbH & Co KG";"ABR915625367134";"25.9.2022";"";"";"Stadtwerke Neuss Energie und Wasser GmbH (GNB914532647629)";"GNB914532647629";"Geprüft";"GEL950476408827";"";"";"";"";""
"GEE989256056323";"BKW Beerfelde";"In Betrieb";"31.3.2016";"";"6.10.2022";"7742";"Biomethan-Erzeugung";"Brandenburg";"15518";"Steinhöfel";"Beerfelder Weg";"1";"";"";"52,446228";"14,081704";"BKW Beerfelde GmbH &Co. KG";"ABR979400970452";"6.10.2022";"";"";"EWE NETZ GmbH (GNB926541210565)";"GNB926541210565";"Geprüft";"GEL981655643586";"";"";"";"";""
"GEE927963328876";"Erneuerbare Energien Dieckmann - Biomethan";"In Betrieb";"1.10.2024";"";"2.10.2024";"4000";"Biomethan-Erzeugung";"Niedersachsen";"38350";"Helmstedt";"";"";"Helmstedt";"Flur 43, Flurstück 611";"52,214492";"10,99645";"Erneuerbare Energien Dieckmann eG";"ABR955518271674";"2.10.2024";"";"";"Avacon Hochdrucknetz GmbH (GNB942216884343)";"GNB942216884343";"Geprüft";"GEL995546477594";"";"";"";"";""
"GEE929384584497";"Biogas";"In Planung";"";"";"15.1.2023";"0,2";"Biomethan-Erzeugung";"Bayern";"82293";"Mittelstetten";"";"";"";"";"";"";"natürliche Person (ABR903894055142)";"ABR903894055142";"15.1.2023";"";"1.1.2024";"";"";"";"";"";"";"";"";""
"GEE962995441032";"GKW BGAA";"In Betrieb";"21.3.2024";"";"9.4.2024";"4880";"Biomethan-Erzeugung";"Nordrhein-Westfalen";"51061";"Köln";"Egonstr.";"9";"";"";"50,989098";"6,985731";"Stadtentwässerungsbetriebe Köln, AöR";"ABR909584072444";"9.4.2024";"";"";"RheinNetz GmbH (GNB987239037642)";"GNB987239037642";"Geprüft";"GEL981186981713";"";"";"";"";""
"GEE978774933452";"Biogasaufbereitung Dresden";"In Betrieb";"8.10.2021";"";"9.2.2023";"2475";"Biomethan-Erzeugung";"Sachsen";"01109";"Dresden";"Zur Wetterwarte";"21";"";"";"51,130769";"13,781648";"MVV Biogas GmbH";"ABR965640731151";"20.6.2023";"";"";"SachsenNetze HS.HD GmbH (GNB942995849212)";"GNB942995849212";"Geprüft";"GEL990837576260";"";"";"";"";""
"GEE942482430107";"BGAA Schwarzenfeld";"In Betrieb";"20.4.2022";"";"5.5.2023";"12760";"Biomethan-Erzeugung";"Bayern";"92521";"Schwarzenfeld";"Klärwerksstr.";"3";"";"";"49,371019";"12,117207";"BG Bio-Energie GmbH";"ABR971293341616";"5.5.2023";"";"";"Westnetz GmbH (GNB921497217583)";"GNB921497217583";"Geprüft";"GEL957027076580";"";"";"";"";""
"GEE912735269693";"Pl-BGAA";"In Betrieb";"20.8.2018";"";"13.7.2023";"3000";"Biomethan-Erzeugung";"Rheinland-Pfalz";"56637";"Plaidt";"";"";"Plaidt";"Flur8: 38/2";"50,371607";"7,388475";"Hickmann Naturgas GmbH";"ABR929456917949";"13.7.2023";"";"";"Energienetze Mittelrhein GmbH & Co. KG (GNB920556220366)";"GNB920556220366";"Geprüft";"GEL915124275510";"";"";"";"";""
"GEE909855630861";"BGA Wallstawe - BGAA";"In Planung";"";"";"31.7.2023";"1560";"Biomethan-Erzeugung";"Sachsen-Anhalt";"29413";"Wallstawe";"Molkereistraße";"30";"";"";"52,789133";"11,019316";"Bioenergie GmbH & Co. KG Wallstawe";"ABR979644411834";"31.7.2023";"";"1.1.2025";"ONTRAS Gastransport GmbH (GNB978499445261)";"GNB978499445261";"";"";"";"";"";"";""
"GEE906267118444";"Herr Paul Fasthoff-Kühle";"In Betrieb";"29.7.2014";"";"25.8.2023";"3850";"Biomethan-Erzeugung";"Niedersachsen";"49635";"Badbergen";"Bahnhofstraße";"135";"";"";"52,634965";"7,964677";"DeGeFa GmbH";"ABR977928718570";"25.8.2023";"";"";"Nowega GmbH (GNB911458367907)";"GNB911458367907";"Geprüft";"GEL914353013399";"";"";"";"";""
"GEE919879721582";"BGAA Monikastraße 101";"In Betrieb";"13.7.2011";"";"17.8.2023";"3605";"Biomethan-Erzeugung";"Nordrhein-Westfalen";"53881";"Euskirchen";"Monikastraße";"101";"";"";"50,628627";"6,88566";"e-regio GmbH & Co. KG";"ABR971452201317";"17.8.2023";"";"";"e-regio GmbH & Co. KG (GNB919248423703)";"GNB919248423703";"Geprüft";"GEL929692881387";"";"";"";"";""
"GEE952928361834";"BGAA Veilchenstraße 27";"In Betrieb";"5.11.2014";"";"17.8.2023";"3605";"Biomethan-Erzeugung";"Nordrhein-Westfalen";"53909";"Zülpich";"Veilchenstraße";"27";"";"";"50,710445";"6,641178";"e-regio GmbH & Co. KG";"ABR971452201317";"17.8.2023";"";"";"e-regio GmbH & Co. KG (GNB919248423703)";"GNB919248423703";"Geprüft";"GEL962104677659";"";"";"";"";""
"GEE937644281314";"Biogasaufbereitungsanlage Eggertshofen";"In Betrieb";"21.9.2010";"";"1.9.2023";"2750";"Biomethan-Erzeugung";"Bayern";"85354";"Freising";"";"";"Pulling";"334";"48,357176";"11,716122";"Eggertshof Verwertung GmbH";"ABR989341780751";"1.9.2023";"";"";"Energienetze Bayern GmbH & Co. KG (GNB925632528282)";"GNB925632528282";"Geprüft";"GEL950996847168";"";"";"";"";""
"GEE904412023018";"Bioraffinerie Kanalhafen";"In Betrieb";"1.2.2024";"";"4.1.2024";"16500";"Biomethan-Erzeugung";"Nordrhein-Westfalen";"48432";"Rheine";"Kanalstr.";"111";"";"";"52,297882";"7,498307";"Bioraffinerie Kanalhafen GmbH & Co. KG";"ABR928065335663";"1.2.2024";"";"";"Energie- und Wasserversorgung Rheine GmbH (GNB934587908476)";"GNB934587908476";"Geprüft";"GEL932884514314";"";"";"";"";""
"GEE962670098056";"Biomethan II";"In Betrieb";"10.11.2023";"";"1.2.2024";"17250";"Biomethan-Erzeugung";"Schleswig-Holstein";"24994";"Osterby";"";"";"Osterby";"Flur 5 und Flurstücke 85,92,93,102";"54,791363";"9,213894";"Biomethan Osterby GmbH & Co. KG";"ABR944403877992";"16.2.2024";"";"";"Schleswig-Holstein Netz GmbH (GNB930096964552)";"GNB930096964552";"Geprüft";"GEL960253585801";"";"";"";"";""
"GEE972444448796";"Aben Recycling B.V.";"In Planung";"";"";"2.5.2024";"16250";"Biomethan-Erzeugung";"";"5443XR";"Wanroij";"Broeksteen";"3";"";"";"51,67145";"5,82802";"Aben Recycling BV";"ABR924988879642";"2.5.2024";"";"1.6.2024";"";"";"";"";"";"";"";"";""
"GEE973310609082";"BGAA Kerler";"In Betrieb";"15.4.2024";"";"17.5.2024";"5250";"Biomethan-Erzeugung";"Bayern";"87775";"Salgen";"Zur Viehweid";"1";"";"";"48,115345";"10,47565";"Kerler Energie GmbH & Co. KG";"ABR971221998103";"18.7.2024";"";"";"schwaben netz gmbh (GNB971688551903)";"GNB971688551903";"Geprüft";"GEL995990499173";"";"";"";"";""
"GEE991088525748";"BGAA GWP Breisgau";"In Betrieb";"5.6.2012";"";"21.5.2024";"7000";"Biomethan-Erzeugung";"Baden-Württemberg";"79395";"Neuenburg";"";"";"grißheim";"5127";"47,892773";"7,608763";"Biomethan Breisgau GmbH c/o AVRIO Energie GmbH";"ABR901038628610";"7.8.2025";"";"";"badenovaNETZE GmbH (GNB961340146837)";"GNB961340146837";"In Prüfung";"GEL969202853329";"";"";"";"";""
"GEE953987924299";"BGAA Forchheim";"In Betrieb";"25.2.2011";"";"21.5.2024";"7000";"Biomethan-Erzeugung";"Baden-Württemberg";"79362";"Forchheim";"";"";"Forchheim";"4444";"48,163297";"7,68799";"badenova WärmePlus GmbH & Co. KG";"ABR917908581282";"21.5.2024";"";"";"badenovaNETZE GmbH (GNB961340146837)";"GNB961340146837";"Geprüft";"GEL980466073629";"";"";"";"";""
"GEE906423158970";"Aneaerobanlage";"In Betrieb";"2.1.2014";"";"7.6.2024";"200";"Biomethan-Erzeugung";"Hamburg";"21107";"Hamburg";"Nippoldstraße";"117";"";"";"53,51848";"9,954054";"ADM Hamburg Aktiengesellschaft";"ABR980815821468";"7.6.2024";"";"";"Gasnetz Hamburg GmbH (GNB926778713341)";"GNB926778713341";"Geprüft";"GEL926236566038";"";"";"";"";""
"GEE913352297472";"Carbotech BGAA7000 Biomethananlage";"In Planung";"";"";"19.6.2024";"39436";"Biomethan-Erzeugung";"Niedersachsen";"26169";"Friesoythe";"Ems-Dollart-Ring";"1";"";"";"53,029781";"7,788243";"nordfuel GmbH";"ABR933816123604";"19.6.2024";"";"21.6.2024";"EWE NETZ GmbH (GNB926541210565)";"GNB926541210565";"";"";"";"";"";"";""
"GEE937805610342";"GAA Forst 2";"In Betrieb";"11.12.2024";"";"11.12.2024";"7700";"Biomethan-Erzeugung";"Brandenburg";"03149";"Forst";"Döberner Straße";"24";"";"";"51,715296";"14,609313";"Biogas Forst";"ABR993332575424";"11.12.2024";"";"";"ONTRAS Gastransport GmbH (GNB978499445261)";"GNB978499445261";"Geprüft";"GEL996256595141";"";"";"";"";""
"GEE989592437329";"Gaseinspeisung Bioenergie Guntrup Greven";"In Betrieb";"13.6.2024";"";"31.7.2024";"5000";"Biomethan-Erzeugung";"Nordrhein-Westfalen";"48268";"Greven";"Guntruper Str.";"1";"";"";"52,07216";"7,66485";"TW Energie GbR";"ABR950871153643";"31.7.2024";"";"";"Stadtwerke Greven GmbH (GNB918729156864)";"GNB918729156864";"Geprüft";"GEL971964445315";"";"";"";"";""
"GEE966143723506";"BGAA Industriepark Schwarze Pumpe";"In Betrieb";"27.1.2021";"";"6.8.2024";"10700";"Biomethan-Erzeugung";"Brandenburg";"03130";"Spremberg";"An der Heide";"";"";"";"51,529297";"14,368063";"ASG Spremberg GmbH";"ABR956517099344";"6.8.2024";"";"";"ONTRAS Gastransport GmbH (GNB978499445261)";"GNB978499445261";"Geprüft";"GEL912964141999";"";"";"";"";""
"GEE935748365862";"Gasaufbereitung";"In Betrieb";"18.7.2024";"";"8.8.2024";"1200";"Biomethan-Erzeugung";"Nordrhein-Westfalen";"45219";"Essen";"Landsberger Str.";"105";"";"";"51";"6";"Bio Energie Ruhrtal GbR";"ABR940222961584";"13.8.2024";"";"";"Stadtwerke Essen AG (GNB981176659783)";"GNB981176659783";"Geprüft";"GEL909043576957";"";"";"";"";""
"GEE966378527528";"Biomethan Nienborg GmbH & Co. KG";"In Betrieb";"22.2.2024";"";"9.8.2024";"10058";"Biomethan-Erzeugung";"Nordrhein-Westfalen";"48619";"Heek";"Wext";"10";"";"";"52,152611";"7,091225";"Biomethan Nienborg GmbH & Co. KG";"ABR945543384616";"9.10.2024";"";"";"Thyssengas GmbH (GNB922736931598)";"GNB922736931598";"Geprüft";"GEL927121601605";"";"";"";"";""
"GEE938646211149";"Gasaufbereitung TAS";"In Betrieb";"24.6.2024";"";"13.8.2024";"2200";"Biomethan-Erzeugung";"Rheinland-Pfalz";"54429";"Schillingen";"Tannenhof";"1";"";"";"49,645632";"6,790806";"Marx & Wahlen Agrar GmbH ＆ Co. KG";"ABR901728660296";"13.8.2024";"";"";"SWT Stadtwerke Trier Versorgungs-GmbH (GNB922784601931)";"GNB922784601931";"Geprüft";"GEL932408823465";"";"";"";"";""
"GEE900797491404";"BGA Gardelegen; BGAA";"In Betrieb";"1.9.2013";"";"21.8.2024";"3745";"Biomethan-Erzeugung";"Sachsen-Anhalt";"39638";"Gardelegen";"Buschstückenstraße";"24";"";"";"52,546854";"11,402216";"BALANCE Erneuerbare Energien GmbH";"ABR925283076712";"21.8.2024";"";"";"Avacon Hochdrucknetz GmbH (GNB942216884343)";"GNB942216884343";"Geprüft";"GEL939265740546";"";"";"";"";""
"GEE986427647724";"Rheine Bioraffinerie Offenbergweg";"In Planung";"";"";"21.8.2024";"52800";"Biomethan-Erzeugung";"Nordrhein-Westfalen";"48432";"Rheine";"Offenbergweg";"21";"";"";"52,320181";"7,453857";"Rheine Bioraffinerie GmbH & Co. KG";"ABR960038969826";"23.9.2024";"";"17.10.2024";"Energie- und Wasserversorgung Rheine GmbH (GNB934587908476); Thyssengas GmbH (GNB922736931598)";"GNB934587908476; GNB922736931598";"";"";"";"";"";"";""
"GEE978891037323";"Biothan GmbH";"In Betrieb";"28.9.2012";"";"10.9.2024";"6021";"Biomethan-Erzeugung";"Hessen";"36137";"Großenlüder";"";"";"Kleinlüder";"Flur5: 8/9, 8/11, 8/6, 8/7, 8/8, 8/10";"50,552346";"9,541039";"Biothan GmbH";"ABR933981742129";"10.9.2024";"";"";"OsthessenNetz GmbH (GNB928234805393)";"GNB928234805393";"Geprüft";"GEL947460931263";"";"";"";"";""
"GEE937168008152";"BGA_Heek-Ahle";"In Betrieb";"24.3.2025";"";"25.3.2025";"8025";"Biomethan-Erzeugung";"Nordrhein-Westfalen";"48619";"Heek";"";"";"Heek";"Flur54: 134";"52,111506";"7,070169";"Bioenergie Heek-Ahle GmbH & Co. KG";"ABR932580666119";"21.5.2025";"";"";"Thyssengas GmbH (GNB922736931598)";"GNB922736931598";"Geprüft";"GEL983458163421";"";"";"";"";""
"GEE983867788444";"Biomethanaufbereitungsanlage ETW-PSA, Bürger";"In Betrieb";"15.5.2025";"";"13.6.2025";"9309";"Biomethan-Erzeugung";"Nordrhein-Westfalen";"59609";"Anröchte";"Windweg";"1";"";"";"51,518309";"8,242665";"Bürger GmbH & Co. KG";"ABR906549006544";"13.6.2025";"";"";"Thyssengas GmbH (GNB922736931598)";"GNB922736931598";"Geprüft";"GEL993100635091";"";"";"";"";""
"GEE999936864643";"Deponiegas";"Endgültig stillgelegt";"10.2.2006";"";"31.10.2024";"350";"Biomethan-Erzeugung";"Bayern";"91456";"Diespeck";"";"";"Diespeck";"200";"49,592566";"10,663049";"Landkreis Neustadt a.d.Aisch-Bad Windsheim";"ABR976914308795";"26.2.2026";"20.12.2024";"";"N-ERGIE Netz GmbH (GNB928262590957)";"GNB928262590957";"In Prüfung";"GEL939689785376";"";"";"";"";""
"GEE910290068928";"BEV_Biomethananlage";"In Planung";"";"";"25.11.2024";"22000";"Biomethan-Erzeugung";"Nordrhein-Westfalen";"46342";"Velen";"Anton-Lutter-Straße";"9-11";"";"";"51,936533";"6,943006";"Bioenergie Velen GmbH";"ABR978426847953";"25.11.2024";"";"31.12.2024";"Thyssengas GmbH (GNB922736931598)";"GNB922736931598";"";"";"";"";"";"";""
"GEE978322394032";"BGAA Asmusstedt";"In Betrieb";"15.1.2024";"";"29.11.2024";"3000";"Biomethan-Erzeugung";"Sachsen-Anhalt";"06493";"Ballenstedt";"Asmusstedt";"2";"";"";"51,74396";"11,240199";"Natur-Energie Ostharz GmbH & Co. KG";"ABR937731994851";"29.11.2024";"";"";"Mitteldeutsche Netzgesellschaft Gas mbH (GNB982072716822)";"GNB982072716822";"Geprüft";"GEL971247661005";"";"";"";"";""
"GEE908847951069";"Burggas Gasaufbereitung";"In Betrieb";"20.7.2024";"";"6.12.2024";"14300";"Biomethan-Erzeugung";"Niedersachsen";"49593";"Bersenbrück";"Zur Burg";"6";"";"";"52,565559";"7,955548";"Burggas";"ABR997594296851";"9.12.2024";"";"";"Nowega GmbH (GNB911458367907)";"GNB911458367907";"Geprüft";"GEL903885226704";"";"";"";"";""
"GEE949854998302";"BGAA";"In Betrieb";"21.11.2024";"";"13.12.2024";"5500";"Biomethan-Erzeugung";"Schleswig-Holstein";"25884";"Viöl";"Dammlucker Weg";"1";"";"";"54,559479";"9,168191";"Biomethan Viöl";"ABR929080707350";"25.2.2026";"";"";"Schleswig-Holstein Netz GmbH (GNB930096964552)";"GNB930096964552";"Geprüft";"GEL944153738291";"";"";"";"";""
"GEE949557870400";"Greengas Altenstadt GmbH";"In Betrieb";"1.7.2024";"";"15.1.2025";"6540";"Biomethan-Erzeugung";"Bayern";"86972";"Altenstadt";"Wolfgarten";"1";"";"";"47,803857";"10,844083";"Greengas Altenstadt GmbH";"ABR951763234167";"24.2.2025";"";"";"schwaben netz gmbh (GNB971688551903)";"GNB971688551903";"Geprüft";"GEL927781882987";"";"";"";"";""
"GEE997850473552";"BGEA HLG";"In Betrieb";"10.4.2025";"";"8.5.2025";"4500";"Biomethan-Erzeugung";"Brandenburg";"16909";"Heiligengrabe";"Am Buchweizenberg";"3";"";"";"53,145065";"12,395718";"Bioenergie Heiligengrabe GmbH";"ABR940429521840";"13.5.2025";"";"";"NBB Netzgesellschaft Berlin-Brandenburg mbH & Co. KG (GNB945506478819)";"GNB945506478819";"Geprüft";"GEL943083435423";"";"";"";"";""
"GEE911785380655";"BGAA";"In Betrieb";"6.5.2024";"";"11.2.2025";"2420";"Biomethan-Erzeugung";"Niedersachsen";"19273";"Kaarßen";"";"";"Kaarßen";"16/54";"53,205501";"11,047563";"Agrarenergie Kaarßen GmbH & Co. KG";"ABR956261246353";"5.5.2025";"";"";"HanseGas GmbH (GNB946401010951)";"GNB946401010951";"Geprüft";"GEL938542029725";"";"";"";"";""
"GEE953654281731";"Biomethananlage_BGA Dorsten_TerraSol";"In Betrieb";"23.6.2014";"";"18.3.2025";"15000";"Biomethan-Erzeugung";"Nordrhein-Westfalen";"46282";"Dorsten";"Gottlieb-Daimler-Straße";"29";"";"";"51,660712";"7,020451";"TerraSol Wirtschaftsdünger GmbH";"ABR945643788406";"18.3.2025";"";"";"Westnetz GmbH (GNB921497217583)";"GNB921497217583";"Geprüft";"GEL945507794093";"";"";"";"";""
"GEE987596174240";"BMV Energie Torgelow Biomethanerzeugung";"In Betrieb";"10.8.2023";"";"19.3.2025";"700";"Biomethan-Erzeugung";"Mecklenburg-Vorpommern";"17358";"Torgelow";"Ascherslebener Weg";"7";"";"";"53,637381";"13,992666";"BMV Energie Torgelow GmbH & Co. KG";"ABR966838486648";"19.3.2025";"";"";"E.DIS Netz GmbH (GNB937784972783)";"GNB937784972783";"In Prüfung";"GEL992904747214";"";"";"";"";""
"GEE921490498224";"BGAA Hasetal";"In Betrieb";"28.8.2024";"";"19.3.2025";"7400";"Biomethan-Erzeugung";"Niedersachsen";"49624";"Löningen";"Industriepark";"5";"";"";"52,739887";"7,787738";"GF-Bio-Energie Hasetal GmbH";"ABR974799295476";"19.3.2025";"";"";"EWE NETZ GmbH (GNB926541210565)";"GNB926541210565";"Geprüft";"GEL914808048389";"";"";"";"";""
"GEE965226761923";"Biomethanaufbereitungsanlage Armsen";"In Betrieb";"16.5.2024";"";"2.4.2025";"4360";"Biomethan-Erzeugung";"Niedersachsen";"27308";"Kirchlinteln";"Speckener Weg";"";"";"";"52,905466";"9,346829";"KBB Biogas GmbH & Co.KG";"ABR997173220789";"2.4.2025";"";"";"Gasunie Deutschland Transport Services GmbH (GNB977224579929)";"GNB977224579929";"Geprüft";"GEL974208464042";"";"";"";"";""
"GEE919961773987";"MTB-Biogas Agrar GmbH";"In Betrieb";"3.3.2016";"";"25.4.2025";"3745";"Biomethan-Erzeugung";"Brandenburg";"15320";"Neuhardenberg";"Karl-Marx-Allee";"73 F";"";"";"52,588584";"14,288798";"MTB-Biogas Agrar GmbH";"ABR977634084433";"25.4.2025";"";"";"EWE NETZ GmbH (GNB926541210565)";"GNB926541210565";"Geprüft";"GEL955940318671";"";"";"";"";""
"GEE969285176094";"BGAA Hahn";"In Betrieb";"6.6.2025";"";"12.6.2025";"6713";"Biomethan-Erzeugung";"Rheinland-Pfalz";"55483";"Hahn-Flughafen";"";"";"Büchenbeuren";"Flur 1/45";"49,932512";"7,259";"NatürlichEnergie EMH GmbH";"ABR929463139327";"12.6.2025";"";"";"Westnetz GmbH (GNB921497217583)";"GNB921497217583";"Geprüft";"GEL980290120889";"";"";"";"";""
"GEE926878025139";"Gasaufbereitung AB";"In Betrieb";"13.5.2025";"";"5.6.2025";"5560";"Biomethan-Erzeugung";"Bayern";"92533";"Wernberg-Köblitz";"an der Autobahn";"";"";"";"49,566003";"12,214686";"Wirts Bioenergie GmbH";"ABR966011898831";"27.2.2026";"";"";"Westnetz GmbH (GNB921497217583)";"GNB921497217583";"In Prüfung";"GEL930703821285";"";"";"";"";""
"GEE997743818750";"BGA Benitz, BGAA";"In Betrieb";"22.5.2025";"";"6.6.2025";"4240";"Biomethan-Erzeugung";"Niedersachsen";"38465";"Brome";"Dorfstraße";"99";"";"";"52,61512";"10,900166";"BALANCE Erneuerbare Energien GmbH";"ABR925283076712";"6.6.2025";"";"";"LSW Netz GmbH & Co. KG (GNB948413999798)";"GNB948413999798";"Geprüft";"GEL969792346898";"";"";"";"";""
"GEE909135601703";"Biogaseinspeiseanlage";"In Betrieb";"15.5.2025";"";"10.6.2025";"5550";"Biomethan-Erzeugung";"Bayern";"92693";"Eslarn";"Roßtränk";"4";"";"";"49,573941";"12,488282";"Bioenergie Kleber Wolfgang Kleber";"ABR927356589860";"27.2.2026";"";"";"Westnetz GmbH (GNB921497217583)";"GNB921497217583";"In Prüfung";"GEL931713083366";"";"";"";"";""
"GEE948521571008";"Biomethan";"In Betrieb";"10.11.2024";"";"16.6.2025";"3000";"Biomethan-Erzeugung";"Rheinland-Pfalz";"54647";"Pickließem";"Hauptstraße";"18";"";"";"49,988144";"6,658603";"NAWARO-Energie Pickließem GmbH & Co. KG";"ABR947353785263";"16.6.2025";"";"";"SWT Stadtwerke Trier Versorgungs-GmbH (GNB922784601931)";"GNB922784601931";"Geprüft";"GEL925600690201";"";"";"";"";""
"GEE988765623316";"GAA-Kogel";"In Betrieb";"24.9.2025";"";"2.10.2025";"7128";"Biomethan-Erzeugung";"Mecklenburg-Vorpommern";"19246";"Kogel";"Dorfstr.";"40";"";"";"53,500514";"10,936709";"ReFood GmbH & Co. KG";"ABR992063585658";"2.10.2025";"";"";"HanseGas GmbH (GNB946401010951)";"GNB946401010951";"In Prüfung";"GEL924191114301";"";"";"";"";""
"GEE984738535044";"Biogasaufbereitung";"In Betrieb";"11.2.2026";"";"4.3.2026";"7700";"Biomethan-Erzeugung";"Niedersachsen";"49744";"Geeste";"Kirschenstraße";"32";"";"";"52,62396";"7,20638";"Biomethan Groß-Hesepe GmbH & Co. KG";"ABR994453832977";"9.3.2026";"";"";"Nowega GmbH (GNB911458367907)";"GNB911458367907";"Geprüft";"GEL915708999429";"";"";"";"";""
"GEE941382311097";"Gaserzeugung Boschstraße";"In Betrieb";"25.1.2025";"";"7.7.2025";"5000";"Biomethan-Erzeugung";"Niedersachsen";"49699";"Lindern";"Boschstraße";"10";"";"";"52,830661";"7,771598";"BAHLMANN Naturstrom GmbH";"ABR982269058377";"7.7.2025";"";"";"EWE NETZ GmbH (GNB926541210565)";"GNB926541210565";"Geprüft";"GEL937535148986";"";"";"";"";""
"GEE927076345906";"BGEA Osmünde BEA036";"In Betrieb";"14.8.2024";"";"6.8.2025";"4426";"Biomethan-Erzeugung";"Sachsen-Anhalt";"06184";"Kabelsketal";"Gottenzer Straße";"3";"";"";"51,444463";"12,12188";"Gut Gröbers GmbH & Co.KG";"ABR936876025512";"6.8.2025";"";"";"Mitteldeutsche Netzgesellschaft Gas mbH (GNB982072716822)";"GNB982072716822";"Geprüft";"GEL920732132940";"";"";"";"";""
"GEE919001174729";"Biomethan-Aufbereitung";"In Betrieb";"16.9.2025";"";"30.9.2025";"5590";"Biomethan-Erzeugung";"Bayern";"87650";"Baisweil";"Burgösch";"1";"";"";"47,960692";"10,570307";"Burgösch REG GmbH";"ABR922023199045";"13.11.2025";"";"";"schwaben netz gmbh (GNB971688551903)";"GNB971688551903";"Geprüft";"GEL981702305245";"";"";"";"";""
"GEE907703111586";"Biogaseinspeisung Neichen";"In Betrieb";"26.2.2025";"";"16.8.2025";"3540";"Biomethan-Erzeugung";"Sachsen";"04687";"Trebsen";"Ernst-Thälmann-Straße";"12";"";"";"51,289373";"12,766131";"Olaf Kupfer";"ABR920041412085";"29.9.2025";"";"";"Mitteldeutsche Netzgesellschaft Gas mbH (GNB982072716822)";"GNB982072716822";"In Prüfung";"GEL920389060337";"";"";"";"";""
"GEE961000048563";"Vergärungsanlage Biene";"In Betrieb";"15.1.2024";"";"27.8.2025";"3270";"Biomethan-Erzeugung";"Nordrhein-Westfalen";"53757";"Sankt Augustin";"Auf dem Sand";"31";"";"";"50,771572";"7,232958";"Rhein-Sieg-Abfallwirtschaftsgesellschaft mbH";"ABR940621137641";"27.8.2025";"";"";"Rhein-Sieg Netz GmbH (GNB956723289621)";"GNB956723289621";"Geprüft";"GEL954057618858";"";"";"";"";""
"GEE943281262685";"BGEA InfraLeuna";"In Betrieb";"20.5.2025";"";"28.8.2025";"8904";"Biomethan-Erzeugung";"Sachsen-Anhalt";"06237";"Leuna";"Am Haupttor";"";"";"";"51,304992";"12,006001";"InfraLeuna GmbH";"ABR906817615676";"28.8.2025";"";"";"InfraLeuna GmbH (GNB926384877291)";"GNB926384877291";"Geprüft";"GEL910471818328";"";"";"";"";""
"GEE966673499377";"BGAA Heinfelder Naturstrom";"In Betrieb";"21.11.2025";"";"3.11.2025";"7770";"Biomethan-Erzeugung";"Niedersachsen";"26169";"Friesoythe";"Heinfelder Straße";"18";"";"";"53,104082";"7,901206";"Heinfelder Naturstrom GmbH & Co. KG";"ABR964556640953";"17.12.2025";"";"";"EWE NETZ GmbH (GNB926541210565)";"GNB926541210565";"Geprüft";"GEL942478392921";"";"";"";"";""
"GEE927843910337";"BGAA Biochange";"In Betrieb";"29.10.2025";"";"17.11.2025";"3124";"Biomethan-Erzeugung";"Brandenburg";"16833";"Fehrbellin";"Betziner Weg";"18";"";"";"52,785756";"12,772491";"Rhinmilch";"ABR932676955271";"17.11.2025";"";"";"NBB Netzgesellschaft Berlin-Brandenburg mbH & Co. KG (GNB945506478819)";"GNB945506478819";"Geprüft";"GEL958820233996";"";"";"";"";""
"GEE919231455728";"Gasaufbereitung ADAP";"In Betrieb";"28.10.2025";"";"18.11.2025";"1180";"Biomethan-Erzeugung";"Mecklenburg-Vorpommern";"18320";"Ahrenshagen-Daskow";"Todenhäger Str.";"7";"";"";"54,227323";"12,601505";"ADAPRinderzucht GmbH";"ABR954349058539";"22.1.2026";"";"";"HanseGas GmbH (GNB946401010951)";"GNB946401010951";"In Prüfung";"GEL937528237864";"";"";"";"";""
"GEE935045177076";"BGAA Petersdorf";"In Planung";"";"";"19.11.2025";"3000";"Biomethan-Erzeugung";"Brandenburg";"15236";"Jacobsdorf";"Briesener Straße";"12";"";"";"52,357557";"14,321153";"Biogas Petersdorf GmbH  & Co.KG";"ABR957778258105";"19.11.2025";"";"26.11.2025";"EWE NETZ GmbH (GNB926541210565)";"GNB926541210565";"";"";"";"";"";"";""
"GEE948697926763";"Biogasaufbereitungsanlage Niederpöllnitz";"In Betrieb";"20.1.2025";"";"25.11.2025";"2290";"Biomethan-Erzeugung";"Thüringen";"07570";"Harth-Pöllnitz";"Rohrwiesenweg";"23";"";"";"50,755085";"11,963816";"Agrargenossenschaft Niederpöllnitz eG";"ABR954501184601";"25.11.2025";"";"";"TEN Thüringer Energienetze GmbH & Co. KG (GNB993730123142)";"GNB993730123142";"Geprüft";"GEL957960813631";"";"";"";"";""
"GEE976681845448";"BGAA Dachsklinge";"In Planung";"";"";"2.12.2025";"6300";"Biomethan-Erzeugung";"Baden-Württemberg";"71067";"Sindelfingen";"Leonberger Straße";"204";"";"";"48,734359";"9,024007";"Biomethanverwertung GmbH Sindelfingen";"ABR908358272141";"2.12.2025";"";"1.3.2026";"Stadtwerke Sindelfingen GmbH (GNB918429883428)";"GNB918429883428";"";"";"";"";"";"";""
"GEE979227420796";"BGAA";"In Betrieb";"10.11.2025";"";"19.12.2025";"3550";"Biomethan-Erzeugung";"Baden-Württemberg";"88279";"Amtzell";"Große Halde Korb";"1";"";"";"47,716366";"9,728257";"AWB Amtzeller Werk für Biogas GmbH";"ABR918813869038";"19.12.2025";"";"";"Thüga Energienetze GmbH (GNB962344681492)";"GNB962344681492";"In Prüfung";"GEL919225329356";"";"";"";"";""
"GEE917647123446";"BGEA Hennstedt";"In Betrieb";"12.12.2025";"";"6.1.2026";"4500";"Biomethan-Erzeugung";"Schleswig-Holstein";"25779";"Hennstedt";"Lindener Koog";"19";"";"";"54,268757";"9,167173";"Bioenergie Hennstedt GmbH";"ABR965138498474";"6.1.2026";"";"";"Schleswig-Holstein Netz GmbH (GNB930096964552)";"GNB930096964552";"In Prüfung";"GEL993098817653";"";"";"";"";""
"GEE932046701835";"BGEA Hünxe";"In Betrieb";"12.2.2026";"";"24.2.2026";"4733";"Biomethan-Erzeugung";"Nordrhein-Westfalen";"46569";"Hünxe";"Emil-Fischer-Str.";"";"";"";"51,635381";"6,699384";"Bioenergie Hünxe GmbH";"ABR995582248226";"24.2.2026";"";"";"GELSENWASSER Energienetze GmbH (GNB962186703079)";"GNB962186703079";"In Prüfung";"GEL932206922209";"";"";"";"";""
"GEE944693777453";"BGAA Nohra";"In Betrieb";"5.2.2026";"";"26.2.2026";"3150";"Biomethan-Erzeugung";"Thüringen";"99428";"Grammetal";"Am Troistedter Weg";"6";"";"";"50,956216";"11,236528";"Biocraft Nohra GmbH";"ABR930273501884";"26.2.2026";"";"";"TEN Thüringer Energienetze GmbH & Co. KG (GNB993730123142)";"GNB993730123142";"In Prüfung";"GEL942773252609";"";"";"";"";""
"GEE976530461386";"Biogasaufbereitungsanlage";"In Betrieb";"16.9.2025";"";"12.2.2026";"3013";"Biomethan-Erzeugung";"Baden-Württemberg";"72525";"Münsingen";"Quellstraße";"59";"";"";"48,428269";"9,495365";"Bioenergie Bleher GmbH";"ABR951254777647";"12.2.2026";"";"";"FairNetz GmbH (GNB967025077656)";"GNB967025077656";"In Prüfung";"GEL951897256998";"";"";"";"";""
"GEE953197014049";"Biomethanerzeugungsanlage NDEnergie";"In Betrieb";"10.1.2026";"";"23.2.2026";"14840";"Biomethan-Erzeugung";"Niedersachsen";"49163";"Bohmte";"Donaustraße";"4";"";"";"52,348403";"8,265619";"NDEnergie GmbH & Co. KG";"ABR938489605259";"4.3.2026";"";"";"Open Grid Europe GmbH (GNB972235472726)";"GNB972235472726";"Geprüft";"GEL994507125291";"";"";"";"";""
"GEE957097717628";"Biomethanerzeugungsanlage B & M Energie";"In Betrieb";"7.5.2025";"";"25.2.2026";"3878";"Biomethan-Erzeugung";"Nordrhein-Westfalen";"32361";"Preußisch Oldendorf";"Langenhegge";"20";"";"";"52,302531";"8,472807";"B & M Energie GmbH ＆ Co. KG";"ABR931971170464";"25.2.2026";"";"";"Westnetz GmbH (GNB921497217583)";"GNB921497217583";"Geprüft";"GEL996171532283";"";"";"";"";""
"GEE945273865867";"Biogasanlage";"In Planung";"";"";"11.3.2026";"150";"Biomethan-Erzeugung";"Nordrhein-Westfalen";"48336";"Sassenberg";"Emsort";"3";"";"";"51,98";"7,95";"natürliche Person (ABR972319717361)";"ABR972319717361";"11.3.2026";"";"1.4.2026";"Westnetz GmbH (GNB921497217583)";"GNB921497217583";"";"";"";"";"";"";""
