This is XeTeX, Version 3.141592653-2.6-0.999997 (MiKTeX 25.4) (preloaded format=xelatex 2026.2.17)  29 MAY 2026 17:32
entering extended mode
 restricted \write18 enabled.
 %&-line parsing enabled.
**./paper.tex
(paper.tex
LaTeX2e <2025-06-01> patch level 1
L3 programming layer <2025-09-02>
(elsarticle.cls
Document Class: elsarticle 2020/11/20, 3.3: Elsevier Ltd
(C:\Users\th_ki\AppData\Local\Programs\MiKTeX\tex/latex/l3kernel\expl3.sty
Package: expl3 2025-09-02 L3 programming layer (loader) 

(C:\Users\th_ki\AppData\Local\Programs\MiKTeX\tex/latex/l3backend\l3backend-xet
ex.def
File: l3backend-xetex.def 2025-06-09 L3 backend support: XeTeX
\g__graphics_track_int=\count271
\g__pdfannot_backend_int=\count272
\g__pdfannot_backend_link_int=\count273
))
(C:\Users\th_ki\AppData\Local\Programs\MiKTeX\tex/latex/l3packages/xparse\xpars
e.sty
Package: xparse 2024-08-16 L3 Experimental document command parser
) (C:\Users\th_ki\AppData\Local\Programs\MiKTeX\tex/latex/etoolbox\etoolbox.sty
Package: etoolbox 2025/02/11 v2.5l e-TeX tools for LaTeX (JAW)
\etb@tempcnta=\count274
)
\@bls=\dimen148
(C:\Users\th_ki\AppData\Local\Programs\MiKTeX\tex/latex/base\article.cls
Document Class: article 2025/01/22 v1.4n Standard LaTeX document class
(C:\Users\th_ki\AppData\Local\Programs\MiKTeX\tex/latex/base\size10.clo
File: size10.clo 2025/01/22 v1.4n Standard LaTeX file (size option)
)
\c@part=\count275
\c@section=\count276
\c@subsection=\count277
\c@subsubsection=\count278
\c@paragraph=\count279
\c@subparagraph=\count280
\c@figure=\count281
\c@table=\count282
\abovecaptionskip=\skip49
\belowcaptionskip=\skip50
\bibindent=\dimen149
) (C:\Users\th_ki\AppData\Local\Programs\MiKTeX\tex/latex/graphics\graphicx.sty
Package: graphicx 2024/12/31 v1.2e Enhanced LaTeX Graphics (DPC,SPQR)
(C:\Users\th_ki\AppData\Local\Programs\MiKTeX\tex/latex/graphics\keyval.sty
Package: keyval 2022/05/29 v1.15 key=value parser (DPC)
\KV@toks@=\toks17
) (C:\Users\th_ki\AppData\Local\Programs\MiKTeX\tex/latex/graphics\graphics.sty
Package: graphics 2024/08/06 v1.4g Standard LaTeX Graphics (DPC,SPQR)
(C:\Users\th_ki\AppData\Local\Programs\MiKTeX\tex/latex/graphics\trig.sty
Package: trig 2023/12/02 v1.11 sin cos tan (DPC)
)
(C:\Users\th_ki\AppData\Local\Programs\MiKTeX\tex/latex/graphics-cfg\graphics.c
fg
File: graphics.cfg 2016/06/04 v1.11 sample graphics configuration
)
Package graphics Info: Driver file: xetex.def on input line 106.
(C:\Users\th_ki\AppData\Local\Programs\MiKTeX\tex/latex/graphics-def\xetex.def
File: xetex.def 2022/09/22 v5.0n Graphics/color driver for xetex
))
\Gin@req@height=\dimen150
\Gin@req@width=\dimen151
)
\c@tnote=\count283
\c@fnote=\count284
\c@cnote=\count285
\c@ead=\count286
\c@author=\count287
\@eadauthor=\toks18
\c@affn=\count288
\absbox=\box53
\elsarticlehighlightsbox=\box54
\elsarticlegrabsbox=\box55
\keybox=\box56
\Columnwidth=\dimen152
\space@left=\dimen153
\els@boxa=\box57
\els@boxb=\box58
\leftMargin=\dimen154
\@enLab=\toks19
\@sep=\skip51
\@@sep=\skip52
(paper.spl) (C:\Users\th_ki\AppData\Local\Programs\MiKTeX\tex/latex/natbib\natb
ib.sty
Package: natbib 2010/09/13 8.31b (PWD, AO)
\bibhang=\skip53
\bibsep=\skip54
LaTeX Info: Redefining \cite on input line 694.
\c@NAT@ctr=\count289
)
\splwrite=\write3
\openout3 = `paper.spl'.

(C:\Users\th_ki\AppData\Local\Programs\MiKTeX\tex/latex/geometry\geometry.sty
Package: geometry 2020/01/02 v5.9 Page Geometry
(C:\Users\th_ki\AppData\Local\Programs\MiKTeX\tex/generic/iftex\ifvtex.sty
Package: ifvtex 2019/10/25 v1.7 ifvtex legacy package. Use iftex instead.
(C:\Users\th_ki\AppData\Local\Programs\MiKTeX\tex/generic/iftex\iftex.sty
Package: iftex 2024/12/12 v1.0g TeX engine tests
))
\Gm@cnth=\count290
\Gm@cntv=\count291
\c@Gm@tempcnt=\count292
\Gm@bindingoffset=\dimen155
\Gm@wd@mp=\dimen156
\Gm@odd@mp=\dimen157
\Gm@even@mp=\dimen158
\Gm@layoutwidth=\dimen159
\Gm@layoutheight=\dimen160
\Gm@layouthoffset=\dimen161
\Gm@layoutvoffset=\dimen162
\Gm@dimlist=\toks20
(C:\Users\th_ki\AppData\Local\Programs\MiKTeX\tex/latex/geometry\geometry.cfg))
\appnamewidth=\dimen163
) (C:\Users\th_ki\AppData\Local\Programs\MiKTeX\tex/latex/url\url.sty
\Urlmuskip=\muskip17
Package: url 2013/09/16  ver 3.4  Verb mode for urls, etc.
) (C:\Users\th_ki\AppData\Local\Programs\MiKTeX\tex/latex/base\fontenc.sty
Package: fontenc 2024/12/21 v2.1c Standard LaTeX package
LaTeX Font Info:    Trying to load font information for T1+lmr on input line 11
6.
(C:\Users\th_ki\AppData\Local\Programs\MiKTeX\tex/latex/lm\t1lmr.fd
File: t1lmr.fd 2015/05/01 v1.6.1 Font defs for Latin Modern
)) (C:\Users\th_ki\AppData\Local\Programs\MiKTeX\tex/latex/lm\lmodern.sty
Package: lmodern 2015/05/01 v1.6.1 Latin Modern Fonts
LaTeX Font Info:    Overwriting symbol font `operators' in version `normal'
(Font)                  OT1/cmr/m/n --> OT1/lmr/m/n on input line 22.
LaTeX Font Info:    Overwriting symbol font `letters' in version `normal'
(Font)                  OML/cmm/m/it --> OML/lmm/m/it on input line 23.
LaTeX Font Info:    Overwriting symbol font `symbols' in version `normal'
(Font)                  OMS/cmsy/m/n --> OMS/lmsy/m/n on input line 24.
LaTeX Font Info:    Overwriting symbol font `largesymbols' in version `normal'
(Font)                  OMX/cmex/m/n --> OMX/lmex/m/n on input line 25.
LaTeX Font Info:    Overwriting symbol font `operators' in version `bold'
(Font)                  OT1/cmr/bx/n --> OT1/lmr/bx/n on input line 26.
LaTeX Font Info:    Overwriting symbol font `letters' in version `bold'
(Font)                  OML/cmm/b/it --> OML/lmm/b/it on input line 27.
LaTeX Font Info:    Overwriting symbol font `symbols' in version `bold'
(Font)                  OMS/cmsy/b/n --> OMS/lmsy/b/n on input line 28.
LaTeX Font Info:    Overwriting symbol font `largesymbols' in version `bold'
(Font)                  OMX/cmex/m/n --> OMX/lmex/m/n on input line 29.
LaTeX Font Info:    Overwriting math alphabet `\mathbf' in version `normal'
(Font)                  OT1/cmr/bx/n --> OT1/lmr/bx/n on input line 31.
LaTeX Font Info:    Overwriting math alphabet `\mathsf' in version `normal'
(Font)                  OT1/cmss/m/n --> OT1/lmss/m/n on input line 32.
LaTeX Font Info:    Overwriting math alphabet `\mathit' in version `normal'
(Font)                  OT1/cmr/m/it --> OT1/lmr/m/it on input line 33.
LaTeX Font Info:    Overwriting math alphabet `\mathtt' in version `normal'
(Font)                  OT1/cmtt/m/n --> OT1/lmtt/m/n on input line 34.
LaTeX Font Info:    Overwriting math alphabet `\mathbf' in version `bold'
(Font)                  OT1/cmr/bx/n --> OT1/lmr/bx/n on input line 35.
LaTeX Font Info:    Overwriting math alphabet `\mathsf' in version `bold'
(Font)                  OT1/cmss/bx/n --> OT1/lmss/bx/n on input line 36.
LaTeX Font Info:    Overwriting math alphabet `\mathit' in version `bold'
(Font)                  OT1/cmr/bx/it --> OT1/lmr/bx/it on input line 37.
LaTeX Font Info:    Overwriting math alphabet `\mathtt' in version `bold'
(Font)                  OT1/cmtt/m/n --> OT1/lmtt/m/n on input line 38.
) (C:\Users\th_ki\AppData\Local\Programs\MiKTeX\tex/latex/amsfonts\amssymb.sty
Package: amssymb 2013/01/14 v3.01 AMS font symbols
(C:\Users\th_ki\AppData\Local\Programs\MiKTeX\tex/latex/amsfonts\amsfonts.sty
Package: amsfonts 2013/01/14 v3.01 Basic AMSFonts support
\@emptytoks=\toks21
\symAMSa=\mathgroup4
\symAMSb=\mathgroup5
LaTeX Font Info:    Redeclaring math symbol \hbar on input line 98.
LaTeX Font Info:    Overwriting math alphabet `\mathfrak' in version `bold'
(Font)                  U/euf/m/n --> U/euf/b/n on input line 106.
)) (C:\Users\th_ki\AppData\Local\Programs\MiKTeX\tex/latex/amsmath\amsmath.sty
Package: amsmath 2025/06/16 v2.17y AMS math features
\@mathmargin=\skip55
For additional information on amsmath, use the `?' option.
(C:\Users\th_ki\AppData\Local\Programs\MiKTeX\tex/latex/amsmath\amstext.sty
Package: amstext 2024/11/17 v2.01 AMS text
(C:\Users\th_ki\AppData\Local\Programs\MiKTeX\tex/latex/amsmath\amsgen.sty
File: amsgen.sty 1999/11/30 v2.0 generic functions
\@emptytoks=\toks22
\ex@=\dimen164
)) (C:\Users\th_ki\AppData\Local\Programs\MiKTeX\tex/latex/amsmath\amsbsy.sty
Package: amsbsy 1999/11/29 v1.2d Bold Symbols
\pmbraise@=\dimen165
) (C:\Users\th_ki\AppData\Local\Programs\MiKTeX\tex/latex/amsmath\amsopn.sty
Package: amsopn 2022/04/08 v2.04 operator names
)
\inf@bad=\count293
LaTeX Info: Redefining \frac on input line 233.
\uproot@=\count294
\leftroot@=\count295
LaTeX Info: Redefining \overline on input line 398.
LaTeX Info: Redefining \colon on input line 409.
\classnum@=\count296
\DOTSCASE@=\count297
LaTeX Info: Redefining \ldots on input line 495.
LaTeX Info: Redefining \dots on input line 498.
LaTeX Info: Redefining \cdots on input line 619.
\Mathstrutbox@=\box59
\strutbox@=\box60
LaTeX Info: Redefining \big on input line 721.
LaTeX Info: Redefining \Big on input line 722.
LaTeX Info: Redefining \bigg on input line 723.
LaTeX Info: Redefining \Bigg on input line 724.
\big@size=\dimen166
LaTeX Font Info:    Redeclaring font encoding OML on input line 742.
LaTeX Font Info:    Redeclaring font encoding OMS on input line 743.
\macc@depth=\count298
LaTeX Info: Redefining \bmod on input line 904.
LaTeX Info: Redefining \pmod on input line 909.
LaTeX Info: Redefining \smash on input line 939.
LaTeX Info: Redefining \relbar on input line 969.
LaTeX Info: Redefining \Relbar on input line 970.
\c@MaxMatrixCols=\count299
\dotsspace@=\muskip18
\c@parentequation=\count300
\dspbrk@lvl=\count301
\tag@help=\toks23
\row@=\count302
\column@=\count303
\maxfields@=\count304
\andhelp@=\toks24
\eqnshift@=\dimen167
\alignsep@=\dimen168
\tagshift@=\dimen169
\tagwidth@=\dimen170
\totwidth@=\dimen171
\lineht@=\dimen172
\@envbody=\toks25
\multlinegap=\skip56
\multlinetaggap=\skip57
\mathdisplay@stack=\toks26
LaTeX Info: Redefining \[ on input line 2949.
LaTeX Info: Redefining \] on input line 2950.
) (C:\Users\th_ki\AppData\Local\Programs\MiKTeX\tex/latex/lineno\lineno.sty
Package: lineno 2025/05/13 line numbers on paragraphs v5.5

(C:\Users\th_ki\AppData\Local\Programs\MiKTeX\tex/latex/kvoptions\kvoptions.sty
Package: kvoptions 2022-06-15 v3.15 Key value format for package options (HO)
(C:\Users\th_ki\AppData\Local\Programs\MiKTeX\tex/generic/ltxcmds\ltxcmds.sty
Package: ltxcmds 2023-12-04 v1.26 LaTeX kernel commands for general use (HO)
)
(C:\Users\th_ki\AppData\Local\Programs\MiKTeX\tex/latex/kvsetkeys\kvsetkeys.sty
Package: kvsetkeys 2022-10-05 v1.19 Key value parser (HO)
))
\linenopenalty=\count305
\output=\toks27
\linenoprevgraf=\count306
\linenumbersep=\dimen173
\linenumberwidth=\dimen174
\c@linenumber=\count307
\c@pagewiselinenumber=\count308
\c@LN@truepage=\count309
\c@internallinenumber=\count310
\c@internallinenumbers=\count311
\quotelinenumbersep=\dimen175
\bframerule=\dimen176
\bframesep=\dimen177
\bframebox=\box61
\@LN@amsmath@ams@eqpen=\count312
) (C:\Users\th_ki\AppData\Local\Programs\MiKTeX\tex/generic/iftex\ifxetex.sty
Package: ifxetex 2019/10/25 v0.7 ifxetex legacy package. Use iftex instead.
) (C:\Users\th_ki\AppData\Local\Programs\MiKTeX\tex/generic/iftex\ifluatex.sty
Package: ifluatex 2019/10/25 v1.5 ifluatex legacy package. Use iftex instead.
) (C:\Users\th_ki\AppData\Local\Programs\MiKTeX\tex/latex/base\fixltx2e.sty
Package: fixltx2e 2016/12/29 v2.1a fixes to LaTeX (obsolete)
Applying: [2015/01/01] Old fixltx2e package on input line 46.

Package fixltx2e Warning: fixltx2e is not required with releases after 2015
(fixltx2e)                All fixes are now in the LaTeX kernel.
(fixltx2e)                See the latexrelease package for details.

Already applied: [0000/00/00] Old fixltx2e package on input line 53.
) (C:\Users\th_ki\AppData\Local\Programs\MiKTeX\tex/latex/upquote\upquote.sty
Package: upquote 2012/04/19 v1.3 upright-quote and grave-accent glyphs in verba
tim
(C:\Users\th_ki\AppData\Local\Programs\MiKTeX\tex/latex/base\textcomp.sty
Package: textcomp 2024/04/24 v2.1b Standard LaTeX package
)) (C:\Users\th_ki\AppData\Local\Programs\MiKTeX\tex/latex/fontspec\fontspec.st
y
Package: fontspec 2024/05/11 v2.9e Font selection for XeLaTeX and LuaLaTeX

(C:\Users\th_ki\AppData\Local\Programs\MiKTeX\tex/latex/fontspec\fontspec-xetex
.sty
Package: fontspec-xetex 2024/05/11 v2.9e Font selection for XeLaTeX and LuaLaTe
X
\l__fontspec_script_int=\count313
\l__fontspec_language_int=\count314
\l__fontspec_strnum_int=\count315
\l__fontspec_tmp_int=\count316
\l__fontspec_tmpa_int=\count317
\l__fontspec_tmpb_int=\count318
\l__fontspec_tmpc_int=\count319
\l__fontspec_em_int=\count320
\l__fontspec_emdef_int=\count321
\l__fontspec_strong_int=\count322
\l__fontspec_strongdef_int=\count323
\l__fontspec_tmpa_dim=\dimen178
\l__fontspec_tmpb_dim=\dimen179
\l__fontspec_tmpc_dim=\dimen180
(C:\Users\th_ki\AppData\Local\Programs\MiKTeX\tex/latex/base\fontenc.sty
Package: fontenc 2024/12/21 v2.1c Standard LaTeX package
) (C:\Users\th_ki\AppData\Local\Programs\MiKTeX\tex/latex/fontspec\fontspec.cfg
))) (C:\Users\th_ki\AppData\Local\Programs\MiKTeX\tex/latex/xltxtra\xltxtra.sty
Package: xltxtra 2018/12/31 v0.7 Improvements for the "XeLaTeX" format

(C:\Users\th_ki\AppData\Local\Programs\MiKTeX\tex/latex/realscripts\realscripts
.sty
Package: realscripts 2016/02/13 v0.3d Access OpenType subscripts and superscrip
ts
\subsupersep=\dimen181
) (C:\Users\th_ki\AppData\Local\Programs\MiKTeX\tex/latex/metalogo\metalogo.sty
Package: metalogo 2010/05/29 v0.12 Extended TeX logo macros
\xl@everylogo=\toks28
\xl@@everylogo=\toks29
LaTeX Info: Redefining \TeX on input line 193.
LaTeX Info: Redefining \LaTeX on input line 202.
LaTeX Info: Redefining \LaTeXe on input line 219.
)
\l__xetex_show_hyphens_wrapping_box=\box62
\l__xetex_show_hyphens_temp_box=\box63
\l__xetex_show_hyphens_final_box=\box64
\g__xetex_show_hyphens_word_box=\box65
)
(C:\Users\th_ki\AppData\Local\Programs\MiKTeX\tex/xelatex/xunicode\xunicode.sty
File: xunicode.sty 2011/09/09 v0.981 provides access to latin accents and many 
other characters in Unicode lower plane
(C:\Users\th_ki\AppData\Local\Programs\MiKTeX\tex/latex/tipa\t3enc.def
File: t3enc.def 2001/12/31 T3 encoding
)
\tipaTiiicode=\count324
\tipasavetokens=\toks30
\tipachecktokens=\toks31
LaTeX Encoding Info:    Redeclaring text command \nobreakspace (encoding TU) on
 input line 1725.
LaTeX Encoding Info:    Redeclaring text command \copyright (encoding TU) on in
put line 1739.
LaTeX Encoding Info:    Redeclaring text command \AA (encoding TU) on input lin
e 1785.
LaTeX Encoding Info:    Redeclaring text command \aa (encoding TU) on input lin
e 1842.
LaTeX Encoding Info:    Redeclaring text command \textrhookopeno (encoding TU) 
on input line 3119.
LaTeX Encoding Info:    Redeclaring text command \textaolig (encoding TU) on in
put line 3729.
)
(C:\Users\th_ki\AppData\Local\Programs\MiKTeX\tex/latex/microtype\microtype.sty
Package: microtype 2025/07/09 v3.2b Micro-typographical refinements (RS)
\MT@toks=\toks32
\MT@tempbox=\box66
\MT@count=\count325
LaTeX Info: Redefining \noprotrusionifhmode on input line 1087.
LaTeX Info: Redefining \leftprotrusion on input line 1088.
\MT@prot@toks=\toks33
LaTeX Info: Redefining \rightprotrusion on input line 1107.
LaTeX Info: Redefining \textls on input line 1449.
\MT@outer@kern=\dimen182
LaTeX Info: Redefining \microtypecontext on input line 2053.
LaTeX Info: Redefining \textmicrotypecontext on input line 2070.
\MT@listname@count=\count326

(C:\Users\th_ki\AppData\Local\Programs\MiKTeX\tex/latex/microtype\microtype-xet
ex.def
File: microtype-xetex.def 2025/07/09 v3.2b Definitions specific to xetex (RS)
LaTeX Info: Redefining \lsstyle on input line 443.
LaTeX Info: Redefining \lslig on input line 451.
\MT@outer@space=\skip58
)
Package microtype Info: Loading configuration file microtype.cfg.

(C:\Users\th_ki\AppData\Local\Programs\MiKTeX\tex/latex/microtype\microtype.cfg
File: microtype.cfg 2025/07/09 v3.2b microtype main configuration file (RS)
)
LaTeX Info: Redefining \microtypesetup on input line 3065.
) (C:\Users\th_ki\AppData\Local\Programs\MiKTeX\tex/latex/hyperref\hyperref.sty
Package: hyperref 2025-07-12 v7.01o Hypertext links for LaTeX

(C:\Users\th_ki\AppData\Local\Programs\MiKTeX\tex/generic/kvdefinekeys\kvdefine
keys.sty
Package: kvdefinekeys 2019-12-19 v1.6 Define keys (HO)
)
(C:\Users\th_ki\AppData\Local\Programs\MiKTeX\tex/generic/pdfescape\pdfescape.s
ty
Package: pdfescape 2019/12/09 v1.15 Implements pdfTeX's escape features (HO)

(C:\Users\th_ki\AppData\Local\Programs\MiKTeX\tex/generic/pdftexcmds\pdftexcmds
.sty
Package: pdftexcmds 2020-06-27 v0.33 Utility functions of pdfTeX for LuaTeX (HO
)

(C:\Users\th_ki\AppData\Local\Programs\MiKTeX\tex/generic/infwarerr\infwarerr.s
ty
Package: infwarerr 2019/12/03 v1.5 Providing info/warning/error messages (HO)
)
Package pdftexcmds Info: \pdf@primitive is available.
Package pdftexcmds Info: \pdf@ifprimitive is available.
Package pdftexcmds Info: \pdfdraftmode not found.
)) (C:\Users\th_ki\AppData\Local\Programs\MiKTeX\tex/latex/hycolor\hycolor.sty
Package: hycolor 2020-01-27 v1.10 Color options for hyperref/bookmark (HO)
) (C:\Users\th_ki\AppData\Local\Programs\MiKTeX\tex/latex/hyperref\nameref.sty
Package: nameref 2025-06-21 v2.57 Cross-referencing by name of section
(C:\Users\th_ki\AppData\Local\Programs\MiKTeX\tex/latex/refcount\refcount.sty
Package: refcount 2019/12/15 v3.6 Data extraction from label references (HO)
)
(C:\Users\th_ki\AppData\Local\Programs\MiKTeX\tex/generic/gettitlestring\gettit
lestring.sty
Package: gettitlestring 2019/12/15 v1.6 Cleanup title references (HO)
)
\c@section@level=\count327
)
(C:\Users\th_ki\AppData\Local\Programs\MiKTeX\tex/generic/stringenc\stringenc.s
ty
Package: stringenc 2019/11/29 v1.12 Convert strings between diff. encodings (HO
)
)
\@linkdim=\dimen183
\Hy@linkcounter=\count328
\Hy@pagecounter=\count329
(C:\Users\th_ki\AppData\Local\Programs\MiKTeX\tex/latex/hyperref\pd1enc.def
File: pd1enc.def 2025-07-12 v7.01o Hyperref: PDFDocEncoding definition (HO)
) (C:\Users\th_ki\AppData\Local\Programs\MiKTeX\tex/generic/intcalc\intcalc.sty
Package: intcalc 2019/12/15 v1.3 Expandable calculations with integers (HO)
)
\Hy@SavedSpaceFactor=\count330
(C:\Users\th_ki\AppData\Local\Programs\MiKTeX\tex/latex/hyperref\puenc.def
File: puenc.def 2025-07-12 v7.01o Hyperref: PDF Unicode definition (HO)

(C:\Users\th_ki\AppData\Local\Programs\MiKTeX\tex/latex/greek-fontenc\puenc-gre
ek.def
File: puenc-greek.def 2023-09-12 2.5 Greek LICRs for PDF strings

(C:\Users\th_ki\AppData\Local\Programs\MiKTeX\tex/latex/greek-fontenc\greek-fon
tenc.def
File: greek-fontenc.def 2023-09-12 2.5 Common Greek font encoding definitions
)
LaTeX Encoding Info:    Redeclaring text command \textmu (encoding PU) on input
 line 179.
)
LaTeX Encoding Info:    Redeclaring text command \textohm (encoding PU) on inpu
t line 1176.
)
Package hyperref Info: Option `setpagesize' set `false' on input line 4066.
Package hyperref Info: Option `unicode' set `false' on input line 4066.
Package hyperref Info: Hyper figures OFF on input line 4195.
Package hyperref Info: Link nesting OFF on input line 4200.
Package hyperref Info: Hyper index ON on input line 4203.
Package hyperref Info: Plain pages OFF on input line 4210.
Package hyperref Info: Backreferencing OFF on input line 4215.
Package hyperref Info: Implicit mode ON; LaTeX internals redefined.
Package hyperref Info: Bookmarks ON on input line 4462.
\c@Hy@tempcnt=\count331
LaTeX Info: Redefining \url on input line 4801.
\XeTeXLinkMargin=\dimen184
(C:\Users\th_ki\AppData\Local\Programs\MiKTeX\tex/generic/bitset\bitset.sty
Package: bitset 2019/12/09 v1.3 Handle bit-vector datatype (HO)

(C:\Users\th_ki\AppData\Local\Programs\MiKTeX\tex/generic/bigintcalc\bigintcalc
.sty
Package: bigintcalc 2019/12/15 v1.5 Expandable calculations on big integers (HO
)
))
\Fld@menulength=\count332
\Field@Width=\dimen185
\Fld@charsize=\dimen186
Package hyperref Info: Hyper figures OFF on input line 6078.
Package hyperref Info: Link nesting OFF on input line 6083.
Package hyperref Info: Hyper index ON on input line 6086.
Package hyperref Info: backreferencing OFF on input line 6093.
Package hyperref Info: Link coloring OFF on input line 6098.
Package hyperref Info: Link coloring with OCG OFF on input line 6103.
Package hyperref Info: PDF/A mode OFF on input line 6108.
\Hy@abspage=\count333
\c@Item=\count334
\c@Hfootnote=\count335
)
Package hyperref Info: Driver: hxetex.
(C:\Users\th_ki\AppData\Local\Programs\MiKTeX\tex/latex/hyperref\hxetex.def
File: hxetex.def 2025-07-12 v7.01o Hyperref driver for XeTeX
\pdfm@box=\box67
\c@Hy@AnnotLevel=\count336
\HyField@AnnotCount=\count337
\Fld@listcount=\count338
\c@bookmark@seq@number=\count339

(C:\Users\th_ki\AppData\Local\Programs\MiKTeX\tex/latex/rerunfilecheck\rerunfil
echeck.sty
Package: rerunfilecheck 2025-06-21 v1.11 Rerun checks for auxiliary files (HO)

(C:\Users\th_ki\AppData\Local\Programs\MiKTeX\tex/generic/uniquecounter\uniquec
ounter.sty
Package: uniquecounter 2019/12/15 v1.4 Provide unlimited unique counter (HO)
)
Package uniquecounter Info: New unique counter `rerunfilecheck' on input line 2
84.
)
\Hy@SectionHShift=\skip59
)
Package hyperref Info: Option `breaklinks' set `true' on input line 51.

Package hyperref Warning: Option `bookmarks' has already been used,
(hyperref)                setting the option has no effect on input line 51.


(C:\Users\th_ki\AppData\Local\Programs\MiKTeX\tex/generic/stringenc\se-ascii-pr
int.def
File: se-ascii-print.def 2019/11/29 v1.12 stringenc: Printable ASCII characters

)
Package hyperref Info: Option `colorlinks' set `false' on input line 51.
(C:\Users\th_ki\AppData\Local\Programs\MiKTeX\tex/latex/tools\longtable.sty
Package: longtable 2024-12-18 v4.23 Multi-page Table package (DPC)
\LTleft=\skip60
\LTright=\skip61
\LTpre=\skip62
\LTpost=\skip63
\LTchunksize=\count340
\LTcapwidth=\dimen187
\LT@head=\box68
\LT@firsthead=\box69
\LT@foot=\box70
\LT@lastfoot=\box71
\LT@gbox=\box72
\LT@cols=\count341
\LT@rows=\count342
\c@LT@tables=\count343
\c@LT@chunks=\count344
\LT@p@ftn=\toks34
) (C:\Users\th_ki\AppData\Local\Programs\MiKTeX\tex/latex/booktabs\booktabs.sty
Package: booktabs 2020/01/12 v1.61803398 Publication quality tables
\heavyrulewidth=\dimen188
\lightrulewidth=\dimen189
\cmidrulewidth=\dimen190
\belowrulesep=\dimen191
\belowbottomsep=\dimen192
\aboverulesep=\dimen193
\abovetopsep=\dimen194
\cmidrulesep=\dimen195
\cmidrulekern=\dimen196
\defaultaddspace=\dimen197
\@cmidla=\count345
\@cmidlb=\count346
\@aboverulesep=\dimen198
\@belowrulesep=\dimen199
\@thisruleclass=\count347
\@lastruleclass=\count348
\@thisrulewidth=\dimen256
) (C:\Users\th_ki\AppData\Local\Programs\MiKTeX\tex/latex/tools\array.sty
Package: array 2025/06/08 v2.6j Tabular extension package (FMi)
\col@sep=\dimen257
\ar@mcellbox=\box73
\extrarowheight=\dimen258
\NC@list=\toks35
\extratabsurround=\skip64
\backup@length=\skip65
\ar@cellbox=\box74
) (C:\Users\th_ki\AppData\Local\Programs\MiKTeX\tex/latex/tools\calc.sty
Package: calc 2025/03/01 v4.3b Infix arithmetic (KKT,FJ)
\calc@Acount=\count349
\calc@Bcount=\count350
\calc@Adimen=\dimen259
\calc@Bdimen=\dimen260
\calc@Askip=\skip66
\calc@Bskip=\skip67
LaTeX Info: Redefining \setlength on input line 86.
LaTeX Info: Redefining \addtolength on input line 87.
\calc@Ccount=\count351
\calc@Cskip=\skip68
)
(C:\Users\th_ki\AppData\Local\Programs\MiKTeX\tex/latex/footnotehyper\footnoteh
yper.sty
Package: footnotehyper 2021/08/13 v1.1e hyperref aware footnote.sty (JFB)
\FNH@notes=\box75
\FNH@width=\dimen261
\FNH@toks=\toks36
) (C:\Users\th_ki\AppData\Local\Programs\MiKTeX\tex/latex/multirow\multirow.sty
Package: multirow 2024/11/12 v2.9 Span multiple rows of a table
\multirow@colwidth=\skip69
\multirow@cntb=\count352
\multirow@dima=\skip70
\bigstrutjot=\dimen262
) (C:\Users\th_ki\AppData\Local\Programs\MiKTeX\tex/latex/wrapfig\wrapfig.sty
\wrapoverhang=\dimen263
\WF@size=\dimen264
\c@WF@wrappedlines=\count353
\WF@box=\box76
\WF@everypar=\toks37
Package: wrapfig 2003/01/31  v 3.6
) (C:\Users\th_ki\AppData\Local\Programs\MiKTeX\tex/latex/colortbl\colortbl.sty
Package: colortbl 2024/10/29 v1.0k Color table columns (DPC)
(C:\Users\th_ki\AppData\Local\Programs\MiKTeX\tex/latex/graphics\color.sty
Package: color 2025/01/14 v1.3e Standard LaTeX Color (DPC)
(C:\Users\th_ki\AppData\Local\Programs\MiKTeX\tex/latex/graphics-cfg\color.cfg
File: color.cfg 2016/01/02 v1.6 sample color configuration
)
Package color Info: Driver file: xetex.def on input line 149.
(C:\Users\th_ki\AppData\Local\Programs\MiKTeX\tex/latex/graphics\mathcolor.ltx)
)
\everycr=\toks38
\minrowclearance=\skip71
\rownum=\count354
)
(C:\Users\th_ki\AppData\Local\Programs\MiKTeX\tex/latex/pdflscape\pdflscape.sty
Package: pdflscape 2022-10-27 v0.13 Display of landscape pages in PDF

(C:\Users\th_ki\AppData\Local\Programs\MiKTeX\tex/latex/pdflscape\pdflscape-nom
etadata.sty
Package: pdflscape-nometadata 2022-10-28 v0.13 Display of landscape pages in PD
F (HO)
(C:\Users\th_ki\AppData\Local\Programs\MiKTeX\tex/latex/graphics\lscape.sty
Package: lscape 2020/05/28 v3.02 Landscape Pages (DPC)
)
Package pdflscape Info: Auto-detected driver: dvipdfm (xetex) on input line 98.

)) (C:\Users\th_ki\AppData\Local\Programs\MiKTeX\tex/latex/float\float.sty
Package: float 2001/11/08 v1.3d Float enhancements (AL)
\c@float@type=\count355
\float@exts=\toks39
\float@box=\box77
\@float@everytoks=\toks40
\@floatcapt=\box78
) (C:\Users\th_ki\AppData\Local\Programs\MiKTeX\tex/latex/xcolor\xcolor.sty
Package: xcolor 2024/09/29 v3.02 LaTeX color extensions (UK)
(C:\Users\th_ki\AppData\Local\Programs\MiKTeX\tex/latex/graphics-cfg\color.cfg
File: color.cfg 2016/01/02 v1.6 sample color configuration
)
Package xcolor Info: Driver file: xetex.def on input line 274.
LaTeX Info: Redefining \color on input line 762.
(C:\Users\th_ki\AppData\Local\Programs\MiKTeX\tex/latex/graphics\mathcolor.ltx)
Package xcolor Info: Model `cmy' substituted by `cmy0' on input line 1349.
Package xcolor Info: Model `RGB' extended on input line 1365.
Package xcolor Info: Model `HTML' substituted by `rgb' on input line 1367.
Package xcolor Info: Model `Hsb' substituted by `hsb' on input line 1368.
Package xcolor Info: Model `tHsb' substituted by `hsb' on input line 1369.
Package xcolor Info: Model `HSB' substituted by `hsb' on input line 1370.
Package xcolor Info: Model `Gray' substituted by `gray' on input line 1371.
Package xcolor Info: Model `wave' substituted by `hsb' on input line 1372.
) (C:\Users\th_ki\AppData\Local\Programs\MiKTeX\tex/latex/tabu\tabu.sty
Package: tabu 2019/01/11 v2.9 - flexible LaTeX tabulars (FC+tabu-fixed)
(C:\Users\th_ki\AppData\Local\Programs\MiKTeX\tex/latex/varwidth\varwidth.sty
Package: varwidth 2009/03/30 ver 0.92;  Variable-width minipages
\@vwid@box=\box79
\sift@deathcycles=\count356
\@vwid@loff=\dimen265
\@vwid@roff=\dimen266
)
==> First Aid for varwidth.sty applied!
\c@taburow=\count357
\tabu@nbcols=\count358
\tabu@cnt=\count359
\tabu@Xcol=\count360
\tabu@alloc=\count361
\tabu@nested=\count362
\tabu@target=\dimen267
\tabu@spreadtarget=\dimen268
\tabu@naturalX=\dimen269
\tabucolX=\dimen270
\tabu@Xsum=\dimen271
\extrarowdepth=\dimen272
\abovetabulinesep=\dimen273
\belowtabulinesep=\dimen274
\tabustrutrule=\dimen275
\tabu@thebody=\toks41
\tabu@footnotes=\toks42
\tabu@box=\box80
\tabu@arstrutbox=\box81
\tabu@hleads=\box82
\tabu@vleads=\box83
\tabu@cellskip=\skip72
)
(C:\Users\th_ki\AppData\Local\Programs\MiKTeX\tex/latex/threeparttable\threepar
ttable.sty
Package: threeparttable 2003/06/13  v 3.0
\@tempboxb=\box84
)
(C:\Users\th_ki\AppData\Local\Programs\MiKTeX\tex/latex/threeparttablex\threepa
rttablex.sty
Package: threeparttablex 2013/07/23 v0.3 by daleif
(C:\Users\th_ki\AppData\Local\Programs\MiKTeX\tex/latex/environ\environ.sty
Package: environ 2014/05/04 v0.3 A new way to define environments

(C:\Users\th_ki\AppData\Local\Programs\MiKTeX\tex/latex/trimspaces\trimspaces.s
ty
Package: trimspaces 2009/09/17 v1.1 Trim spaces around a token list
))
\TPTL@width=\skip73
) (C:\Users\th_ki\AppData\Local\Programs\MiKTeX\tex/latex/ulem\ulem.sty
\UL@box=\box85
\UL@hyphenbox=\box86
\UL@skip=\skip74
\UL@hook=\toks43
\UL@height=\dimen276
\UL@pe=\count363
\UL@pixel=\dimen277
\ULC@box=\box87
Package: ulem 2019/11/18
\ULdepth=\dimen278
) (C:\Users\th_ki\AppData\Local\Programs\MiKTeX\tex/latex/makecell\makecell.sty
Package: makecell 2009/08/03 V0.1e Managing of Tab Column Heads and Cells
\rotheadsize=\dimen279
\c@nlinenum=\count364
\TeXr@lab=\toks44
) (paper.aux)
\openout1 = `paper.aux'.

LaTeX Font Info:    Checking defaults for OML/cmm/m/it on input line 109.
LaTeX Font Info:    ... okay on input line 109.
LaTeX Font Info:    Checking defaults for OMS/cmsy/m/n on input line 109.
LaTeX Font Info:    ... okay on input line 109.
LaTeX Font Info:    Checking defaults for OT1/cmr/m/n on input line 109.
LaTeX Font Info:    ... okay on input line 109.
LaTeX Font Info:    Checking defaults for T1/cmr/m/n on input line 109.
LaTeX Font Info:    ... okay on input line 109.
LaTeX Font Info:    Checking defaults for TS1/cmr/m/n on input line 109.
LaTeX Font Info:    ... okay on input line 109.
LaTeX Font Info:    Checking defaults for TU/lmr/m/n on input line 109.
LaTeX Font Info:    ... okay on input line 109.
LaTeX Font Info:    Checking defaults for OMX/cmex/m/n on input line 109.
LaTeX Font Info:    ... okay on input line 109.
LaTeX Font Info:    Checking defaults for U/cmr/m/n on input line 109.
LaTeX Font Info:    ... okay on input line 109.
LaTeX Font Info:    Checking defaults for T3/cmr/m/n on input line 109.
LaTeX Font Info:    Trying to load font information for T3+cmr on input line 10
9.
(C:\Users\th_ki\AppData\Local\Programs\MiKTeX\tex/latex/tipa\t3cmr.fd
File: t3cmr.fd 2001/12/31 TIPA font definitions
)
LaTeX Font Info:    ... okay on input line 109.
LaTeX Font Info:    Checking defaults for PD1/pdf/m/n on input line 109.
LaTeX Font Info:    ... okay on input line 109.
LaTeX Font Info:    Checking defaults for PU/pdf/m/n on input line 109.
LaTeX Font Info:    ... okay on input line 109.
*geometry* driver: auto-detecting
*geometry* detected driver: xetex
*geometry* verbose mode - [ preamble ] result:
* driver: xetex
* paper: custom
* layout: <same size as paper>
* layoutoffset:(h,v)=(0.0pt,0.0pt)
* hratio: 1:1
* vratio: 1:1
* modes: 
* h-part:(L,W,R)=(106.75394pt, 384.0pt, 106.75394pt)
* v-part:(T,H,B)=(141.52342pt, 562.0pt, 141.52342pt)
* \paperwidth=597.50787pt
* \paperheight=845.04684pt
* \textwidth=384.0pt
* \textheight=562.0pt
* \oddsidemargin=34.48395pt
* \evensidemargin=34.48395pt
* \topmargin=7.25343pt
* \headheight=50.0pt
* \headsep=12.0pt
* \topskip=10.0pt
* \footskip=12.0pt
* \marginparwidth=65.0pt
* \marginparsep=11.0pt
* \columnsep=10.0pt
* \skip\footins=24.0pt plus 2.0pt minus 12.0pt
* \hoffset=0.0pt
* \voffset=0.0pt
* \mag=1000
* \@twocolumnfalse
* \@twosidefalse
* \@mparswitchfalse
* \@reversemarginfalse
* (1in=72.27pt=25.4mm, 1cm=28.453pt)

Package microtype Info: Patching varwidth to enable character protrusion.
\MT@vwid@leftmargin=\dimen280
\MT@vwid@rightmargin=\dimen281
LaTeX Info: Redefining \microtypecontext on input line 109.
Package microtype Info: Applying patch `item' on input line 109.
Package microtype Info: Applying patch `toc' on input line 109.
Package microtype Info: Applying patch `eqnum' on input line 109.
Package microtype Info: Applying patch `footnote' on input line 109.
Package microtype Info: Applying patch `verbatim' on input line 109.
LaTeX Info: Redefining \microtypesetup on input line 109.
Package microtype Info: Character protrusion enabled (level 2).
Package microtype Info: Using default protrusion set `alltext'.
Package microtype Info: No adjustment of tracking.
Package microtype Info: No adjustment of spacing.
Package microtype Info: No adjustment of kerning.

(C:\Users\th_ki\AppData\Local\Programs\MiKTeX\tex/latex/microtype\mt-LatinModer
nRoman.cfg
File: mt-LatinModernRoman.cfg 2021/02/21 v1.1 microtype config. file: Latin Mod
ern Roman (RS)
)
Package hyperref Info: Link coloring OFF on input line 109.
(paper.out) (paper.out)
\@outlinefile=\write4
\openout4 = `paper.out'.

Package microtype Info: Loading generic protrusion settings for font family
(microtype)             `lmss' (encoding: TU).
(microtype)             For optimal results, create family-specific settings.
(microtype)             See the microtype manual for details.
LaTeX Font Info:    Trying to load font information for OT1+lmr on input line 1
29.
(C:\Users\th_ki\AppData\Local\Programs\MiKTeX\tex/latex/lm\ot1lmr.fd
File: ot1lmr.fd 2015/05/01 v1.6.1 Font defs for Latin Modern
)
Package microtype Info: Loading generic protrusion settings for font family
(microtype)             `lmr' (encoding: OT1).
(microtype)             For optimal results, create family-specific settings.
(microtype)             See the microtype manual for details.
LaTeX Font Info:    Trying to load font information for OML+lmm on input line 1
29.
(C:\Users\th_ki\AppData\Local\Programs\MiKTeX\tex/latex/lm\omllmm.fd
File: omllmm.fd 2015/05/01 v1.6.1 Font defs for Latin Modern
)
LaTeX Font Info:    Trying to load font information for OMS+lmsy on input line 
129.
(C:\Users\th_ki\AppData\Local\Programs\MiKTeX\tex/latex/lm\omslmsy.fd
File: omslmsy.fd 2015/05/01 v1.6.1 Font defs for Latin Modern
)
LaTeX Font Info:    Trying to load font information for OMX+lmex on input line 
129.
(C:\Users\th_ki\AppData\Local\Programs\MiKTeX\tex/latex/lm\omxlmex.fd
File: omxlmex.fd 2015/05/01 v1.6.1 Font defs for Latin Modern
)
LaTeX Font Info:    External font `lmex10' loaded for size
(Font)              <10> on input line 129.
LaTeX Font Info:    External font `lmex10' loaded for size
(Font)              <7> on input line 129.
LaTeX Font Info:    External font `lmex10' loaded for size
(Font)              <5> on input line 129.
LaTeX Font Info:    Trying to load font information for U+msa on input line 129
.
(C:\Users\th_ki\AppData\Local\Programs\MiKTeX\tex/latex/amsfonts\umsa.fd
File: umsa.fd 2013/01/14 v3.01 AMS symbols A
) (C:\Users\th_ki\AppData\Local\Programs\MiKTeX\tex/latex/microtype\mt-msa.cfg
File: mt-msa.cfg 2006/02/04 v1.1 microtype config. file: AMS symbols (a) (RS)
)
LaTeX Font Info:    Trying to load font information for U+msb on input line 129
.
(C:\Users\th_ki\AppData\Local\Programs\MiKTeX\tex/latex/amsfonts\umsb.fd
File: umsb.fd 2013/01/14 v3.01 AMS symbols B
) (C:\Users\th_ki\AppData\Local\Programs\MiKTeX\tex/latex/microtype\mt-msb.cfg
File: mt-msb.cfg 2005/06/01 v1.0 microtype config. file: AMS symbols (b) (RS)
)
LaTeX Font Info:    External font `lmex10' loaded for size
(Font)              <8> on input line 129.
LaTeX Font Info:    External font `lmex10' loaded for size
(Font)              <6> on input line 129.
Package microtype Info: Loading generic protrusion settings for font family
(microtype)             `lmtt' (encoding: TU).
(microtype)             For optimal results, create family-specific settings.
(microtype)             See the microtype manual for details.



Overfull \hbox (2.22pt too wide) has occurred while \output is active
[] 
 []


Package hyperref Warning: Token not allowed in a PDF string (Unicode):
(hyperref)                removing `\<def>-command' on input line 147.


Package hyperref Warning: Token not allowed in a PDF string (Unicode):
(hyperref)                removing `\cnotenum' on input line 147.


Package hyperref Warning: Token not allowed in a PDF string (Unicode):
(hyperref)                removing `\<def>-command' on input line 147.


Package hyperref Warning: Token not allowed in a PDF string (Unicode):
(hyperref)                removing `\@corref' on input line 147.

[1

]
Overfull \hbox (93.75pt too wide) in paragraph at lines 337--337
[]\TU/lmtt/m/n/10 ## [solve_lp_with_gurobi] 312907 vars | 27183 constrs | 97732
2 nnz | sense=max | start=none[] 
 []


Overfull \hbox (62.25pt too wide) in paragraph at lines 337--337
[]\TU/lmtt/m/n/10 ## Gurobi Optimizer version 12.0.1 build v12.0.1rc0 (win64 - 
Windows 11+.0 (26200.2))[] 
 []


Overfull \hbox (88.5pt too wide) in paragraph at lines 337--337
[]\TU/lmtt/m/n/10 ## CPU model: AMD Ryzen AI 9 HX 370 w/ Radeon 890M, instructi
on set [SSE2|AVX|AVX2|AVX512][] 
 []


Overfull \hbox (41.25pt too wide) in paragraph at lines 337--337
[]\TU/lmtt/m/n/10 ## Thread count: 12 physical cores, 24 logical processors, us
ing up to 24 threads[] 
 []



[2]
Overfull \hbox (51.75pt too wide) in paragraph at lines 337--337
[]\TU/lmtt/m/n/10 ## Deterministic concurrent LP optimizer: primal simplex, dua
l simplex, and barrier[] 
 []


Overfull \hbox (15.0pt too wide) in paragraph at lines 337--337
[]\TU/lmtt/m/n/10 ## Iter       Primal          Dual         Primal    Dual    
 Compl     Time[] 
 []


Overfull \hbox (15.0pt too wide) in paragraph at lines 337--337
[]\TU/lmtt/m/n/10 ##    0  -1.27238033e+17  2.30657289e+17  2.46e+09 2.33e+06  
7.99e+13     4s[] 
 []


Overfull \hbox (15.0pt too wide) in paragraph at lines 337--337
[]\TU/lmtt/m/n/10 ##    1  -5.04199417e+16  2.04695645e+17  9.71e+08 5.34e+06  
3.23e+13     4s[] 
 []


Overfull \hbox (15.0pt too wide) in paragraph at lines 337--337
[]\TU/lmtt/m/n/10 ##    2  -6.81438217e+15  1.58107025e+17  1.26e+08 4.55e+05  
4.44e+12     4s[] 
 []


Overfull \hbox (15.0pt too wide) in paragraph at lines 337--337
[]\TU/lmtt/m/n/10 ##    3  -1.88672858e+15  8.72316847e+16  3.22e+07 3.35e+04  
1.18e+12     4s[] 
 []


Overfull \hbox (15.0pt too wide) in paragraph at lines 337--337
[]\TU/lmtt/m/n/10 ##    4  -3.97794604e+14  4.46059668e+16  5.93e+06 1.12e+04  
2.59e+11     4s[] 
 []


Overfull \hbox (15.0pt too wide) in paragraph at lines 337--337
[]\TU/lmtt/m/n/10 ##    5  -8.49501815e+13  1.88357394e+16  1.15e+06 1.59e+03  
6.94e+10     4s[] 
 []


Overfull \hbox (15.0pt too wide) in paragraph at lines 337--337
[]\TU/lmtt/m/n/10 ##    6  -2.68767003e+13  9.79902059e+15  1.88e+05 6.98e+02  
2.79e+10     4s[] 
 []



[3]
Overfull \hbox (15.0pt too wide) in paragraph at lines 337--337
[]\TU/lmtt/m/n/10 ##    7  -4.01671381e+12  6.59281020e+15  1.67e+04 4.40e+02  
1.33e+10     4s[] 
 []


Overfull \hbox (15.0pt too wide) in paragraph at lines 337--337
[]\TU/lmtt/m/n/10 ##    8  -1.80913625e+12  3.16542978e+15  7.17e+03 1.52e+02  
6.17e+09     5s[] 
 []


Overfull \hbox (15.0pt too wide) in paragraph at lines 337--337
[]\TU/lmtt/m/n/10 ##    9  -7.25487760e+11  1.00688933e+15  2.48e+03 2.11e+01  
1.91e+09     5s[] 
 []


Overfull \hbox (15.0pt too wide) in paragraph at lines 337--337
[]\TU/lmtt/m/n/10 ##   10  -3.85787441e+11  1.05717787e+14  1.02e+03 6.88e-08  
2.08e+08     5s[] 
 []


Overfull \hbox (15.0pt too wide) in paragraph at lines 337--337
[]\TU/lmtt/m/n/10 ##   11  -3.41807499e+11  7.76593023e+13  8.42e+02 9.73e-08  
1.54e+08     5s[] 
 []


Overfull \hbox (15.0pt too wide) in paragraph at lines 337--337
[]\TU/lmtt/m/n/10 ##   12  -3.12174733e+11  5.32639810e+13  7.21e+02 5.58e-08  
1.07e+08     5s[] 
 []


Overfull \hbox (15.0pt too wide) in paragraph at lines 337--337
[]\TU/lmtt/m/n/10 ##   13  -2.32575974e+11  2.36218750e+13  4.34e+02 6.89e-08  
5.03e+07     5s[] 
 []


Overfull \hbox (15.0pt too wide) in paragraph at lines 337--337
[]\TU/lmtt/m/n/10 ##   14  -1.37689645e+11  4.50041646e+12  1.49e+02 7.45e-08  
1.19e+07     5s[] 
 []


Overfull \hbox (15.0pt too wide) in paragraph at lines 337--337
[]\TU/lmtt/m/n/10 ##   15  -1.10219518e+11  2.41466677e+12  6.99e+01 1.01e-07  
6.38e+06     5s[] 
 []


Overfull \hbox (15.0pt too wide) in paragraph at lines 337--337
[]\TU/lmtt/m/n/10 ##   16  -1.04872786e+11  2.20177064e+12  5.66e+01 1.49e-07  
5.68e+06     5s[] 
 []


Overfull \hbox (15.0pt too wide) in paragraph at lines 337--337
[]\TU/lmtt/m/n/10 ##   17  -8.20518347e+10  1.99548634e+12  4.23e+01 2.14e-07  
4.90e+06     5s[] 
 []


Overfull \hbox (15.0pt too wide) in paragraph at lines 337--337
[]\TU/lmtt/m/n/10 ##   18  -5.69333690e+10  1.21912826e+12  2.75e+01 1.19e-07  
3.03e+06     6s[] 
 []


Overfull \hbox (15.0pt too wide) in paragraph at lines 337--337
[]\TU/lmtt/m/n/10 ##   19  -3.80307534e+10  1.15364221e+12  1.77e+01 1.68e-07  
2.62e+06     6s[] 
 []


Overfull \hbox (15.0pt too wide) in paragraph at lines 337--337
[]\TU/lmtt/m/n/10 ##   20  -2.66490448e+10  4.52218888e+11  1.23e+01 8.01e-08  
1.13e+06     6s[] 
 []


Overfull \hbox (15.0pt too wide) in paragraph at lines 337--337
[]\TU/lmtt/m/n/10 ##   21  -1.32031252e+10  3.17549827e+11  6.06e+00 6.89e-08  
7.09e+05     6s[] 
 []


Overfull \hbox (15.0pt too wide) in paragraph at lines 337--337
[]\TU/lmtt/m/n/10 ##   22  -1.09058418e+10  2.36203225e+11  5.05e+00 8.01e-08  
5.23e+05     6s[] 
 []


Overfull \hbox (15.0pt too wide) in paragraph at lines 337--337
[]\TU/lmtt/m/n/10 ##   23  -7.59270974e+09  1.64975714e+11  3.64e+00 6.52e-08  
3.55e+05     6s[] 
 []


Overfull \hbox (15.0pt too wide) in paragraph at lines 337--337
[]\TU/lmtt/m/n/10 ##   24  -5.57530507e+09  1.19898544e+11  2.80e+00 5.59e-08  
2.52e+05     6s[] 
 []


Overfull \hbox (15.0pt too wide) in paragraph at lines 337--337
[]\TU/lmtt/m/n/10 ##   25  -2.92433908e+09  7.60099060e+10  1.73e+00 4.10e-08  
1.53e+05     6s[] 
 []


Overfull \hbox (15.0pt too wide) in paragraph at lines 337--337
[]\TU/lmtt/m/n/10 ##   26  -1.42927532e+09  3.18124346e+10  1.12e+00 2.61e-08  
6.32e+04     6s[] 
 []


Overfull \hbox (15.0pt too wide) in paragraph at lines 337--337
[]\TU/lmtt/m/n/10 ##   27  -8.26573224e+08  2.27715950e+10  8.98e-01 2.05e-08  
4.43e+04     6s[] 
 []


Overfull \hbox (15.0pt too wide) in paragraph at lines 337--337
[]\TU/lmtt/m/n/10 ##   28  -3.51216792e+08  1.77726999e+10  7.28e-01 1.49e-08  
3.38e+04     7s[] 
 []


Overfull \hbox (15.0pt too wide) in paragraph at lines 337--337
[]\TU/lmtt/m/n/10 ##   29   4.19161754e+08  1.34506875e+10  4.61e-01 9.31e-09  
2.40e+04     7s[] 
 []


Overfull \hbox (15.0pt too wide) in paragraph at lines 337--337
[]\TU/lmtt/m/n/10 ##   30   8.47139246e+08  9.96479607e+09  3.24e-01 1.12e-08  
1.67e+04     7s[] 
 []


Overfull \hbox (15.0pt too wide) in paragraph at lines 337--337
[]\TU/lmtt/m/n/10 ##   31   1.04456073e+09  7.97935798e+09  2.50e-01 9.31e-09  
1.27e+04     7s[] 
 []


Overfull \hbox (15.0pt too wide) in paragraph at lines 337--337
[]\TU/lmtt/m/n/10 ##   32   1.57500376e+09  5.96973266e+09  9.39e-02 5.59e-09  
8.01e+03     7s[] 
 []


Overfull \hbox (15.0pt too wide) in paragraph at lines 337--337
[]\TU/lmtt/m/n/10 ##   33   1.69966300e+09  5.11733794e+09  7.45e-02 7.45e-09  
6.23e+03     7s[] 
 []


Overfull \hbox (15.0pt too wide) in paragraph at lines 337--337
[]\TU/lmtt/m/n/10 ##   34   1.80541556e+09  4.08300426e+09  6.11e-02 5.59e-09  
4.15e+03     7s[] 
 []


Overfull \hbox (15.0pt too wide) in paragraph at lines 337--337
[]\TU/lmtt/m/n/10 ##   35   1.94792749e+09  3.74581284e+09  4.37e-02 4.66e-09  
3.27e+03     7s[] 
 []


Overfull \hbox (15.0pt too wide) in paragraph at lines 337--337
[]\TU/lmtt/m/n/10 ##   36   2.02573440e+09  3.44169122e+09  3.53e-02 4.66e-09  
2.58e+03     7s[] 
 []


Overfull \hbox (15.0pt too wide) in paragraph at lines 337--337
[]\TU/lmtt/m/n/10 ##   37   2.13289912e+09  3.23990877e+09  2.60e-02 4.66e-09  
2.01e+03     7s[] 
 []



[4]
Overfull \hbox (15.0pt too wide) in paragraph at lines 337--337
[]\TU/lmtt/m/n/10 ##   38   2.29852752e+09  3.05507689e+09  1.13e-02 5.59e-09  
1.38e+03     8s[] 
 []


Overfull \hbox (15.0pt too wide) in paragraph at lines 337--337
[]\TU/lmtt/m/n/10 ##   39   2.34435278e+09  2.87751063e+09  8.16e-03 4.66e-09  
9.71e+02     8s[] 
 []


Overfull \hbox (15.0pt too wide) in paragraph at lines 337--337
[]\TU/lmtt/m/n/10 ##   40   2.39685087e+09  2.78967023e+09  4.91e-03 4.66e-09  
7.15e+02     8s[] 
 []


Overfull \hbox (15.0pt too wide) in paragraph at lines 337--337
[]\TU/lmtt/m/n/10 ##   41   2.43002273e+09  2.72706746e+09  3.18e-03 3.73e-09  
5.41e+02     8s[] 
 []


Overfull \hbox (15.0pt too wide) in paragraph at lines 337--337
[]\TU/lmtt/m/n/10 ##   42   2.44143411e+09  2.68874987e+09  2.71e-03 3.73e-09  
4.50e+02     8s[] 
 []


Overfull \hbox (15.0pt too wide) in paragraph at lines 337--337
[]\TU/lmtt/m/n/10 ##   43   2.46127511e+09  2.62199767e+09  1.95e-03 3.73e-09  
2.93e+02     8s[] 
 []


Overfull \hbox (15.0pt too wide) in paragraph at lines 337--337
[]\TU/lmtt/m/n/10 ##   44   2.47996227e+09  2.59242469e+09  1.31e-03 3.73e-09  
2.05e+02     8s[] 
 []


Overfull \hbox (15.0pt too wide) in paragraph at lines 337--337
[]\TU/lmtt/m/n/10 ##   45   2.49144551e+09  2.57776214e+09  9.40e-04 3.73e-09  
1.57e+02     8s[] 
 []


Overfull \hbox (15.0pt too wide) in paragraph at lines 337--337
[]\TU/lmtt/m/n/10 ##   46   2.49915231e+09  2.56895493e+09  7.11e-04 4.66e-09  
1.27e+02     9s[] 
 []


Overfull \hbox (15.0pt too wide) in paragraph at lines 337--337
[]\TU/lmtt/m/n/10 ##   47   2.50783351e+09  2.55419595e+09  4.62e-04 3.73e-09  
8.44e+01     9s[] 
 []


Overfull \hbox (15.0pt too wide) in paragraph at lines 337--337
[]\TU/lmtt/m/n/10 ##   48   2.51492977e+09  2.54333803e+09  2.69e-04 2.79e-09  
5.17e+01     9s[] 
 []


Overfull \hbox (15.0pt too wide) in paragraph at lines 337--337
[]\TU/lmtt/m/n/10 ##   49   2.51954656e+09  2.53898070e+09  1.50e-04 3.73e-09  
3.54e+01     9s[] 
 []


Overfull \hbox (15.0pt too wide) in paragraph at lines 337--337
[]\TU/lmtt/m/n/10 ##   50   2.52106929e+09  2.53445249e+09  1.11e-04 2.79e-09  
2.44e+01     9s[] 
 []


Overfull \hbox (15.0pt too wide) in paragraph at lines 337--337
[]\TU/lmtt/m/n/10 ##   51   2.52241955e+09  2.53258097e+09  7.68e-05 3.73e-09  
1.85e+01     9s[] 
 []


Overfull \hbox (15.0pt too wide) in paragraph at lines 337--337
[]\TU/lmtt/m/n/10 ##   52   2.52297697e+09  2.53008212e+09  6.33e-05 6.52e-09  
1.29e+01     9s[] 
 []


Overfull \hbox (15.0pt too wide) in paragraph at lines 337--337
[]\TU/lmtt/m/n/10 ##   53   2.52360802e+09  2.52938349e+09  4.89e-05 5.59e-09  
1.05e+01     9s[] 
 []


Overfull \hbox (15.0pt too wide) in paragraph at lines 337--337
[]\TU/lmtt/m/n/10 ##   54   2.52447787e+09  2.52813409e+09  2.82e-05 9.31e-09  
6.66e+00     9s[] 
 []


Overfull \hbox (15.0pt too wide) in paragraph at lines 337--337
[]\TU/lmtt/m/n/10 ##   55   2.52505777e+09  2.52646722e+09  1.47e-05 3.73e-09  
2.57e+00     9s[] 
 []


Overfull \hbox (15.0pt too wide) in paragraph at lines 337--337
[]\TU/lmtt/m/n/10 ##   56   2.52545835e+09  2.52614036e+09  6.40e-06 2.79e-09  
1.24e+00    10s[] 
 []


Overfull \hbox (15.0pt too wide) in paragraph at lines 337--337
[]\TU/lmtt/m/n/10 ##   57   2.52558967e+09  2.52598969e+09  3.79e-06 5.59e-09  
7.29e-01    10s[] 
 []


Overfull \hbox (15.0pt too wide) in paragraph at lines 337--337
[]\TU/lmtt/m/n/10 ##   58   2.52567903e+09  2.52590647e+09  2.05e-06 8.38e-09  
4.14e-01    10s[] 
 []


Overfull \hbox (15.0pt too wide) in paragraph at lines 337--337
[]\TU/lmtt/m/n/10 ##   59   2.52574052e+09  2.52585516e+09  9.55e-07 3.49e-09  
2.09e-01    10s[] 
 []


Overfull \hbox (15.0pt too wide) in paragraph at lines 337--337
[]\TU/lmtt/m/n/10 ##   60   2.52576636e+09  2.52581369e+09  6.02e-07 3.73e-09  
8.62e-02    10s[] 
 []


Overfull \hbox (15.0pt too wide) in paragraph at lines 337--337
[]\TU/lmtt/m/n/10 ##   61   2.52577980e+09  2.52580177e+09  3.77e-07 9.31e-09  
4.00e-02    10s[] 
 []


Overfull \hbox (15.0pt too wide) in paragraph at lines 337--337
[]\TU/lmtt/m/n/10 ##   62   2.52578500e+09  2.52579399e+09  2.44e-07 3.73e-09  
1.64e-02    10s[] 
 []


Overfull \hbox (15.0pt too wide) in paragraph at lines 337--337
[]\TU/lmtt/m/n/10 ##   63   2.52578709e+09  2.52579207e+09  3.17e-07 4.66e-09  
9.07e-03    10s[] 
 []


Overfull \hbox (15.0pt too wide) in paragraph at lines 337--337
[]\TU/lmtt/m/n/10 ##   64   2.52578906e+09  2.52579109e+09  9.92e-07 4.66e-09  
3.70e-03    10s[] 
 []


Overfull \hbox (15.0pt too wide) in paragraph at lines 337--337
[]\TU/lmtt/m/n/10 ##   65   2.52579012e+09  2.52579068e+09  1.78e-06 4.39e-09  
1.02e-03    10s[] 
 []


Overfull \hbox (15.0pt too wide) in paragraph at lines 337--337
[]\TU/lmtt/m/n/10 ##   66   2.52579052e+09  2.52579057e+09  1.74e-07 3.83e-09  
9.37e-05    11s[] 
 []


Overfull \hbox (15.0pt too wide) in paragraph at lines 337--337
[]\TU/lmtt/m/n/10 ##   67   2.52579056e+09  2.52579056e+09  4.15e-10 4.19e-09  
2.88e-07    11s[] 
 []


Overfull \hbox (15.0pt too wide) in paragraph at lines 337--337
[]\TU/lmtt/m/n/10 ##   68   2.52579056e+09  2.52579056e+09  5.69e-09 4.66e-09  
6.03e-12    11s[] 
 []



[5]
Overfull \hbox (20.25pt too wide) in paragraph at lines 337--337
[]\TU/lmtt/m/n/10 ## Barrier solved model in 68 iterations and 10.84 seconds (1
4.04 work units)[] 
 []


Overfull \hbox (109.5pt too wide) in paragraph at lines 337--337
[]\TU/lmtt/m/n/10 ## Root relaxation: objective 2.525791e+09, 18857 iterations,
 14.02 seconds (10.30 work units)[] 
 []


Overfull \hbox (9.75pt too wide) in paragraph at lines 337--337
[]\TU/lmtt/m/n/10 ##     Nodes    |    Current Node    |     Objective Bounds  
    |     Work[] 
 []


Overfull \hbox (30.75pt too wide) in paragraph at lines 337--337
[]\TU/lmtt/m/n/10 ##  Expl Unexpl |  Obj  Depth IntInf | Incumbent    BestBd   
Gap | It/Node Time[] 
 []



[6]
Overfull \hbox (20.25pt too wide) in paragraph at lines 337--337
[]\TU/lmtt/m/n/10 ##      0     0 2.5258e+09    0  922 1789027.87 2.5258e+09   
   -     -   37s[] 
 []


Overfull \hbox (20.25pt too wide) in paragraph at lines 337--337
[]\TU/lmtt/m/n/10 ## H    0     0                    1.739327e+09 2.5258e+09  4
5.2%     -   40s[] 
 []


Overfull \hbox (20.25pt too wide) in paragraph at lines 337--337
[]\TU/lmtt/m/n/10 ## H    0     0                    1.751460e+09 2.5258e+09  4
4.2%     -   40s[] 
 []


Overfull \hbox (20.25pt too wide) in paragraph at lines 337--337
[]\TU/lmtt/m/n/10 ## H    0     0                    1.780348e+09 2.5258e+09  4
1.9%     -   40s[] 
 []


Overfull \hbox (20.25pt too wide) in paragraph at lines 337--337
[]\TU/lmtt/m/n/10 ## H    0     0                    1.833217e+09 2.5258e+09  3
7.8%     -   41s[] 
 []


Overfull \hbox (20.25pt too wide) in paragraph at lines 337--337
[]\TU/lmtt/m/n/10 ## H    0     0                    1.889184e+09 2.5258e+09  3
3.7%     -   42s[] 
 []


Overfull \hbox (20.25pt too wide) in paragraph at lines 337--337
[]\TU/lmtt/m/n/10 ## H    0     0                    1.896653e+09 2.5258e+09  3
3.2%     -   42s[] 
 []


Overfull \hbox (20.25pt too wide) in paragraph at lines 337--337
[]\TU/lmtt/m/n/10 ## H    0     0                    1.907201e+09 2.5258e+09  3
2.4%     -   42s[] 
 []


Overfull \hbox (20.25pt too wide) in paragraph at lines 337--337
[]\TU/lmtt/m/n/10 ## H    0     0                    1.923624e+09 2.5258e+09  3
1.3%     -   42s[] 
 []


Overfull \hbox (20.25pt too wide) in paragraph at lines 337--337
[]\TU/lmtt/m/n/10 ## H    0     0                    2.089427e+09 2.5258e+09  2
0.9%     -   43s[] 
 []


Overfull \hbox (20.25pt too wide) in paragraph at lines 337--337
[]\TU/lmtt/m/n/10 ## H    0     0                    2.093311e+09 2.5258e+09  2
0.7%     -   43s[] 
 []


Overfull \hbox (20.25pt too wide) in paragraph at lines 337--337
[]\TU/lmtt/m/n/10 ## H    0     0                    2.093782e+09 2.5258e+09  2
0.6%     -   44s[] 
 []


Overfull \hbox (20.25pt too wide) in paragraph at lines 337--337
[]\TU/lmtt/m/n/10 ## H    0     0                    2.096091e+09 2.5258e+09  2
0.5%     -   44s[] 
 []


Overfull \hbox (20.25pt too wide) in paragraph at lines 337--337
[]\TU/lmtt/m/n/10 ## H    0     0                    2.096141e+09 2.5258e+09  2
0.5%     -   44s[] 
 []


Overfull \hbox (20.25pt too wide) in paragraph at lines 337--337
[]\TU/lmtt/m/n/10 ## H    0     0                    2.096510e+09 2.5258e+09  2
0.5%     -   44s[] 
 []


Overfull \hbox (20.25pt too wide) in paragraph at lines 337--337
[]\TU/lmtt/m/n/10 ##      0     0 2.5252e+09    0 1066 2.0965e+09 2.5252e+09  2
0.4%     -  139s[] 
 []


Overfull \hbox (20.25pt too wide) in paragraph at lines 337--337
[]\TU/lmtt/m/n/10 ## H    0     0                    2.363785e+09 2.5252e+09  6
.83%     -  188s[] 
 []


Overfull \hbox (20.25pt too wide) in paragraph at lines 337--337
[]\TU/lmtt/m/n/10 ##      0     0 2.5250e+09    0 1052 2.3638e+09 2.5250e+09  6
.82%     -  207s[] 
 []


Overfull \hbox (20.25pt too wide) in paragraph at lines 337--337
[]\TU/lmtt/m/n/10 ##      0     0 2.5250e+09    0 1051 2.3638e+09 2.5250e+09  6
.82%     -  211s[] 
 []


Overfull \hbox (20.25pt too wide) in paragraph at lines 337--337
[]\TU/lmtt/m/n/10 ##      0     0 2.5250e+09    0 1052 2.3638e+09 2.5250e+09  6
.82%     -  212s[] 
 []


Overfull \hbox (20.25pt too wide) in paragraph at lines 337--337
[]\TU/lmtt/m/n/10 ##      0     0 2.5244e+09    0 1153 2.3638e+09 2.5244e+09  6
.79%     -  270s[] 
 []


Overfull \hbox (57.0pt too wide) in paragraph at lines 337--337
[]\TU/lmtt/m/n/10 ## Explored 1 nodes (45282 simplex iterations) in 300.03 seco
nds (367.78 work units)[] 
 []



[7]
Overfull \hbox (36.0pt too wide) in paragraph at lines 337--337
[]\TU/lmtt/m/n/10 ## Best objective 2.363785191489e+09, best bound 2.5243739554
66e+09, gap 6.7937%[] 
 []


Overfull \hbox (83.25pt too wide) in paragraph at lines 337--337
[]\TU/lmtt/m/n/10 ## [solve_lp_with_gurobi] Status: TIME_LIMIT | ObjVal: 236378
5191.4891 | Runtime: 300.5 s[] 
 []


Overfull \hbox (93.75pt too wide) in paragraph at lines 539--539
[]\TU/lmtt/m/n/10 ## [solve_lp_with_gurobi] 312907 vars | 27183 constrs | 97732
2 nnz | sense=max | start=none[] 
 []


Overfull \hbox (62.25pt too wide) in paragraph at lines 539--539
[]\TU/lmtt/m/n/10 ## Gurobi Optimizer version 12.0.1 build v12.0.1rc0 (win64 - 
Windows 11+.0 (26200.2))[] 
 []


Overfull \hbox (88.5pt too wide) in paragraph at lines 539--539
[]\TU/lmtt/m/n/10 ## CPU model: AMD Ryzen AI 9 HX 370 w/ Radeon 890M, instructi
on set [SSE2|AVX|AVX2|AVX512][] 
 []


Overfull \hbox (41.25pt too wide) in paragraph at lines 539--539
[]\TU/lmtt/m/n/10 ## Thread count: 12 physical cores, 24 logical processors, us
ing up to 24 threads[] 
 []



[8]
Overfull \hbox (51.75pt too wide) in paragraph at lines 539--539
[]\TU/lmtt/m/n/10 ## Deterministic concurrent LP optimizer: primal simplex, dua
l simplex, and barrier[] 
 []



[9]
Overfull \hbox (15.0pt too wide) in paragraph at lines 539--539
[]\TU/lmtt/m/n/10 ## Iter       Primal          Dual         Primal    Dual    
 Compl     Time[] 
 []


Overfull \hbox (15.0pt too wide) in paragraph at lines 539--539
[]\TU/lmtt/m/n/10 ##    0  -1.12060832e+17  9.70823041e+15  2.46e+09 4.79e+02  
3.55e+12     4s[] 
 []


Overfull \hbox (15.0pt too wide) in paragraph at lines 539--539
[]\TU/lmtt/m/n/10 ##    1  -4.79486965e+16  8.62883139e+15  1.05e+09 2.36e+05  
1.55e+12     4s[] 
 []


Overfull \hbox (15.0pt too wide) in paragraph at lines 539--539
[]\TU/lmtt/m/n/10 ##    2  -6.52517216e+15  6.66883085e+15  1.38e+08 1.37e+04  
2.14e+11     4s[] 
 []


Overfull \hbox (15.0pt too wide) in paragraph at lines 539--539
[]\TU/lmtt/m/n/10 ##    3  -1.32225662e+15  3.82115033e+15  2.65e+07 1.07e+03  
4.46e+10     4s[] 
 []


Overfull \hbox (15.0pt too wide) in paragraph at lines 539--539
[]\TU/lmtt/m/n/10 ##    4  -2.27571769e+14  1.94563791e+15  4.30e+06 3.73e+02  
9.38e+09     4s[] 
 []


Overfull \hbox (15.0pt too wide) in paragraph at lines 539--539
[]\TU/lmtt/m/n/10 ##    5  -3.67110966e+13  6.94735367e+14  5.47e+05 4.66e-09  
2.11e+09     4s[] 
 []


Overfull \hbox (15.0pt too wide) in paragraph at lines 539--539
[]\TU/lmtt/m/n/10 ##    6  -6.23214799e+12  4.70884337e+14  3.28e+04 2.79e-09  
9.88e+08     4s[] 
 []


Overfull \hbox (15.0pt too wide) in paragraph at lines 539--539
[]\TU/lmtt/m/n/10 ##    7  -1.89211088e+12  3.05105462e+14  9.52e+03 2.79e-09  
5.88e+08     4s[] 
 []


Overfull \hbox (15.0pt too wide) in paragraph at lines 539--539
[]\TU/lmtt/m/n/10 ##    8  -7.99107595e+11  1.00868890e+14  3.70e+03 3.96e-09  
1.92e+08     5s[] 
 []


Overfull \hbox (15.0pt too wide) in paragraph at lines 539--539
[]\TU/lmtt/m/n/10 ##    9  -3.72752571e+11  2.89111827e+13  1.44e+03 3.73e-09  
5.50e+07     5s[] 
 []


Overfull \hbox (15.0pt too wide) in paragraph at lines 539--539
[]\TU/lmtt/m/n/10 ##   10  -2.35923535e+11  3.61928641e+12  7.56e+02 5.59e-09  
7.48e+06     5s[] 
 []


Overfull \hbox (15.0pt too wide) in paragraph at lines 539--539
[]\TU/lmtt/m/n/10 ##   11  -1.95116201e+11  2.58842082e+12  5.86e+02 6.05e-09  
5.44e+06     5s[] 
 []


Overfull \hbox (15.0pt too wide) in paragraph at lines 539--539
[]\TU/lmtt/m/n/10 ##   12  -1.39377091e+11  1.25077334e+12  3.64e+02 5.24e-09  
2.78e+06     5s[] 
 []


Overfull \hbox (15.0pt too wide) in paragraph at lines 539--539
[]\TU/lmtt/m/n/10 ##   13  -9.52983524e+10  7.49570707e+11  1.99e+02 7.68e-09  
1.69e+06     5s[] 
 []


Overfull \hbox (15.0pt too wide) in paragraph at lines 539--539
[]\TU/lmtt/m/n/10 ##   14  -6.85921889e+10  5.02942754e+11  1.03e+02 7.92e-09  
1.14e+06     5s[] 
 []


Overfull \hbox (15.0pt too wide) in paragraph at lines 539--539
[]\TU/lmtt/m/n/10 ##   15  -5.36456961e+10  4.52098134e+11  6.94e+01 9.78e-09  
9.89e+05     5s[] 
 []


Overfull \hbox (15.0pt too wide) in paragraph at lines 539--539
[]\TU/lmtt/m/n/10 ##   16  -4.44396890e+10  3.75985196e+11  5.72e+01 1.27e-08  
8.23e+05     5s[] 
 []


Overfull \hbox (15.0pt too wide) in paragraph at lines 539--539
[]\TU/lmtt/m/n/10 ##   17  -3.63891849e+10  3.03473713e+11  4.56e+01 9.20e-09  
6.65e+05     5s[] 
 []


Overfull \hbox (15.0pt too wide) in paragraph at lines 539--539
[]\TU/lmtt/m/n/10 ##   18  -3.20530022e+10  2.85796009e+11  3.95e+01 1.26e-08  
6.19e+05     5s[] 
 []


Overfull \hbox (15.0pt too wide) in paragraph at lines 539--539
[]\TU/lmtt/m/n/10 ##   19  -2.06052633e+10  2.37074876e+11  2.62e+01 1.40e-08  
4.96e+05     6s[] 
 []


Overfull \hbox (15.0pt too wide) in paragraph at lines 539--539
[]\TU/lmtt/m/n/10 ##   20  -1.14532689e+10  1.58616497e+11  1.49e+01 9.31e-09  
3.23e+05     6s[] 
 []


Overfull \hbox (15.0pt too wide) in paragraph at lines 539--539
[]\TU/lmtt/m/n/10 ##   21  -9.15016614e+09  1.33223660e+11  1.22e+01 8.85e-09  
2.70e+05     6s[] 
 []


Overfull \hbox (15.0pt too wide) in paragraph at lines 539--539
[]\TU/lmtt/m/n/10 ##   22  -3.72939111e+09  8.41562398e+10  5.25e+00 8.15e-09  
1.64e+05     6s[] 
 []


Overfull \hbox (15.0pt too wide) in paragraph at lines 539--539
[]\TU/lmtt/m/n/10 ##   23  -2.28161911e+09  7.04755670e+10  3.39e+00 8.38e-09  
1.35e+05     6s[] 
 []


Overfull \hbox (15.0pt too wide) in paragraph at lines 539--539
[]\TU/lmtt/m/n/10 ##   24  -1.14180093e+09  4.94628338e+10  1.77e+00 7.33e-09  
9.29e+04     6s[] 
 []


Overfull \hbox (15.0pt too wide) in paragraph at lines 539--539
[]\TU/lmtt/m/n/10 ##   25  -9.11735379e+08  3.58562679e+10  1.45e+00 6.05e-09  
6.73e+04     6s[] 
 []


Overfull \hbox (15.0pt too wide) in paragraph at lines 539--539
[]\TU/lmtt/m/n/10 ##   26  -7.15657037e+08  2.48411032e+10  1.22e+00 3.73e-09  
4.67e+04     6s[] 
 []


Overfull \hbox (15.0pt too wide) in paragraph at lines 539--539
[]\TU/lmtt/m/n/10 ##   27  -3.64527653e+08  1.88365345e+10  8.40e-01 3.73e-09  
3.50e+04     6s[] 
 []



[10]
Overfull \hbox (15.0pt too wide) in paragraph at lines 539--539
[]\TU/lmtt/m/n/10 ##   28   1.80300098e+08  1.17474976e+10  2.81e-01 2.79e-09  
2.11e+04     6s[] 
 []


Overfull \hbox (15.0pt too wide) in paragraph at lines 539--539
[]\TU/lmtt/m/n/10 ##   29   3.98167351e+08  8.97557930e+09  1.52e-01 2.33e-09  
1.56e+04     7s[] 
 []


Overfull \hbox (15.0pt too wide) in paragraph at lines 539--539
[]\TU/lmtt/m/n/10 ##   30   5.16076030e+08  5.50585811e+09  9.21e-02 2.10e-09  
9.08e+03     7s[] 
 []


Overfull \hbox (15.0pt too wide) in paragraph at lines 539--539
[]\TU/lmtt/m/n/10 ##   31   5.59248404e+08  5.14038383e+09  7.66e-02 2.33e-09  
8.33e+03     7s[] 
 []


Overfull \hbox (15.0pt too wide) in paragraph at lines 539--539
[]\TU/lmtt/m/n/10 ##   32   5.97451744e+08  4.26894815e+09  6.28e-02 2.33e-09  
6.68e+03     7s[] 
 []


Overfull \hbox (15.0pt too wide) in paragraph at lines 539--539
[]\TU/lmtt/m/n/10 ##   33   6.11605207e+08  4.00861409e+09  5.82e-02 2.79e-09  
6.18e+03     7s[] 
 []


Overfull \hbox (15.0pt too wide) in paragraph at lines 539--539
[]\TU/lmtt/m/n/10 ##   34   6.96307198e+08  2.70762368e+09  3.15e-02 2.33e-09  
3.66e+03     7s[] 
 []


Overfull \hbox (15.0pt too wide) in paragraph at lines 539--539
[]\TU/lmtt/m/n/10 ##   35   7.46838478e+08  2.24189869e+09  1.91e-02 2.79e-09  
2.72e+03     7s[] 
 []


Overfull \hbox (15.0pt too wide) in paragraph at lines 539--539
[]\TU/lmtt/m/n/10 ##   36   7.79777781e+08  1.87870293e+09  1.20e-02 2.56e-09  
2.00e+03     7s[] 
 []


Overfull \hbox (15.0pt too wide) in paragraph at lines 539--539
[]\TU/lmtt/m/n/10 ##   37   7.92862575e+08  1.50441771e+09  9.76e-03 2.10e-09  
1.29e+03     7s[] 
 []


Overfull \hbox (15.0pt too wide) in paragraph at lines 539--539
[]\TU/lmtt/m/n/10 ##   38   8.20924844e+08  1.32115302e+09  5.59e-03 2.79e-09  
9.10e+02     7s[] 
 []


Overfull \hbox (15.0pt too wide) in paragraph at lines 539--539
[]\TU/lmtt/m/n/10 ##   39   8.24063876e+08  1.22742583e+09  5.24e-03 2.74e-09  
7.34e+02     8s[] 
 []


Overfull \hbox (15.0pt too wide) in paragraph at lines 539--539
[]\TU/lmtt/m/n/10 ##   40   8.27148095e+08  1.20415872e+09  4.92e-03 2.44e-09  
6.86e+02     8s[] 
 []


Overfull \hbox (15.0pt too wide) in paragraph at lines 539--539
[]\TU/lmtt/m/n/10 ##   41   8.51142607e+08  1.12204674e+09  2.55e-03 2.88e-09  
4.93e+02     8s[] 
 []


Overfull \hbox (15.0pt too wide) in paragraph at lines 539--539
[]\TU/lmtt/m/n/10 ##   42   8.58458451e+08  1.02646626e+09  2.08e-03 1.86e-09  
3.06e+02     8s[] 
 []


Overfull \hbox (15.0pt too wide) in paragraph at lines 539--539
[]\TU/lmtt/m/n/10 ##   43   8.67524337e+08  1.00941629e+09  1.55e-03 2.97e-09  
2.58e+02     8s[] 
 []


Overfull \hbox (15.0pt too wide) in paragraph at lines 539--539
[]\TU/lmtt/m/n/10 ##   44   8.74531579e+08  9.75370686e+08  1.17e-03 2.95e-09  
1.83e+02     8s[] 
 []


Overfull \hbox (15.0pt too wide) in paragraph at lines 539--539
[]\TU/lmtt/m/n/10 ##   45   8.82031223e+08  9.53159193e+08  8.19e-04 1.95e-09  
1.29e+02     8s[] 
 []


Overfull \hbox (15.0pt too wide) in paragraph at lines 539--539
[]\TU/lmtt/m/n/10 ##   46   8.87321046e+08  9.36856862e+08  5.82e-04 1.98e-09  
9.01e+01     8s[] 
 []


Overfull \hbox (15.0pt too wide) in paragraph at lines 539--539
[]\TU/lmtt/m/n/10 ##   47   8.91888864e+08  9.21328768e+08  3.93e-04 3.81e-09  
5.36e+01     8s[] 
 []


Overfull \hbox (15.0pt too wide) in paragraph at lines 539--539
[]\TU/lmtt/m/n/10 ##   48   8.95996559e+08  9.14172942e+08  2.31e-04 3.00e-09  
3.31e+01     9s[] 
 []


Overfull \hbox (15.0pt too wide) in paragraph at lines 539--539
[]\TU/lmtt/m/n/10 ##   49   8.96927654e+08  9.10358183e+08  1.96e-04 3.38e-09  
2.44e+01     9s[] 
 []


Overfull \hbox (15.0pt too wide) in paragraph at lines 539--539
[]\TU/lmtt/m/n/10 ##   50   8.97742586e+08  9.08999694e+08  1.66e-04 3.30e-09  
2.05e+01     9s[] 
 []


Overfull \hbox (15.0pt too wide) in paragraph at lines 539--539
[]\TU/lmtt/m/n/10 ##   51   8.98902955e+08  9.06966777e+08  1.23e-04 4.68e-09  
1.47e+01     9s[] 
 []


Overfull \hbox (15.0pt too wide) in paragraph at lines 539--539
[]\TU/lmtt/m/n/10 ##   52   9.00051222e+08  9.05585815e+08  8.15e-05 2.33e-09  
1.01e+01     9s[] 
 []


Overfull \hbox (15.0pt too wide) in paragraph at lines 539--539
[]\TU/lmtt/m/n/10 ##   53   9.01120175e+08  9.03890370e+08  4.33e-05 2.02e-09  
5.04e+00     9s[] 
 []


Overfull \hbox (15.0pt too wide) in paragraph at lines 539--539
[]\TU/lmtt/m/n/10 ##   54   9.01706009e+08  9.03100627e+08  2.40e-05 4.16e-09  
2.54e+00     9s[] 
 []


Overfull \hbox (15.0pt too wide) in paragraph at lines 539--539
[]\TU/lmtt/m/n/10 ##   55   9.02132871e+08  9.02777871e+08  1.07e-05 2.13e-09  
1.17e+00     9s[] 
 []


Overfull \hbox (15.0pt too wide) in paragraph at lines 539--539
[]\TU/lmtt/m/n/10 ##   56   9.02274096e+08  9.02657944e+08  6.16e-06 2.23e-09  
6.98e-01     9s[] 
 []


Overfull \hbox (15.0pt too wide) in paragraph at lines 539--539
[]\TU/lmtt/m/n/10 ##   57   9.02374375e+08  9.02580642e+08  3.07e-06 2.76e-09  
3.75e-01     9s[] 
 []


Overfull \hbox (15.0pt too wide) in paragraph at lines 539--539
[]\TU/lmtt/m/n/10 ##   58   9.02417786e+08  9.02535563e+08  1.98e-06 2.14e-09  
2.14e-01    10s[] 
 []



[11]
Overfull \hbox (15.0pt too wide) in paragraph at lines 539--539
[]\TU/lmtt/m/n/10 ##   59   9.02455004e+08  9.02505106e+08  1.00e-06 1.86e-09  
9.12e-02    10s[] 
 []


Overfull \hbox (15.0pt too wide) in paragraph at lines 539--539
[]\TU/lmtt/m/n/10 ##   60   9.02465015e+08  9.02488371e+08  1.03e-06 2.33e-09  
4.25e-02    10s[] 
 []


Overfull \hbox (15.0pt too wide) in paragraph at lines 539--539
[]\TU/lmtt/m/n/10 ##   61   9.02473097e+08  9.02479703e+08  1.00e-06 1.89e-09  
1.20e-02    10s[] 
 []


Overfull \hbox (15.0pt too wide) in paragraph at lines 539--539
[]\TU/lmtt/m/n/10 ##   62   9.02475305e+08  9.02478166e+08  2.32e-06 2.19e-09  
5.21e-03    10s[] 
 []


Overfull \hbox (15.0pt too wide) in paragraph at lines 539--539
[]\TU/lmtt/m/n/10 ##   63   9.02475979e+08  9.02476941e+08  1.18e-06 2.10e-09  
1.75e-03    10s[] 
 []


Overfull \hbox (15.0pt too wide) in paragraph at lines 539--539
[]\TU/lmtt/m/n/10 ##   64   9.02476585e+08  9.02476780e+08  2.68e-07 2.57e-09  
3.55e-04    10s[] 
 []


Overfull \hbox (15.0pt too wide) in paragraph at lines 539--539
[]\TU/lmtt/m/n/10 ##   65   9.02476769e+08  9.02476772e+08  1.49e-10 2.25e-09  
4.95e-06    10s[] 
 []


Overfull \hbox (15.0pt too wide) in paragraph at lines 539--539
[]\TU/lmtt/m/n/10 ##   66   9.02476771e+08  9.02476771e+08  2.45e-10 2.79e-09  
9.91e-10    10s[] 
 []


Overfull \hbox (20.25pt too wide) in paragraph at lines 539--539
[]\TU/lmtt/m/n/10 ## Barrier solved model in 66 iterations and 10.30 seconds (1
3.83 work units)[] 
 []



[12]
Overfull \hbox (109.5pt too wide) in paragraph at lines 539--539
[]\TU/lmtt/m/n/10 ## Root relaxation: objective 9.024768e+08, 19687 iterations,
 10.62 seconds (10.18 work units)[] 
 []


Overfull \hbox (9.75pt too wide) in paragraph at lines 539--539
[]\TU/lmtt/m/n/10 ##     Nodes    |    Current Node    |     Objective Bounds  
    |     Work[] 
 []


Overfull \hbox (30.75pt too wide) in paragraph at lines 539--539
[]\TU/lmtt/m/n/10 ##  Expl Unexpl |  Obj  Depth IntInf | Incumbent    BestBd   
Gap | It/Node Time[] 
 []


Overfull \hbox (20.25pt too wide) in paragraph at lines 539--539
[]\TU/lmtt/m/n/10 ##      0     0 9.0248e+08    0 1048   -0.00000 9.0248e+08   
   -     -   25s[] 
 []


Overfull \hbox (20.25pt too wide) in paragraph at lines 539--539
[]\TU/lmtt/m/n/10 ## H    0     0                    4.680643e+08 9.0248e+08  9
2.8%     -   25s[] 
 []


Overfull \hbox (20.25pt too wide) in paragraph at lines 539--539
[]\TU/lmtt/m/n/10 ## H    0     0                    5.179789e+08 9.0248e+08  7
4.2%     -   25s[] 
 []


Overfull \hbox (20.25pt too wide) in paragraph at lines 539--539
[]\TU/lmtt/m/n/10 ## H    0     0                    5.294540e+08 9.0248e+08  7
0.5%     -   25s[] 
 []


Overfull \hbox (20.25pt too wide) in paragraph at lines 539--539
[]\TU/lmtt/m/n/10 ## H    0     0                    5.428690e+08 9.0248e+08  6
6.2%     -   26s[] 
 []


Overfull \hbox (20.25pt too wide) in paragraph at lines 539--539
[]\TU/lmtt/m/n/10 ## H    0     0                    5.567192e+08 9.0248e+08  6
2.1%     -   28s[] 
 []


Overfull \hbox (20.25pt too wide) in paragraph at lines 539--539
[]\TU/lmtt/m/n/10 ## H    0     0                    5.745607e+08 9.0248e+08  5
7.1%     -   28s[] 
 []


Overfull \hbox (20.25pt too wide) in paragraph at lines 539--539
[]\TU/lmtt/m/n/10 ## H    0     0                    5.914132e+08 9.0248e+08  5
2.6%     -   29s[] 
 []


Overfull \hbox (20.25pt too wide) in paragraph at lines 539--539
[]\TU/lmtt/m/n/10 ## H    0     0                    6.365745e+08 9.0248e+08  4
1.8%     -   29s[] 
 []


Overfull \hbox (20.25pt too wide) in paragraph at lines 539--539
[]\TU/lmtt/m/n/10 ## H    0     0                    6.500415e+08 9.0248e+08  3
8.8%     -   30s[] 
 []


Overfull \hbox (20.25pt too wide) in paragraph at lines 539--539
[]\TU/lmtt/m/n/10 ## H    0     0                    6.559930e+08 9.0248e+08  3
7.6%     -   30s[] 
 []


Overfull \hbox (20.25pt too wide) in paragraph at lines 539--539
[]\TU/lmtt/m/n/10 ## H    0     0                    6.585352e+08 9.0248e+08  3
7.0%     -   31s[] 
 []


Overfull \hbox (20.25pt too wide) in paragraph at lines 539--539
[]\TU/lmtt/m/n/10 ## H    0     0                    6.585582e+08 9.0248e+08  3
7.0%     -   31s[] 
 []


Overfull \hbox (20.25pt too wide) in paragraph at lines 539--539
[]\TU/lmtt/m/n/10 ## H    0     0                    6.585930e+08 9.0248e+08  3
7.0%     -   31s[] 
 []


Overfull \hbox (20.25pt too wide) in paragraph at lines 539--539
[]\TU/lmtt/m/n/10 ## H    0     0                    6.594971e+08 9.0248e+08  3
6.8%     -   31s[] 
 []


Overfull \hbox (20.25pt too wide) in paragraph at lines 539--539
[]\TU/lmtt/m/n/10 ## H    0     0                    6.618684e+08 9.0248e+08  3
6.4%     -   31s[] 
 []


Overfull \hbox (20.25pt too wide) in paragraph at lines 539--539
[]\TU/lmtt/m/n/10 ## H    0     0                    6.619308e+08 9.0248e+08  3
6.3%     -   31s[] 
 []


Overfull \hbox (20.25pt too wide) in paragraph at lines 539--539
[]\TU/lmtt/m/n/10 ## H    0     0                    6.680343e+08 9.0248e+08  3
5.1%     -   31s[] 
 []


Overfull \hbox (20.25pt too wide) in paragraph at lines 539--539
[]\TU/lmtt/m/n/10 ## H    0     0                    6.683745e+08 9.0248e+08  3
5.0%     -   31s[] 
 []


Overfull \hbox (20.25pt too wide) in paragraph at lines 539--539
[]\TU/lmtt/m/n/10 ## H    0     0                    6.694517e+08 9.0248e+08  3
4.8%     -   31s[] 
 []


Overfull \hbox (20.25pt too wide) in paragraph at lines 539--539
[]\TU/lmtt/m/n/10 ## H    0     0                    6.709365e+08 9.0248e+08  3
4.5%     -   31s[] 
 []


Overfull \hbox (20.25pt too wide) in paragraph at lines 539--539
[]\TU/lmtt/m/n/10 ## H    0     0                    6.716410e+08 9.0248e+08  3
4.4%     -   32s[] 
 []



[13]
Overfull \hbox (20.25pt too wide) in paragraph at lines 539--539
[]\TU/lmtt/m/n/10 ## H    0     0                    6.724927e+08 9.0248e+08  3
4.2%     -   32s[] 
 []


Overfull \hbox (20.25pt too wide) in paragraph at lines 539--539
[]\TU/lmtt/m/n/10 ## H    0     0                    6.779968e+08 9.0248e+08  3
3.1%     -   32s[] 
 []


Overfull \hbox (20.25pt too wide) in paragraph at lines 539--539
[]\TU/lmtt/m/n/10 ## H    0     0                    6.794248e+08 9.0248e+08  3
2.8%     -   32s[] 
 []


Overfull \hbox (20.25pt too wide) in paragraph at lines 539--539
[]\TU/lmtt/m/n/10 ##      0     0 9.0223e+08    0 1151 6.7942e+08 9.0223e+08  3
2.8%     -   77s[] 
 []


Overfull \hbox (20.25pt too wide) in paragraph at lines 539--539
[]\TU/lmtt/m/n/10 ## H    0     0                    6.834142e+08 9.0223e+08  3
2.0%     -   85s[] 
 []


Overfull \hbox (20.25pt too wide) in paragraph at lines 539--539
[]\TU/lmtt/m/n/10 ## H    0     0                    8.615114e+08 9.0223e+08  4
.73%     -  115s[] 
 []


Overfull \hbox (57.0pt too wide) in paragraph at lines 539--539
[]\TU/lmtt/m/n/10 ## Explored 1 nodes (27401 simplex iterations) in 115.52 seco
nds (209.84 work units)[] 
 []


Overfull \hbox (36.0pt too wide) in paragraph at lines 539--539
[]\TU/lmtt/m/n/10 ## Best objective 8.615113892192e+08, best bound 9.0223172871
05e+08, gap 4.7266%[] 
 []


Overfull \hbox (62.25pt too wide) in paragraph at lines 539--539
[]\TU/lmtt/m/n/10 ## [solve_lp_with_gurobi] Status: OPTIMAL | ObjVal: 861511389
.2192 | Runtime: 115.9 s[] 
 []


Overfull \hbox (93.75pt too wide) in paragraph at lines 748--748
[]\TU/lmtt/m/n/10 ## [solve_lp_with_gurobi] 312907 vars | 27183 constrs | 97732
2 nnz | sense=max | start=none[] 
 []



[14]
Overfull \hbox (62.25pt too wide) in paragraph at lines 748--748
[]\TU/lmtt/m/n/10 ## Gurobi Optimizer version 12.0.1 build v12.0.1rc0 (win64 - 
Windows 11+.0 (26200.2))[] 
 []


Overfull \hbox (88.5pt too wide) in paragraph at lines 748--748
[]\TU/lmtt/m/n/10 ## CPU model: AMD Ryzen AI 9 HX 370 w/ Radeon 890M, instructi
on set [SSE2|AVX|AVX2|AVX512][] 
 []


Overfull \hbox (41.25pt too wide) in paragraph at lines 748--748
[]\TU/lmtt/m/n/10 ## Thread count: 12 physical cores, 24 logical processors, us
ing up to 24 threads[] 
 []



[15]
Overfull \hbox (51.75pt too wide) in paragraph at lines 748--748
[]\TU/lmtt/m/n/10 ## Deterministic concurrent LP optimizer: primal simplex, dua
l simplex, and barrier[] 
 []


Overfull \hbox (15.0pt too wide) in paragraph at lines 748--748
[]\TU/lmtt/m/n/10 ## Iter       Primal          Dual         Primal    Dual    
 Compl     Time[] 
 []


Overfull \hbox (15.0pt too wide) in paragraph at lines 748--748
[]\TU/lmtt/m/n/10 ##    0  -2.23057568e+17  1.82489736e+16  2.46e+09 4.79e+02  
6.70e+12     4s[] 
 []


Overfull \hbox (15.0pt too wide) in paragraph at lines 748--748
[]\TU/lmtt/m/n/10 ##    1  -9.54537205e+16  1.62224370e+16  1.05e+09 4.46e+05  
2.93e+12     4s[] 
 []


Overfull \hbox (15.0pt too wide) in paragraph at lines 748--748
[]\TU/lmtt/m/n/10 ##    2  -1.29842867e+16  1.25385631e+16  1.38e+08 2.59e+04  
4.04e+11     4s[] 
 []


Overfull \hbox (15.0pt too wide) in paragraph at lines 748--748
[]\TU/lmtt/m/n/10 ##    3  -2.65761621e+15  7.18691221e+15  2.69e+07 2.01e+03  
8.52e+10     4s[] 
 []


Overfull \hbox (15.0pt too wide) in paragraph at lines 748--748
[]\TU/lmtt/m/n/10 ##    4  -4.57688772e+14  3.67310852e+15  4.38e+06 7.01e+02  
1.79e+10     4s[] 
 []


Overfull \hbox (15.0pt too wide) in paragraph at lines 748--748
[]\TU/lmtt/m/n/10 ##    5  -7.31493154e+13  1.31438728e+15  5.55e+05 7.45e-09  
4.01e+09     4s[] 
 []


Overfull \hbox (15.0pt too wide) in paragraph at lines 748--748
[]\TU/lmtt/m/n/10 ##    6  -1.22740047e+13  8.84638213e+14  3.28e+04 7.45e-09  
1.86e+09     4s[] 
 []


Overfull \hbox (15.0pt too wide) in paragraph at lines 748--748
[]\TU/lmtt/m/n/10 ##    7  -5.10370023e+12  7.51863884e+14  1.33e+04 5.59e-09  
1.46e+09     4s[] 
 []


Overfull \hbox (15.0pt too wide) in paragraph at lines 748--748
[]\TU/lmtt/m/n/10 ##    8  -1.92646094e+12  2.42271453e+14  4.73e+03 9.31e-09  
4.64e+08     5s[] 
 []


Overfull \hbox (15.0pt too wide) in paragraph at lines 748--748
[]\TU/lmtt/m/n/10 ##    9  -7.57128983e+11  6.93189232e+13  1.61e+03 7.45e-09  
1.32e+08     5s[] 
 []


Overfull \hbox (15.0pt too wide) in paragraph at lines 748--748
[]\TU/lmtt/m/n/10 ##   10  -4.40087356e+11  6.31088677e+12  7.92e+02 1.12e-08  
1.32e+07     5s[] 
 []


Overfull \hbox (15.0pt too wide) in paragraph at lines 748--748
[]\TU/lmtt/m/n/10 ##   11  -3.52369672e+11  4.67179036e+12  6.05e+02 1.58e-08  
9.89e+06     5s[] 
 []


Overfull \hbox (15.0pt too wide) in paragraph at lines 748--748
[]\TU/lmtt/m/n/10 ##   12  -2.29695696e+11  2.26897320e+12  3.54e+02 1.30e-08  
5.02e+06     5s[] 
 []


Overfull \hbox (15.0pt too wide) in paragraph at lines 748--748
[]\TU/lmtt/m/n/10 ##   13  -1.42458226e+11  1.47934850e+12  1.84e+02 1.58e-08  
3.21e+06     5s[] 
 []


Overfull \hbox (15.0pt too wide) in paragraph at lines 748--748
[]\TU/lmtt/m/n/10 ##   14  -9.14886217e+10  5.65735026e+11  8.80e+01 1.84e-08  
1.38e+06     5s[] 
 []



[16]
Overfull \hbox (15.0pt too wide) in paragraph at lines 748--748
[]\TU/lmtt/m/n/10 ##   15  -7.62432482e+10  5.19069809e+11  6.78e+01 2.61e-08  
1.23e+06     5s[] 
 []


Overfull \hbox (15.0pt too wide) in paragraph at lines 748--748
[]\TU/lmtt/m/n/10 ##   16  -5.55401473e+10  4.37384477e+11  4.87e+01 3.28e-08  
1.01e+06     5s[] 
 []


Overfull \hbox (15.0pt too wide) in paragraph at lines 748--748
[]\TU/lmtt/m/n/10 ##   17  -4.51709760e+10  2.84864672e+11  3.83e+01 2.42e-08  
6.88e+05     5s[] 
 []


Overfull \hbox (15.0pt too wide) in paragraph at lines 748--748
[]\TU/lmtt/m/n/10 ##   18  -3.02282752e+10  2.68945620e+11  2.42e+01 3.54e-08  
6.00e+05     5s[] 
 []


Overfull \hbox (15.0pt too wide) in paragraph at lines 748--748
[]\TU/lmtt/m/n/10 ##   19  -2.60665063e+10  2.37025319e+11  2.07e+01 3.54e-08  
5.24e+05     6s[] 
 []


Overfull \hbox (15.0pt too wide) in paragraph at lines 748--748
[]\TU/lmtt/m/n/10 ##   20  -1.68150628e+10  1.83606426e+11  1.31e+01 3.35e-08  
3.91e+05     6s[] 
 []


Overfull \hbox (15.0pt too wide) in paragraph at lines 748--748
[]\TU/lmtt/m/n/10 ##   21  -1.18554348e+10  1.21585747e+11  9.05e+00 2.07e-08  
2.58e+05     6s[] 
 []


Overfull \hbox (15.0pt too wide) in paragraph at lines 748--748
[]\TU/lmtt/m/n/10 ##   22  -8.42543774e+09  1.03968787e+11  6.33e+00 2.05e-08  
2.14e+05     6s[] 
 []


Overfull \hbox (15.0pt too wide) in paragraph at lines 748--748
[]\TU/lmtt/m/n/10 ##   23  -6.59807549e+09  6.83038026e+10  4.87e+00 1.79e-08  
1.41e+05     6s[] 
 []


Overfull \hbox (15.0pt too wide) in paragraph at lines 748--748
[]\TU/lmtt/m/n/10 ##   24  -4.19008413e+09  4.30437589e+10  2.88e+00 1.47e-08  
8.76e+04     6s[] 
 []


Overfull \hbox (15.0pt too wide) in paragraph at lines 748--748
[]\TU/lmtt/m/n/10 ##   25  -3.18213249e+09  3.53444071e+10  2.07e+00 1.21e-08  
7.09e+04     6s[] 
 []


Overfull \hbox (15.0pt too wide) in paragraph at lines 748--748
[]\TU/lmtt/m/n/10 ##   26  -2.19963270e+09  2.20571789e+10  1.30e+00 9.31e-09  
4.42e+04     6s[] 
 []


Overfull \hbox (15.0pt too wide) in paragraph at lines 748--748
[]\TU/lmtt/m/n/10 ##   27  -1.88684745e+09  1.46687328e+10  1.10e+00 8.38e-09  
3.00e+04     6s[] 
 []


Overfull \hbox (15.0pt too wide) in paragraph at lines 748--748
[]\TU/lmtt/m/n/10 ##   28  -1.21891141e+09  1.16449133e+10  7.01e-01 6.52e-09  
2.33e+04     7s[] 
 []


Overfull \hbox (15.0pt too wide) in paragraph at lines 748--748
[]\TU/lmtt/m/n/10 ##   29  -9.30773531e+08  1.00775362e+10  5.44e-01 5.59e-09  
1.99e+04     7s[] 
 []


Overfull \hbox (15.0pt too wide) in paragraph at lines 748--748
[]\TU/lmtt/m/n/10 ##   30  -4.91445770e+08  9.75126224e+09  3.16e-01 5.59e-09  
1.86e+04     7s[] 
 []


Overfull \hbox (15.0pt too wide) in paragraph at lines 748--748
[]\TU/lmtt/m/n/10 ##   31  -1.81212239e+08  7.15043723e+09  1.79e-01 5.59e-09  
1.33e+04     7s[] 
 []


Overfull \hbox (15.0pt too wide) in paragraph at lines 748--748
[]\TU/lmtt/m/n/10 ##   32   7.03755913e+06  5.21832806e+09  1.07e-01 5.59e-09  
9.46e+03     7s[] 
 []


Overfull \hbox (15.0pt too wide) in paragraph at lines 748--748
[]\TU/lmtt/m/n/10 ##   33   1.31053601e+08  2.67934045e+09  6.56e-02 4.66e-09  
4.62e+03     7s[] 
 []


Overfull \hbox (15.0pt too wide) in paragraph at lines 748--748
[]\TU/lmtt/m/n/10 ##   34   2.07036668e+08  1.93337611e+09  4.59e-02 6.05e-09  
3.13e+03     7s[] 
 []


Overfull \hbox (15.0pt too wide) in paragraph at lines 748--748
[]\TU/lmtt/m/n/10 ##   35   2.94900281e+08  1.61601116e+09  2.55e-02 5.59e-09  
2.40e+03     7s[] 
 []


Overfull \hbox (15.0pt too wide) in paragraph at lines 748--748
[]\TU/lmtt/m/n/10 ##   36   3.08524349e+08  1.41884943e+09  2.27e-02 5.47e-09  
2.01e+03     7s[] 
 []


Overfull \hbox (15.0pt too wide) in paragraph at lines 748--748
[]\TU/lmtt/m/n/10 ##   37   3.32688444e+08  1.20138135e+09  1.82e-02 6.17e-09  
1.58e+03     7s[] 
 []


Overfull \hbox (15.0pt too wide) in paragraph at lines 748--748
[]\TU/lmtt/m/n/10 ##   38   3.45491093e+08  1.03453163e+09  1.60e-02 6.98e-09  
1.25e+03     8s[] 
 []


Overfull \hbox (15.0pt too wide) in paragraph at lines 748--748
[]\TU/lmtt/m/n/10 ##   39   3.58388921e+08  9.14740422e+08  1.40e-02 6.29e-09  
1.01e+03     8s[] 
 []


Overfull \hbox (15.0pt too wide) in paragraph at lines 748--748
[]\TU/lmtt/m/n/10 ##   40   4.10110403e+08  8.04857946e+08  6.79e-03 6.75e-09  
7.16e+02     8s[] 
 []


Overfull \hbox (15.0pt too wide) in paragraph at lines 748--748
[]\TU/lmtt/m/n/10 ##   41   4.37561514e+08  7.32270307e+08  4.03e-03 6.26e-09  
5.35e+02     8s[] 
 []


Overfull \hbox (15.0pt too wide) in paragraph at lines 748--748
[]\TU/lmtt/m/n/10 ##   42   4.55362734e+08  6.58231179e+08  2.54e-03 5.52e-09  
3.68e+02     8s[] 
 []


Overfull \hbox (15.0pt too wide) in paragraph at lines 748--748
[]\TU/lmtt/m/n/10 ##   43   4.61660582e+08  6.25620698e+08  2.13e-03 5.70e-09  
2.98e+02     8s[] 
 []


Overfull \hbox (15.0pt too wide) in paragraph at lines 748--748
[]\TU/lmtt/m/n/10 ##   44   4.67362406e+08  5.94396436e+08  1.78e-03 5.88e-09  
2.31e+02     8s[] 
 []


Overfull \hbox (15.0pt too wide) in paragraph at lines 748--748
[]\TU/lmtt/m/n/10 ##   45   4.76599599e+08  5.59094180e+08  1.24e-03 5.59e-09  
1.50e+02     8s[] 
 []



[17]
Overfull \hbox (15.0pt too wide) in paragraph at lines 748--748
[]\TU/lmtt/m/n/10 ##   46   4.84035809e+08  5.42764872e+08  8.58e-04 5.08e-09  
1.07e+02     8s[] 
 []


Overfull \hbox (15.0pt too wide) in paragraph at lines 748--748
[]\TU/lmtt/m/n/10 ##   47   4.90574314e+08  5.26451208e+08  5.37e-04 4.86e-09  
6.51e+01     9s[] 
 []


Overfull \hbox (15.0pt too wide) in paragraph at lines 748--748
[]\TU/lmtt/m/n/10 ##   48   4.94763067e+08  5.17722947e+08  3.45e-04 5.22e-09  
4.17e+01     9s[] 
 []


Overfull \hbox (15.0pt too wide) in paragraph at lines 748--748
[]\TU/lmtt/m/n/10 ##   49   4.97700706e+08  5.13556087e+08  2.18e-04 5.47e-09  
2.88e+01     9s[] 
 []


Overfull \hbox (15.0pt too wide) in paragraph at lines 748--748
[]\TU/lmtt/m/n/10 ##   50   4.98892296e+08  5.11169316e+08  1.65e-04 6.75e-09  
2.23e+01     9s[] 
 []


Overfull \hbox (15.0pt too wide) in paragraph at lines 748--748
[]\TU/lmtt/m/n/10 ##   51   4.99721102e+08  5.08838610e+08  1.29e-04 5.94e-09  
1.66e+01     9s[] 
 []


Overfull \hbox (15.0pt too wide) in paragraph at lines 748--748
[]\TU/lmtt/m/n/10 ##   52   5.00711765e+08  5.07341817e+08  8.70e-05 5.59e-09  
1.20e+01     9s[] 
 []


Overfull \hbox (15.0pt too wide) in paragraph at lines 748--748
[]\TU/lmtt/m/n/10 ##   53   5.01576325e+08  5.05340270e+08  5.16e-05 5.33e-09  
6.83e+00     9s[] 
 []


Overfull \hbox (15.0pt too wide) in paragraph at lines 748--748
[]\TU/lmtt/m/n/10 ##   54   5.02432959e+08  5.04227744e+08  2.00e-05 4.35e-09  
3.26e+00     9s[] 
 []


Overfull \hbox (15.0pt too wide) in paragraph at lines 748--748
[]\TU/lmtt/m/n/10 ##   55   5.02610752e+08  5.03571007e+08  1.31e-05 5.05e-09  
1.74e+00     9s[] 
 []


Overfull \hbox (15.0pt too wide) in paragraph at lines 748--748
[]\TU/lmtt/m/n/10 ##   56   5.02774284e+08  5.03348173e+08  7.37e-06 4.80e-09  
1.04e+00     9s[] 
 []


Overfull \hbox (15.0pt too wide) in paragraph at lines 748--748
[]\TU/lmtt/m/n/10 ##   57   5.02893261e+08  5.03204301e+08  3.16e-06 4.48e-09  
5.65e-01    10s[] 
 []


Overfull \hbox (15.0pt too wide) in paragraph at lines 748--748
[]\TU/lmtt/m/n/10 ##   58   5.02946610e+08  5.03097919e+08  1.52e-06 4.40e-09  
2.75e-01    10s[] 
 []


Overfull \hbox (15.0pt too wide) in paragraph at lines 748--748
[]\TU/lmtt/m/n/10 ##   59   5.02975150e+08  5.03054063e+08  7.76e-07 5.09e-09  
1.43e-01    10s[] 
 []


Overfull \hbox (15.0pt too wide) in paragraph at lines 748--748
[]\TU/lmtt/m/n/10 ##   60   5.02989679e+08  5.03020706e+08  4.25e-07 5.09e-09  
5.64e-02    10s[] 
 []


Overfull \hbox (15.0pt too wide) in paragraph at lines 748--748
[]\TU/lmtt/m/n/10 ##   61   5.02994373e+08  5.03011718e+08  3.07e-07 3.73e-09  
3.15e-02    10s[] 
 []


Overfull \hbox (15.0pt too wide) in paragraph at lines 748--748
[]\TU/lmtt/m/n/10 ##   62   5.02998416e+08  5.03005947e+08  1.60e-07 4.19e-09  
1.37e-02    10s[] 
 []


Overfull \hbox (15.0pt too wide) in paragraph at lines 748--748
[]\TU/lmtt/m/n/10 ##   63   5.02999153e+08  5.03002590e+08  1.36e-07 4.23e-09  
6.24e-03    10s[] 
 []


Overfull \hbox (15.0pt too wide) in paragraph at lines 748--748
[]\TU/lmtt/m/n/10 ##   64   5.03000453e+08  5.03001630e+08  6.85e-07 5.84e-09  
2.14e-03    10s[] 
 []


Overfull \hbox (15.0pt too wide) in paragraph at lines 748--748
[]\TU/lmtt/m/n/10 ##   65   5.03000803e+08  5.03000918e+08  7.65e-07 4.69e-09  
2.10e-04    10s[] 
 []


Overfull \hbox (15.0pt too wide) in paragraph at lines 748--748
[]\TU/lmtt/m/n/10 ##   66   5.03000835e+08  5.03000836e+08  6.05e-09 4.15e-09  
5.58e-07    10s[] 
 []


Overfull \hbox (15.0pt too wide) in paragraph at lines 748--748
[]\TU/lmtt/m/n/10 ##   67   5.03000835e+08  5.03000835e+08  3.86e-09 5.05e-09  
1.96e-11    10s[] 
 []


Overfull \hbox (20.25pt too wide) in paragraph at lines 748--748
[]\TU/lmtt/m/n/10 ## Barrier solved model in 67 iterations and 10.40 seconds (1
4.02 work units)[] 
 []



[18]
Overfull \hbox (109.5pt too wide) in paragraph at lines 748--748
[]\TU/lmtt/m/n/10 ## Root relaxation: objective 5.030008e+08, 20684 iterations,
 10.89 seconds (10.34 work units)[] 
 []


Overfull \hbox (9.75pt too wide) in paragraph at lines 748--748
[]\TU/lmtt/m/n/10 ##     Nodes    |    Current Node    |     Objective Bounds  
    |     Work[] 
 []


Overfull \hbox (30.75pt too wide) in paragraph at lines 748--748
[]\TU/lmtt/m/n/10 ##  Expl Unexpl |  Obj  Depth IntInf | Incumbent    BestBd   
Gap | It/Node Time[] 
 []


Overfull \hbox (20.25pt too wide) in paragraph at lines 748--748
[]\TU/lmtt/m/n/10 ##      0     0 5.0300e+08    0  944   -0.00000 5.0300e+08   
   -     -   23s[] 
 []


Overfull \hbox (20.25pt too wide) in paragraph at lines 748--748
[]\TU/lmtt/m/n/10 ## H    0     0                    2.622174e+08 5.0300e+08  9
1.8%     -   23s[] 
 []


Overfull \hbox (20.25pt too wide) in paragraph at lines 748--748
[]\TU/lmtt/m/n/10 ## H    0     0                    2.691127e+08 5.0300e+08  8
6.9%     -   24s[] 
 []


Overfull \hbox (20.25pt too wide) in paragraph at lines 748--748
[]\TU/lmtt/m/n/10 ## H    0     0                    2.706323e+08 5.0300e+08  8
5.9%     -   24s[] 
 []


Overfull \hbox (20.25pt too wide) in paragraph at lines 748--748
[]\TU/lmtt/m/n/10 ## H    0     0                    2.811011e+08 5.0300e+08  7
8.9%     -   24s[] 
 []


Overfull \hbox (20.25pt too wide) in paragraph at lines 748--748
[]\TU/lmtt/m/n/10 ## H    0     0                    2.830642e+08 5.0300e+08  7
7.7%     -   24s[] 
 []


Overfull \hbox (20.25pt too wide) in paragraph at lines 748--748
[]\TU/lmtt/m/n/10 ## H    0     0                    2.844875e+08 5.0300e+08  7
6.8%     -   25s[] 
 []


Overfull \hbox (20.25pt too wide) in paragraph at lines 748--748
[]\TU/lmtt/m/n/10 ## H    0     0                    2.874458e+08 5.0300e+08  7
5.0%     -   25s[] 
 []


Overfull \hbox (20.25pt too wide) in paragraph at lines 748--748
[]\TU/lmtt/m/n/10 ## H    0     0                    2.909978e+08 5.0300e+08  7
2.9%     -   25s[] 
 []



[19]
Overfull \hbox (20.25pt too wide) in paragraph at lines 748--748
[]\TU/lmtt/m/n/10 ## H    0     0                    2.911169e+08 5.0300e+08  7
2.8%     -   25s[] 
 []


Overfull \hbox (20.25pt too wide) in paragraph at lines 748--748
[]\TU/lmtt/m/n/10 ## H    0     0                    2.934585e+08 5.0300e+08  7
1.4%     -   25s[] 
 []


Overfull \hbox (20.25pt too wide) in paragraph at lines 748--748
[]\TU/lmtt/m/n/10 ## H    0     0                    2.959723e+08 5.0300e+08  6
9.9%     -   25s[] 
 []


Overfull \hbox (20.25pt too wide) in paragraph at lines 748--748
[]\TU/lmtt/m/n/10 ## H    0     0                    2.960096e+08 5.0300e+08  6
9.9%     -   25s[] 
 []


Overfull \hbox (20.25pt too wide) in paragraph at lines 748--748
[]\TU/lmtt/m/n/10 ## H    0     0                    2.961586e+08 5.0300e+08  6
9.8%     -   25s[] 
 []


Overfull \hbox (20.25pt too wide) in paragraph at lines 748--748
[]\TU/lmtt/m/n/10 ## H    0     0                    2.980525e+08 5.0300e+08  6
8.8%     -   25s[] 
 []


Overfull \hbox (20.25pt too wide) in paragraph at lines 748--748
[]\TU/lmtt/m/n/10 ## H    0     0                    3.001546e+08 5.0300e+08  6
7.6%     -   25s[] 
 []


Overfull \hbox (20.25pt too wide) in paragraph at lines 748--748
[]\TU/lmtt/m/n/10 ## H    0     0                    4.233591e+08 5.0300e+08  1
8.8%     -   31s[] 
 []


Overfull \hbox (20.25pt too wide) in paragraph at lines 748--748
[]\TU/lmtt/m/n/10 ##      0     0 5.0276e+08    0  989 4.2336e+08 5.0276e+08  1
8.8%     -   54s[] 
 []


Overfull \hbox (20.25pt too wide) in paragraph at lines 748--748
[]\TU/lmtt/m/n/10 ##      0     0 5.0272e+08    0  929 4.2336e+08 5.0272e+08  1
8.7%     -   70s[] 
 []


Overfull \hbox (20.25pt too wide) in paragraph at lines 748--748
[]\TU/lmtt/m/n/10 ##      0     0 5.0272e+08    0  937 4.2336e+08 5.0272e+08  1
8.7%     -   71s[] 
 []


Overfull \hbox (20.25pt too wide) in paragraph at lines 748--748
[]\TU/lmtt/m/n/10 ##      0     0 5.0272e+08    0  929 4.2336e+08 5.0272e+08  1
8.7%     -   71s[] 
 []


Overfull \hbox (20.25pt too wide) in paragraph at lines 748--748
[]\TU/lmtt/m/n/10 ##      0     0 5.0238e+08    0 1134 4.2336e+08 5.0238e+08  1
8.7%     -  118s[] 
 []


Overfull \hbox (20.25pt too wide) in paragraph at lines 748--748
[]\TU/lmtt/m/n/10 ## H    0     0                    4.462810e+08 5.0238e+08  1
2.6%     -  134s[] 
 []


Overfull \hbox (20.25pt too wide) in paragraph at lines 748--748
[]\TU/lmtt/m/n/10 ##      0     0 5.0228e+08    0 1246 4.4628e+08 5.0228e+08  1
2.5%     -  151s[] 
 []


Overfull \hbox (20.25pt too wide) in paragraph at lines 748--748
[]\TU/lmtt/m/n/10 ##      0     0 5.0226e+08    0 1260 4.4628e+08 5.0226e+08  1
2.5%     -  160s[] 
 []


Overfull \hbox (20.25pt too wide) in paragraph at lines 748--748
[]\TU/lmtt/m/n/10 ##      0     0 5.0225e+08    0 1291 4.4628e+08 5.0225e+08  1
2.5%     -  164s[] 
 []


Overfull \hbox (20.25pt too wide) in paragraph at lines 748--748
[]\TU/lmtt/m/n/10 ##      0     0 5.0225e+08    0 1275 4.4628e+08 5.0225e+08  1
2.5%     -  166s[] 
 []


Overfull \hbox (20.25pt too wide) in paragraph at lines 748--748
[]\TU/lmtt/m/n/10 ##      0     0 5.0225e+08    0 1276 4.4628e+08 5.0225e+08  1
2.5%     -  166s[] 
 []


Overfull \hbox (20.25pt too wide) in paragraph at lines 748--748
[]\TU/lmtt/m/n/10 ##      0     0 5.0198e+08    0 1370 4.4628e+08 5.0198e+08  1
2.5%     -  233s[] 
 []


Overfull \hbox (20.25pt too wide) in paragraph at lines 748--748
[]\TU/lmtt/m/n/10 ##      0     0 5.0185e+08    0 1299 4.4628e+08 5.0185e+08  1
2.5%     -  282s[] 
 []


Overfull \hbox (20.25pt too wide) in paragraph at lines 748--748
[]\TU/lmtt/m/n/10 ##      0     0 5.0182e+08    0 1380 4.4628e+08 5.0182e+08  1
2.4%     -  294s[] 
 []


Overfull \hbox (20.25pt too wide) in paragraph at lines 748--748
[]\TU/lmtt/m/n/10 ##      0     0 5.0182e+08    0 1367 4.4628e+08 5.0182e+08  1
2.4%     -  298s[] 
 []


Overfull \hbox (20.25pt too wide) in paragraph at lines 748--748
[]\TU/lmtt/m/n/10 ##      0     0          -    0      4.4628e+08 5.0182e+08  1
2.4%     -  300s[] 
 []


Overfull \hbox (57.0pt too wide) in paragraph at lines 748--748
[]\TU/lmtt/m/n/10 ## Explored 1 nodes (75103 simplex iterations) in 300.04 seco
nds (521.02 work units)[] 
 []



[20]
Overfull \hbox (41.25pt too wide) in paragraph at lines 748--748
[]\TU/lmtt/m/n/10 ## Best objective 4.462810080392e+08, best bound 5.0181767583
59e+08, gap 12.4443%[] 
 []


Overfull \hbox (78.0pt too wide) in paragraph at lines 748--748
[]\TU/lmtt/m/n/10 ## [solve_lp_with_gurobi] Status: TIME_LIMIT | ObjVal: 446281
008.0392 | Runtime: 302.1 s[] 
 []


Overfull \hbox (93.75pt too wide) in paragraph at lines 974--974
[]\TU/lmtt/m/n/10 ## [solve_lp_with_gurobi] 312907 vars | 27183 constrs | 97732
2 nnz | sense=max | start=none[] 
 []


Overfull \hbox (62.25pt too wide) in paragraph at lines 974--974
[]\TU/lmtt/m/n/10 ## Gurobi Optimizer version 12.0.1 build v12.0.1rc0 (win64 - 
Windows 11+.0 (26200.2))[] 
 []


Overfull \hbox (88.5pt too wide) in paragraph at lines 974--974
[]\TU/lmtt/m/n/10 ## CPU model: AMD Ryzen AI 9 HX 370 w/ Radeon 890M, instructi
on set [SSE2|AVX|AVX2|AVX512][] 
 []


Overfull \hbox (41.25pt too wide) in paragraph at lines 974--974
[]\TU/lmtt/m/n/10 ## Thread count: 12 physical cores, 24 logical processors, us
ing up to 24 threads[] 
 []



[21]
Overfull \hbox (51.75pt too wide) in paragraph at lines 974--974
[]\TU/lmtt/m/n/10 ## Deterministic concurrent LP optimizer: primal simplex, dua
l simplex, and barrier[] 
 []



[22]
Overfull \hbox (15.0pt too wide) in paragraph at lines 974--974
[]\TU/lmtt/m/n/10 ## Iter       Primal          Dual         Primal    Dual    
 Compl     Time[] 
 []


Overfull \hbox (15.0pt too wide) in paragraph at lines 974--974
[]\TU/lmtt/m/n/10 ##    0  -1.12900047e+17  1.25311858e+16  2.46e+09 4.78e+02  
4.52e+12     4s[] 
 []


Overfull \hbox (15.0pt too wide) in paragraph at lines 974--974
[]\TU/lmtt/m/n/10 ##    1  -4.82833078e+16  1.11314958e+16  1.05e+09 3.01e+05  
1.97e+12     4s[] 
 []


Overfull \hbox (15.0pt too wide) in paragraph at lines 974--974
[]\TU/lmtt/m/n/10 ##    2  -6.60383891e+15  8.60161718e+15  1.38e+08 1.76e+04  
2.71e+11     4s[] 
 []


Overfull \hbox (15.0pt too wide) in paragraph at lines 974--974
[]\TU/lmtt/m/n/10 ##    3  -1.34136382e+15  4.92294307e+15  2.59e+07 1.39e+03  
5.57e+10     4s[] 
 []


Overfull \hbox (15.0pt too wide) in paragraph at lines 974--974
[]\TU/lmtt/m/n/10 ##    4  -2.47126027e+14  2.47286883e+15  4.46e+06 4.87e+02  
1.22e+10     4s[] 
 []


Overfull \hbox (15.0pt too wide) in paragraph at lines 974--974
[]\TU/lmtt/m/n/10 ##    5  -3.93925218e+13  8.79028526e+14  5.55e+05 6.98e-09  
2.69e+09     4s[] 
 []


Overfull \hbox (15.0pt too wide) in paragraph at lines 974--974
[]\TU/lmtt/m/n/10 ##    6  -6.91439018e+12  5.92582636e+14  3.39e+04 3.73e-09  
1.25e+09     4s[] 
 []


Overfull \hbox (15.0pt too wide) in paragraph at lines 974--974
[]\TU/lmtt/m/n/10 ##    7  -2.09955927e+12  4.07950289e+14  9.36e+03 4.19e-09  
7.85e+08     4s[] 
 []


Overfull \hbox (15.0pt too wide) in paragraph at lines 974--974
[]\TU/lmtt/m/n/10 ##    8  -9.48083743e+11  1.09471225e+14  3.52e+03 4.66e-09  
2.09e+08     5s[] 
 []


Overfull \hbox (15.0pt too wide) in paragraph at lines 974--974
[]\TU/lmtt/m/n/10 ##    9  -5.09176877e+11  1.76349045e+13  1.33e+03 5.59e-09  
3.47e+07     5s[] 
 []


Overfull \hbox (15.0pt too wide) in paragraph at lines 974--974
[]\TU/lmtt/m/n/10 ##   10  -3.79930554e+11  3.21631595e+12  7.36e+02 6.52e-09  
7.16e+06     5s[] 
 []


Overfull \hbox (15.0pt too wide) in paragraph at lines 974--974
[]\TU/lmtt/m/n/10 ##   11  -3.23204634e+11  1.70494194e+12  5.37e+02 7.68e-09  
4.15e+06     5s[] 
 []


Overfull \hbox (15.0pt too wide) in paragraph at lines 974--974
[]\TU/lmtt/m/n/10 ##   12  -2.51438874e+11  1.04879916e+12  3.22e+02 8.38e-09  
2.66e+06     5s[] 
 []


Overfull \hbox (15.0pt too wide) in paragraph at lines 974--974
[]\TU/lmtt/m/n/10 ##   13  -1.87475976e+11  9.75300235e+11  1.90e+02 1.21e-08  
2.29e+06     5s[] 
 []


Overfull \hbox (15.0pt too wide) in paragraph at lines 974--974
[]\TU/lmtt/m/n/10 ##   14  -1.09362782e+11  4.52991201e+11  1.05e+02 8.85e-09  
1.13e+06     5s[] 
 []


Overfull \hbox (15.0pt too wide) in paragraph at lines 974--974
[]\TU/lmtt/m/n/10 ##   15  -8.20442332e+10  4.39665708e+11  7.36e+01 1.26e-08  
1.02e+06     5s[] 
 []


Overfull \hbox (15.0pt too wide) in paragraph at lines 974--974
[]\TU/lmtt/m/n/10 ##   16  -6.25897278e+10  4.01120861e+11  5.98e+01 1.46e-03  
9.02e+05     5s[] 
 []


Overfull \hbox (15.0pt too wide) in paragraph at lines 974--974
[]\TU/lmtt/m/n/10 ##   17  -3.21696076e+10  2.66769823e+11  3.18e+01 9.31e-09  
5.76e+05     5s[] 
 []


Overfull \hbox (15.0pt too wide) in paragraph at lines 974--974
[]\TU/lmtt/m/n/10 ##   18  -1.86445752e+10  1.73530721e+11  1.92e+01 9.08e-09  
3.68e+05     6s[] 
 []


Overfull \hbox (15.0pt too wide) in paragraph at lines 974--974
[]\TU/lmtt/m/n/10 ##   19  -9.74192581e+09  1.03589451e+11  1.06e+01 8.15e-09  
2.15e+05     6s[] 
 []


Overfull \hbox (15.0pt too wide) in paragraph at lines 974--974
[]\TU/lmtt/m/n/10 ##   20  -7.88791868e+09  9.89791250e+10  8.86e+00 9.08e-09  
2.02e+05     6s[] 
 []


Overfull \hbox (15.0pt too wide) in paragraph at lines 974--974
[]\TU/lmtt/m/n/10 ##   21  -7.42776204e+09  6.79239418e+10  8.41e+00 8.85e-09  
1.43e+05     6s[] 
 []


Overfull \hbox (15.0pt too wide) in paragraph at lines 974--974
[]\TU/lmtt/m/n/10 ##   22  -6.03643919e+09  5.40970351e+10  6.99e+00 7.22e-09  
1.13e+05     6s[] 
 []


Overfull \hbox (15.0pt too wide) in paragraph at lines 974--974
[]\TU/lmtt/m/n/10 ##   23  -4.81043161e+09  4.35337518e+10  5.64e+00 6.98e-09  
9.08e+04     6s[] 
 []


Overfull \hbox (15.0pt too wide) in paragraph at lines 974--974
[]\TU/lmtt/m/n/10 ##   24  -4.24569506e+09  3.96372445e+10  5.02e+00 6.98e-09  
8.22e+04     6s[] 
 []


Overfull \hbox (15.0pt too wide) in paragraph at lines 974--974
[]\TU/lmtt/m/n/10 ##   25  -2.90469036e+09  2.76845368e+10  3.39e+00 5.59e-09  
5.67e+04     6s[] 
 []



[23]
Overfull \hbox (15.0pt too wide) in paragraph at lines 974--974
[]\TU/lmtt/m/n/10 ##   26  -2.23904339e+09  1.99815314e+10  2.53e+00 5.12e-09  
4.09e+04     6s[] 
 []


Overfull \hbox (15.0pt too wide) in paragraph at lines 974--974
[]\TU/lmtt/m/n/10 ##   27  -1.93386960e+09  1.55405055e+10  2.16e+00 3.73e-09  
3.20e+04     7s[] 
 []


Overfull \hbox (15.0pt too wide) in paragraph at lines 974--974
[]\TU/lmtt/m/n/10 ##   28  -1.18341156e+09  1.08250051e+10  1.10e+00 3.26e-09  
2.18e+04     7s[] 
 []


Overfull \hbox (15.0pt too wide) in paragraph at lines 974--974
[]\TU/lmtt/m/n/10 ##   29  -7.52301398e+08  7.56322279e+09  7.14e-01 2.79e-09  
1.51e+04     7s[] 
 []


Overfull \hbox (15.0pt too wide) in paragraph at lines 974--974
[]\TU/lmtt/m/n/10 ##   30  -5.30732157e+08  5.69694981e+09  5.24e-01 2.79e-09  
1.13e+04     7s[] 
 []


Overfull \hbox (15.0pt too wide) in paragraph at lines 974--974
[]\TU/lmtt/m/n/10 ##   31  -4.48527313e+08  4.94094943e+09  4.64e-01 2.79e-09  
9.76e+03     7s[] 
 []


Overfull \hbox (15.0pt too wide) in paragraph at lines 974--974
[]\TU/lmtt/m/n/10 ##   32  -3.88377790e+08  4.28996286e+09  4.21e-01 3.26e-09  
8.47e+03     7s[] 
 []


Overfull \hbox (15.0pt too wide) in paragraph at lines 974--974
[]\TU/lmtt/m/n/10 ##   33  -2.23191026e+08  3.69677529e+09  3.04e-01 2.79e-09  
7.10e+03     7s[] 
 []


Overfull \hbox (15.0pt too wide) in paragraph at lines 974--974
[]\TU/lmtt/m/n/10 ##   34  -1.10154322e+08  2.72079983e+09  2.33e-01 2.33e-09  
5.12e+03     7s[] 
 []


Overfull \hbox (15.0pt too wide) in paragraph at lines 974--974
[]\TU/lmtt/m/n/10 ##   35  -2.32582289e+07  2.53265609e+09  1.82e-01 3.49e-09  
4.63e+03     7s[] 
 []


Overfull \hbox (15.0pt too wide) in paragraph at lines 974--974
[]\TU/lmtt/m/n/10 ##   36   8.89093737e+07  1.85191198e+09  1.23e-01 2.79e-09  
3.19e+03     8s[] 
 []


Overfull \hbox (15.0pt too wide) in paragraph at lines 974--974
[]\TU/lmtt/m/n/10 ##   37   1.75229506e+08  1.35148388e+09  8.34e-02 2.56e-09  
2.13e+03     8s[] 
 []


Overfull \hbox (15.0pt too wide) in paragraph at lines 974--974
[]\TU/lmtt/m/n/10 ##   38   2.38822105e+08  1.15874221e+09  6.04e-02 1.86e-09  
1.67e+03     8s[] 
 []


Overfull \hbox (15.0pt too wide) in paragraph at lines 974--974
[]\TU/lmtt/m/n/10 ##   39   2.80153338e+08  9.56923756e+08  4.71e-02 2.56e-09  
1.23e+03     8s[] 
 []


Overfull \hbox (15.0pt too wide) in paragraph at lines 974--974
[]\TU/lmtt/m/n/10 ##   40   3.07468501e+08  8.20580212e+08  3.93e-02 2.50e-09  
9.28e+02     8s[] 
 []


Overfull \hbox (15.0pt too wide) in paragraph at lines 974--974
[]\TU/lmtt/m/n/10 ##   41   3.46294338e+08  7.24928330e+08  2.85e-02 2.02e-09  
6.85e+02     8s[] 
 []


Overfull \hbox (15.0pt too wide) in paragraph at lines 974--974
[]\TU/lmtt/m/n/10 ##   42   3.80210114e+08  6.70203391e+08  1.98e-02 2.33e-09  
5.25e+02     8s[] 
 []


Overfull \hbox (15.0pt too wide) in paragraph at lines 974--974
[]\TU/lmtt/m/n/10 ##   43   4.02603755e+08  6.07429142e+08  1.46e-02 2.15e-09  
3.71e+02     8s[] 
 []


Overfull \hbox (15.0pt too wide) in paragraph at lines 974--974
[]\TU/lmtt/m/n/10 ##   44   4.25947959e+08  5.69208453e+08  9.55e-03 2.35e-09  
2.59e+02     9s[] 
 []


Overfull \hbox (15.0pt too wide) in paragraph at lines 974--974
[]\TU/lmtt/m/n/10 ##   45   4.38017176e+08  5.33482583e+08  7.13e-03 4.23e-09  
1.73e+02     9s[] 
 []


Overfull \hbox (15.0pt too wide) in paragraph at lines 974--974
[]\TU/lmtt/m/n/10 ##   46   4.48549975e+08  5.13936632e+08  5.13e-03 4.22e-09  
1.18e+02     9s[] 
 []


Overfull \hbox (15.0pt too wide) in paragraph at lines 974--974
[]\TU/lmtt/m/n/10 ##   47   4.57402233e+08  4.98751341e+08  3.51e-03 2.30e-09  
7.47e+01     9s[] 
 []


Overfull \hbox (15.0pt too wide) in paragraph at lines 974--974
[]\TU/lmtt/m/n/10 ##   48   4.65776692e+08  4.91438889e+08  2.01e-03 2.93e-09  
4.64e+01     9s[] 
 []


Overfull \hbox (15.0pt too wide) in paragraph at lines 974--974
[]\TU/lmtt/m/n/10 ##   49   4.67148247e+08  4.88886630e+08  1.77e-03 2.68e-09  
3.93e+01     9s[] 
 []


Overfull \hbox (15.0pt too wide) in paragraph at lines 974--974
[]\TU/lmtt/m/n/10 ##   50   4.69235934e+08  4.85277416e+08  1.42e-03 3.09e-09  
2.90e+01     9s[] 
 []


Overfull \hbox (15.0pt too wide) in paragraph at lines 974--974
[]\TU/lmtt/m/n/10 ##   51   4.70900131e+08  4.83914044e+08  1.15e-03 3.14e-09  
2.35e+01     9s[] 
 []


Overfull \hbox (15.0pt too wide) in paragraph at lines 974--974
[]\TU/lmtt/m/n/10 ##   52   4.73875709e+08  4.82887627e+08  6.50e-04 2.42e-09  
1.63e+01     9s[] 
 []


Overfull \hbox (15.0pt too wide) in paragraph at lines 974--974
[]\TU/lmtt/m/n/10 ##   53   4.75068041e+08  4.81137378e+08  4.50e-04 2.85e-09  
1.10e+01     9s[] 
 []


Overfull \hbox (15.0pt too wide) in paragraph at lines 974--974
[]\TU/lmtt/m/n/10 ##   54   4.76516861e+08  4.79281555e+08  2.11e-04 2.22e-09  
5.00e+00    10s[] 
 []


Overfull \hbox (15.0pt too wide) in paragraph at lines 974--974
[]\TU/lmtt/m/n/10 ##   55   4.77291663e+08  4.78540426e+08  8.77e-05 2.06e-09  
2.26e+00    10s[] 
 []


Overfull \hbox (15.0pt too wide) in paragraph at lines 974--974
[]\TU/lmtt/m/n/10 ##   56   4.77630873e+08  4.78133980e+08  3.51e-05 2.07e-09  
9.11e-01    10s[] 
 []



[24]
Overfull \hbox (15.0pt too wide) in paragraph at lines 974--974
[]\TU/lmtt/m/n/10 ##   57   4.77744779e+08  4.78007533e+08  1.85e-05 2.70e-09  
4.76e-01    10s[] 
 []


Overfull \hbox (15.0pt too wide) in paragraph at lines 974--974
[]\TU/lmtt/m/n/10 ##   58   4.77786637e+08  4.77949078e+08  1.26e-05 2.20e-09  
2.94e-01    10s[] 
 []


Overfull \hbox (15.0pt too wide) in paragraph at lines 974--974
[]\TU/lmtt/m/n/10 ##   59   4.77829488e+08  4.77914452e+08  6.65e-06 2.89e-09  
1.54e-01    10s[] 
 []


Overfull \hbox (15.0pt too wide) in paragraph at lines 974--974
[]\TU/lmtt/m/n/10 ##   60   4.77860978e+08  4.77888740e+08  2.33e-06 2.33e-09  
5.02e-02    10s[] 
 []


Overfull \hbox (15.0pt too wide) in paragraph at lines 974--974
[]\TU/lmtt/m/n/10 ##   61   4.77872224e+08  4.77884605e+08  1.34e-06 3.23e-09  
2.24e-02    10s[] 
 []


Overfull \hbox (15.0pt too wide) in paragraph at lines 974--974
[]\TU/lmtt/m/n/10 ##   62   4.77877178e+08  4.77882020e+08  6.26e-07 2.50e-09  
8.78e-03    10s[] 
 []


Overfull \hbox (15.0pt too wide) in paragraph at lines 974--974
[]\TU/lmtt/m/n/10 ##   63   4.77878236e+08  4.77880111e+08  6.14e-07 2.33e-09  
3.39e-03    10s[] 
 []


Overfull \hbox (15.0pt too wide) in paragraph at lines 974--974
[]\TU/lmtt/m/n/10 ##   64   4.77879375e+08  4.77879807e+08  5.80e-08 2.15e-09  
7.84e-04    10s[] 
 []


Overfull \hbox (15.0pt too wide) in paragraph at lines 974--974
[]\TU/lmtt/m/n/10 ##   65   4.77879514e+08  4.77879561e+08  1.11e-08 2.68e-09  
8.44e-05    11s[] 
 []


Overfull \hbox (15.0pt too wide) in paragraph at lines 974--974
[]\TU/lmtt/m/n/10 ##   66   4.77879544e+08  4.77879549e+08  1.58e-09 2.33e-09  
9.73e-06    11s[] 
 []


Overfull \hbox (15.0pt too wide) in paragraph at lines 974--974
[]\TU/lmtt/m/n/10 ##   67   4.77879547e+08  4.77879549e+08  1.24e-08 3.58e-09  
3.00e-06    11s[] 
 []


Overfull \hbox (15.0pt too wide) in paragraph at lines 974--974
[]\TU/lmtt/m/n/10 ##   68   4.77879549e+08  4.77879549e+08  8.60e-09 2.79e-09  
3.23e-09    11s[] 
 []


Overfull \hbox (20.25pt too wide) in paragraph at lines 974--974
[]\TU/lmtt/m/n/10 ## Barrier solved model in 68 iterations and 11.05 seconds (1
4.70 work units)[] 
 []



[25]
Overfull \hbox (109.5pt too wide) in paragraph at lines 974--974
[]\TU/lmtt/m/n/10 ## Root relaxation: objective 4.778795e+08, 19588 iterations,
 11.46 seconds (10.89 work units)[] 
 []


Overfull \hbox (9.75pt too wide) in paragraph at lines 974--974
[]\TU/lmtt/m/n/10 ##     Nodes    |    Current Node    |     Objective Bounds  
    |     Work[] 
 []


Overfull \hbox (30.75pt too wide) in paragraph at lines 974--974
[]\TU/lmtt/m/n/10 ##  Expl Unexpl |  Obj  Depth IntInf | Incumbent    BestBd   
Gap | It/Node Time[] 
 []


Overfull \hbox (20.25pt too wide) in paragraph at lines 974--974
[]\TU/lmtt/m/n/10 ##      0     0 4.7788e+08    0 1101   -0.00000 4.7788e+08   
   -     -   26s[] 
 []


Overfull \hbox (20.25pt too wide) in paragraph at lines 974--974
[]\TU/lmtt/m/n/10 ## H    0     0                    1.940584e+08 4.7788e+08   
146%     -   27s[] 
 []


Overfull \hbox (20.25pt too wide) in paragraph at lines 974--974
[]\TU/lmtt/m/n/10 ## H    0     0                    2.072988e+08 4.7788e+08   
131%     -   27s[] 
 []


Overfull \hbox (20.25pt too wide) in paragraph at lines 974--974
[]\TU/lmtt/m/n/10 ## H    0     0                    2.086620e+08 4.7788e+08   
129%     -   27s[] 
 []


Overfull \hbox (20.25pt too wide) in paragraph at lines 974--974
[]\TU/lmtt/m/n/10 ## H    0     0                    2.169433e+08 4.7788e+08   
120%     -   27s[] 
 []


Overfull \hbox (20.25pt too wide) in paragraph at lines 974--974
[]\TU/lmtt/m/n/10 ## H    0     0                    2.260177e+08 4.7788e+08   
111%     -   28s[] 
 []


Overfull \hbox (20.25pt too wide) in paragraph at lines 974--974
[]\TU/lmtt/m/n/10 ## H    0     0                    2.351394e+08 4.7788e+08   
103%     -   28s[] 
 []


Overfull \hbox (20.25pt too wide) in paragraph at lines 974--974
[]\TU/lmtt/m/n/10 ## H    0     0                    2.620500e+08 4.7788e+08  8
2.4%     -   28s[] 
 []


Overfull \hbox (20.25pt too wide) in paragraph at lines 974--974
[]\TU/lmtt/m/n/10 ## H    0     0                    2.691231e+08 4.7788e+08  7
7.6%     -   28s[] 
 []


Overfull \hbox (20.25pt too wide) in paragraph at lines 974--974
[]\TU/lmtt/m/n/10 ## H    0     0                    2.714720e+08 4.7788e+08  7
6.0%     -   29s[] 
 []


Overfull \hbox (20.25pt too wide) in paragraph at lines 974--974
[]\TU/lmtt/m/n/10 ## H    0     0                    2.726302e+08 4.7788e+08  7
5.3%     -   29s[] 
 []


Overfull \hbox (20.25pt too wide) in paragraph at lines 974--974
[]\TU/lmtt/m/n/10 ## H    0     0                    2.748115e+08 4.7788e+08  7
3.9%     -   29s[] 
 []


Overfull \hbox (20.25pt too wide) in paragraph at lines 974--974
[]\TU/lmtt/m/n/10 ## H    0     0                    2.809229e+08 4.7788e+08  7
0.1%     -   29s[] 
 []


Overfull \hbox (20.25pt too wide) in paragraph at lines 974--974
[]\TU/lmtt/m/n/10 ## H    0     0                    2.822366e+08 4.7788e+08  6
9.3%     -   29s[] 
 []


Overfull \hbox (20.25pt too wide) in paragraph at lines 974--974
[]\TU/lmtt/m/n/10 ## H    0     0                    2.854823e+08 4.7788e+08  6
7.4%     -   29s[] 
 []


Overfull \hbox (20.25pt too wide) in paragraph at lines 974--974
[]\TU/lmtt/m/n/10 ## H    0     0                    2.870237e+08 4.7788e+08  6
6.5%     -   29s[] 
 []


Overfull \hbox (20.25pt too wide) in paragraph at lines 974--974
[]\TU/lmtt/m/n/10 ## H    0     0                    2.873568e+08 4.7788e+08  6
6.3%     -   29s[] 
 []


Overfull \hbox (20.25pt too wide) in paragraph at lines 974--974
[]\TU/lmtt/m/n/10 ## H    0     0                    2.884404e+08 4.7788e+08  6
5.7%     -   29s[] 
 []



[26]
Overfull \hbox (20.25pt too wide) in paragraph at lines 974--974
[]\TU/lmtt/m/n/10 ## H    0     0                    2.895105e+08 4.7788e+08  6
5.1%     -   30s[] 
 []


Overfull \hbox (20.25pt too wide) in paragraph at lines 974--974
[]\TU/lmtt/m/n/10 ##      0     0 4.7675e+08    0 1178 2.8951e+08 4.7675e+08  6
4.7%     -   78s[] 
 []


Overfull \hbox (20.25pt too wide) in paragraph at lines 974--974
[]\TU/lmtt/m/n/10 ## H    0     0                    2.983581e+08 4.7675e+08  5
9.8%     -   83s[] 
 []


Overfull \hbox (20.25pt too wide) in paragraph at lines 974--974
[]\TU/lmtt/m/n/10 ## H    0     0                    3.016960e+08 4.7675e+08  5
8.0%     -   83s[] 
 []


Overfull \hbox (20.25pt too wide) in paragraph at lines 974--974
[]\TU/lmtt/m/n/10 ## H    0     0                    3.022132e+08 4.7675e+08  5
7.8%     -   83s[] 
 []


Overfull \hbox (20.25pt too wide) in paragraph at lines 974--974
[]\TU/lmtt/m/n/10 ## H    0     0                    3.094243e+08 4.7675e+08  5
4.1%     -   84s[] 
 []


Overfull \hbox (20.25pt too wide) in paragraph at lines 974--974
[]\TU/lmtt/m/n/10 ## H    0     0                    3.098882e+08 4.7675e+08  5
3.8%     -   84s[] 
 []


Overfull \hbox (20.25pt too wide) in paragraph at lines 974--974
[]\TU/lmtt/m/n/10 ## H    0     0                    3.121055e+08 4.7675e+08  5
2.8%     -   84s[] 
 []


Overfull \hbox (20.25pt too wide) in paragraph at lines 974--974
[]\TU/lmtt/m/n/10 ## H    0     0                    3.141556e+08 4.7675e+08  5
1.8%     -   84s[] 
 []


Overfull \hbox (20.25pt too wide) in paragraph at lines 974--974
[]\TU/lmtt/m/n/10 ## H    0     0                    3.146035e+08 4.7675e+08  5
1.5%     -   84s[] 
 []


Overfull \hbox (20.25pt too wide) in paragraph at lines 974--974
[]\TU/lmtt/m/n/10 ## H    0     0                    3.148318e+08 4.7675e+08  5
1.4%     -   84s[] 
 []


Overfull \hbox (20.25pt too wide) in paragraph at lines 974--974
[]\TU/lmtt/m/n/10 ## H    0     0                    3.158197e+08 4.7675e+08  5
1.0%     -   84s[] 
 []


Overfull \hbox (20.25pt too wide) in paragraph at lines 974--974
[]\TU/lmtt/m/n/10 ## H    0     0                    3.171487e+08 4.7675e+08  5
0.3%     -   84s[] 
 []


Overfull \hbox (20.25pt too wide) in paragraph at lines 974--974
[]\TU/lmtt/m/n/10 ## H    0     0                    3.174035e+08 4.7675e+08  5
0.2%     -   84s[] 
 []


Overfull \hbox (20.25pt too wide) in paragraph at lines 974--974
[]\TU/lmtt/m/n/10 ## H    0     0                    3.179388e+08 4.7675e+08  4
9.9%     -   84s[] 
 []


Overfull \hbox (20.25pt too wide) in paragraph at lines 974--974
[]\TU/lmtt/m/n/10 ## H    0     0                    3.187178e+08 4.7675e+08  4
9.6%     -   84s[] 
 []


Overfull \hbox (20.25pt too wide) in paragraph at lines 974--974
[]\TU/lmtt/m/n/10 ## H    0     0                    3.208858e+08 4.7675e+08  4
8.6%     -   85s[] 
 []


Overfull \hbox (20.25pt too wide) in paragraph at lines 974--974
[]\TU/lmtt/m/n/10 ## H    0     0                    3.209804e+08 4.7675e+08  4
8.5%     -   85s[] 
 []


Overfull \hbox (20.25pt too wide) in paragraph at lines 974--974
[]\TU/lmtt/m/n/10 ## H    0     0                    3.210072e+08 4.7675e+08  4
8.5%     -   85s[] 
 []


Overfull \hbox (20.25pt too wide) in paragraph at lines 974--974
[]\TU/lmtt/m/n/10 ## H    0     0                    3.222787e+08 4.7675e+08  4
7.9%     -   85s[] 
 []


Overfull \hbox (20.25pt too wide) in paragraph at lines 974--974
[]\TU/lmtt/m/n/10 ## H    0     0                    3.446183e+08 4.7675e+08  3
8.3%     -   93s[] 
 []


Overfull \hbox (20.25pt too wide) in paragraph at lines 974--974
[]\TU/lmtt/m/n/10 ## H    0     0                    3.492607e+08 4.7675e+08  3
6.5%     -   96s[] 
 []


Overfull \hbox (20.25pt too wide) in paragraph at lines 974--974
[]\TU/lmtt/m/n/10 ##      0     0 4.7655e+08    0 1197 3.4926e+08 4.7655e+08  3
6.4%     -  110s[] 
 []


Overfull \hbox (20.25pt too wide) in paragraph at lines 974--974
[]\TU/lmtt/m/n/10 ##      0     0 4.7653e+08    0 1155 3.4926e+08 4.7653e+08  3
6.4%     -  113s[] 
 []


Overfull \hbox (20.25pt too wide) in paragraph at lines 974--974
[]\TU/lmtt/m/n/10 ##      0     0 4.7653e+08    0 1172 3.4926e+08 4.7653e+08  3
6.4%     -  114s[] 
 []


Overfull \hbox (20.25pt too wide) in paragraph at lines 974--974
[]\TU/lmtt/m/n/10 ##      0     0 4.7653e+08    0 1161 3.4926e+08 4.7653e+08  3
6.4%     -  114s[] 
 []


Overfull \hbox (20.25pt too wide) in paragraph at lines 974--974
[]\TU/lmtt/m/n/10 ##      0     0 4.7527e+08    0 1296 3.4926e+08 4.7527e+08  3
6.1%     -  234s[] 
 []


Overfull \hbox (20.25pt too wide) in paragraph at lines 974--974
[]\TU/lmtt/m/n/10 ## H    0     0                    3.531835e+08 4.7527e+08  3
4.6%     -  267s[] 
 []


Overfull \hbox (20.25pt too wide) in paragraph at lines 974--974
[]\TU/lmtt/m/n/10 ## H    0     0                    3.532405e+08 4.7527e+08  3
4.5%     -  292s[] 
 []


Overfull \hbox (20.25pt too wide) in paragraph at lines 974--974
[]\TU/lmtt/m/n/10 ##      0     0          -    0      3.5324e+08 4.7527e+08  3
4.5%     -  300s[] 
 []



[27]
Overfull \hbox (57.0pt too wide) in paragraph at lines 974--974
[]\TU/lmtt/m/n/10 ## Explored 1 nodes (47141 simplex iterations) in 300.04 seco
nds (345.23 work units)[] 
 []


Overfull \hbox (41.25pt too wide) in paragraph at lines 974--974
[]\TU/lmtt/m/n/10 ## Best objective 3.532405223800e+08, best bound 4.7526551773
99e+08, gap 34.5444%[] 
 []


Overfull \hbox (78.0pt too wide) in paragraph at lines 974--974
[]\TU/lmtt/m/n/10 ## [solve_lp_with_gurobi] Status: TIME_LIMIT | ObjVal: 353240
522.3800 | Runtime: 300.6 s[] 
 []


Overfull \hbox (93.75pt too wide) in paragraph at lines 1180--1180
[]\TU/lmtt/m/n/10 ## [solve_lp_with_gurobi] 312907 vars | 27183 constrs | 97732
2 nnz | sense=max | start=none[] 
 []



[28]
Overfull \hbox (62.25pt too wide) in paragraph at lines 1180--1180
[]\TU/lmtt/m/n/10 ## Gurobi Optimizer version 12.0.1 build v12.0.1rc0 (win64 - 
Windows 11+.0 (26200.2))[] 
 []


Overfull \hbox (88.5pt too wide) in paragraph at lines 1180--1180
[]\TU/lmtt/m/n/10 ## CPU model: AMD Ryzen AI 9 HX 370 w/ Radeon 890M, instructi
on set [SSE2|AVX|AVX2|AVX512][] 
 []


Overfull \hbox (41.25pt too wide) in paragraph at lines 1180--1180
[]\TU/lmtt/m/n/10 ## Thread count: 12 physical cores, 24 logical processors, us
ing up to 24 threads[] 
 []


Overfull \hbox (51.75pt too wide) in paragraph at lines 1180--1180
[]\TU/lmtt/m/n/10 ## Deterministic concurrent LP optimizer: primal simplex, dua
l simplex, and barrier[] 
 []



[29]
Overfull \hbox (15.0pt too wide) in paragraph at lines 1180--1180
[]\TU/lmtt/m/n/10 ## Iter       Primal          Dual         Primal    Dual    
 Compl     Time[] 
 []


Overfull \hbox (15.0pt too wide) in paragraph at lines 1180--1180
[]\TU/lmtt/m/n/10 ##    0  -2.23905350e+17  2.14045634e+16  2.46e+09 4.78e+02  
7.78e+12     6s[] 
 []


Overfull \hbox (15.0pt too wide) in paragraph at lines 1180--1180
[]\TU/lmtt/m/n/10 ##    1  -9.57846332e+16  1.90200229e+16  1.05e+09 5.18e+05  
3.40e+12     6s[] 
 []


Overfull \hbox (15.0pt too wide) in paragraph at lines 1180--1180
[]\TU/lmtt/m/n/10 ##    2  -1.30569295e+16  1.46980285e+16  1.38e+08 3.02e+04  
4.68e+11     7s[] 
 []


Overfull \hbox (15.0pt too wide) in paragraph at lines 1180--1180
[]\TU/lmtt/m/n/10 ##    3  -2.63416476e+15  8.41845816e+15  2.62e+07 2.35e+03  
9.66e+10     7s[] 
 []


Overfull \hbox (15.0pt too wide) in paragraph at lines 1180--1180
[]\TU/lmtt/m/n/10 ##    4  -4.65423563e+14  4.26362142e+15  4.34e+06 8.24e+02  
2.07e+10     7s[] 
 []


Overfull \hbox (15.0pt too wide) in paragraph at lines 1180--1180
[]\TU/lmtt/m/n/10 ##    5  -7.47015614e+13  1.51600101e+15  5.47e+05 6.52e-09  
4.61e+09     7s[] 
 []


Overfull \hbox (15.0pt too wide) in paragraph at lines 1180--1180
[]\TU/lmtt/m/n/10 ##    6  -1.28786537e+13  1.02760389e+15  3.32e+04 5.59e-09  
2.16e+09     7s[] 
 []


Overfull \hbox (15.0pt too wide) in paragraph at lines 1180--1180
[]\TU/lmtt/m/n/10 ##    7  -3.91827934e+12  6.47764038e+14  9.48e+03 5.59e-09  
1.25e+09     7s[] 
 []


Overfull \hbox (15.0pt too wide) in paragraph at lines 1180--1180
[]\TU/lmtt/m/n/10 ##    8  -1.65389432e+12  1.83133899e+14  3.53e+03 8.38e-09  
3.50e+08     7s[] 
 []


Overfull \hbox (15.0pt too wide) in paragraph at lines 1180--1180
[]\TU/lmtt/m/n/10 ##    9  -8.22785702e+11  6.28076207e+13  1.37e+03 8.38e-09  
1.19e+08     8s[] 
 []


Overfull \hbox (15.0pt too wide) in paragraph at lines 1180--1180
[]\TU/lmtt/m/n/10 ##   10  -5.78025482e+11  6.93487381e+12  7.65e+02 1.49e-08  
1.46e+07     8s[] 
 []


Overfull \hbox (15.0pt too wide) in paragraph at lines 1180--1180
[]\TU/lmtt/m/n/10 ##   11  -4.94883215e+11  5.01248539e+12  6.00e+02 1.63e-08  
1.08e+07     8s[] 
 []


Overfull \hbox (15.0pt too wide) in paragraph at lines 1180--1180
[]\TU/lmtt/m/n/10 ##   12  -3.73267060e+11  2.42846251e+12  3.72e+02 1.30e-08  
5.61e+06     8s[] 
 []


Overfull \hbox (15.0pt too wide) in paragraph at lines 1180--1180
[]\TU/lmtt/m/n/10 ##   13  -2.53327568e+11  1.55586923e+12  1.74e+02 1.58e-08  
3.55e+06     8s[] 
 []


Overfull \hbox (15.0pt too wide) in paragraph at lines 1180--1180
[]\TU/lmtt/m/n/10 ##   14  -2.08368764e+11  1.27195590e+12  1.18e+02 1.72e-08  
2.88e+06     8s[] 
 []


Overfull \hbox (15.0pt too wide) in paragraph at lines 1180--1180
[]\TU/lmtt/m/n/10 ##   15  -1.77421251e+11  7.58789867e+11  1.02e+02 1.96e-08  
1.88e+06     8s[] 
 []


Overfull \hbox (15.0pt too wide) in paragraph at lines 1180--1180
[]\TU/lmtt/m/n/10 ##   16  -1.40070922e+11  7.18673983e+11  7.70e+01 2.14e-08  
1.69e+06     9s[] 
 []


Overfull \hbox (15.0pt too wide) in paragraph at lines 1180--1180
[]\TU/lmtt/m/n/10 ##   17  -1.04608562e+11  6.05750401e+11  5.80e+01 2.51e-08  
1.39e+06     9s[] 
 []


Overfull \hbox (15.0pt too wide) in paragraph at lines 1180--1180
[]\TU/lmtt/m/n/10 ##   18  -7.07167402e+10  4.13085667e+11  3.89e+01 1.96e-08  
9.47e+05     9s[] 
 []


Overfull \hbox (15.0pt too wide) in paragraph at lines 1180--1180
[]\TU/lmtt/m/n/10 ##   19  -3.81865743e+10  2.80011249e+11  2.11e+01 2.00e-08  
6.14e+05     9s[] 
 []



[30]
Overfull \hbox (15.0pt too wide) in paragraph at lines 1180--1180
[]\TU/lmtt/m/n/10 ##   20  -2.74995791e+10  2.36999430e+11  1.56e+01 2.51e-08  
5.06e+05     9s[] 
 []


Overfull \hbox (15.0pt too wide) in paragraph at lines 1180--1180
[]\TU/lmtt/m/n/10 ##   21  -1.44253149e+10  1.61505451e+11  8.20e+00 2.56e-08  
3.31e+05     9s[] 
 []


Overfull \hbox (15.0pt too wide) in paragraph at lines 1180--1180
[]\TU/lmtt/m/n/10 ##   22  -1.25775854e+10  1.26275205e+11  7.22e+00 2.14e-08  
2.61e+05    10s[] 
 []


Overfull \hbox (15.0pt too wide) in paragraph at lines 1180--1180
[]\TU/lmtt/m/n/10 ##   23  -1.13631418e+10  1.14895837e+11  6.53e+00 2.24e-08  
2.37e+05    10s[] 
 []


Overfull \hbox (15.0pt too wide) in paragraph at lines 1180--1180
[]\TU/lmtt/m/n/10 ##   24  -7.25725546e+09  7.48194874e+10  3.89e+00 2.00e-08  
1.52e+05    10s[] 
 []


Overfull \hbox (15.0pt too wide) in paragraph at lines 1180--1180
[]\TU/lmtt/m/n/10 ##   25  -5.60975127e+09  4.66828789e+10  2.90e+00 1.12e-08  
9.64e+04    10s[] 
 []


Overfull \hbox (15.0pt too wide) in paragraph at lines 1180--1180
[]\TU/lmtt/m/n/10 ##   26  -4.86833667e+09  3.72904890e+10  2.46e+00 1.12e-08  
7.74e+04    10s[] 
 []


Overfull \hbox (15.0pt too wide) in paragraph at lines 1180--1180
[]\TU/lmtt/m/n/10 ##   27  -3.60404139e+09  2.34433160e+10  1.69e+00 6.98e-09  
4.92e+04    10s[] 
 []


Overfull \hbox (15.0pt too wide) in paragraph at lines 1180--1180
[]\TU/lmtt/m/n/10 ##   28  -2.82713119e+09  1.95274486e+10  1.27e+00 5.59e-09  
4.06e+04    10s[] 
 []


Overfull \hbox (15.0pt too wide) in paragraph at lines 1180--1180
[]\TU/lmtt/m/n/10 ##   29  -2.13258091e+09  1.51683783e+10  8.72e-01 5.59e-09  
3.14e+04    11s[] 
 []


Overfull \hbox (15.0pt too wide) in paragraph at lines 1180--1180
[]\TU/lmtt/m/n/10 ##   30  -1.54804278e+09  1.21545960e+10  5.35e-01 5.59e-09  
2.49e+04    11s[] 
 []


Overfull \hbox (15.0pt too wide) in paragraph at lines 1180--1180
[]\TU/lmtt/m/n/10 ##   31  -1.27653459e+09  9.16116305e+09  4.13e-01 4.66e-09  
1.89e+04    11s[] 
 []


Overfull \hbox (15.0pt too wide) in paragraph at lines 1180--1180
[]\TU/lmtt/m/n/10 ##   32  -1.03073425e+09  6.51736671e+09  3.00e-01 4.66e-09  
1.37e+04    11s[] 
 []


Overfull \hbox (15.0pt too wide) in paragraph at lines 1180--1180
[]\TU/lmtt/m/n/10 ##   33  -7.55029187e+08  5.84437047e+09  1.89e-01 5.59e-09  
1.20e+04    11s[] 
 []


Overfull \hbox (15.0pt too wide) in paragraph at lines 1180--1180
[]\TU/lmtt/m/n/10 ##   34  -5.38728980e+08  4.39842115e+09  1.11e-01 5.59e-09  
8.96e+03    12s[] 
 []


Overfull \hbox (15.0pt too wide) in paragraph at lines 1180--1180
[]\TU/lmtt/m/n/10 ##   35  -4.46305373e+08  3.46582202e+09  8.29e-02 5.59e-09  
7.10e+03    12s[] 
 []


Overfull \hbox (15.0pt too wide) in paragraph at lines 1180--1180
[]\TU/lmtt/m/n/10 ##   36  -3.55271319e+08  2.66010817e+09  6.08e-02 5.12e-09  
5.47e+03    12s[] 
 []


Overfull \hbox (15.0pt too wide) in paragraph at lines 1180--1180
[]\TU/lmtt/m/n/10 ##   37  -2.49009683e+08  2.38772783e+09  3.88e-02 5.36e-09  
4.79e+03    12s[] 
 []


Overfull \hbox (15.0pt too wide) in paragraph at lines 1180--1180
[]\TU/lmtt/m/n/10 ##   38  -2.07496739e+08  1.98940934e+09  3.21e-02 6.05e-09  
3.99e+03    12s[] 
 []


Overfull \hbox (15.0pt too wide) in paragraph at lines 1180--1180
[]\TU/lmtt/m/n/10 ##   39  -1.41335100e+08  1.66192001e+09  2.18e-02 5.12e-09  
3.28e+03    12s[] 
 []


Overfull \hbox (15.0pt too wide) in paragraph at lines 1180--1180
[]\TU/lmtt/m/n/10 ##   40  -9.51199552e+07  1.29470818e+09  1.62e-02 5.12e-09  
2.53e+03    13s[] 
 []


Overfull \hbox (15.0pt too wide) in paragraph at lines 1180--1180
[]\TU/lmtt/m/n/10 ##   41  -6.14852243e+07  1.00418601e+09  1.27e-02 4.89e-09  
1.94e+03    13s[] 
 []


Overfull \hbox (15.0pt too wide) in paragraph at lines 1180--1180
[]\TU/lmtt/m/n/10 ##   42  -3.39357775e+07  8.91609873e+08  1.02e-02 5.59e-09  
1.68e+03    13s[] 
 []


Overfull \hbox (15.0pt too wide) in paragraph at lines 1180--1180
[]\TU/lmtt/m/n/10 ##   43   4.76901832e+06  7.55915679e+08  6.88e-03 6.05e-09  
1.37e+03    13s[] 
 []


Overfull \hbox (15.0pt too wide) in paragraph at lines 1180--1180
[]\TU/lmtt/m/n/10 ##   44   2.81711002e+07  6.05564466e+08  5.34e-03 4.66e-09  
1.05e+03    13s[] 
 []


Overfull \hbox (15.0pt too wide) in paragraph at lines 1180--1180
[]\TU/lmtt/m/n/10 ##   45   5.52334547e+07  4.92468106e+08  3.74e-03 5.12e-09  
7.95e+02    13s[] 
 []


Overfull \hbox (15.0pt too wide) in paragraph at lines 1180--1180
[]\TU/lmtt/m/n/10 ##   46   7.00231078e+07  4.01863933e+08  2.99e-03 4.66e-09  
6.03e+02    14s[] 
 []


Overfull \hbox (15.0pt too wide) in paragraph at lines 1180--1180
[]\TU/lmtt/m/n/10 ##   47   9.87734908e+07  3.29567594e+08  1.65e-03 4.25e-09  
4.20e+02    14s[] 
 []


Overfull \hbox (15.0pt too wide) in paragraph at lines 1180--1180
[]\TU/lmtt/m/n/10 ##   48   1.14746120e+08  2.75610738e+08  1.01e-03 5.70e-09  
2.93e+02    14s[] 
 []


Overfull \hbox (15.0pt too wide) in paragraph at lines 1180--1180
[]\TU/lmtt/m/n/10 ##   49   1.26938940e+08  2.32795771e+08  5.92e-04 5.33e-09  
1.93e+02    14s[] 
 []


Overfull \hbox (15.0pt too wide) in paragraph at lines 1180--1180
[]\TU/lmtt/m/n/10 ##   50   1.28376554e+08  2.06852327e+08  5.47e-04 4.31e-09  
1.43e+02    14s[] 
 []



[31]
Overfull \hbox (15.0pt too wide) in paragraph at lines 1180--1180
[]\TU/lmtt/m/n/10 ##   51   1.33802728e+08  1.98875976e+08  3.93e-04 5.59e-09  
1.18e+02    14s[] 
 []


Overfull \hbox (15.0pt too wide) in paragraph at lines 1180--1180
[]\TU/lmtt/m/n/10 ##   52   1.35059021e+08  1.83119408e+08  3.52e-04 5.36e-09  
8.74e+01    15s[] 
 []


Overfull \hbox (15.0pt too wide) in paragraph at lines 1180--1180
[]\TU/lmtt/m/n/10 ##   53   1.38455696e+08  1.73777372e+08  2.61e-04 5.01e-09  
6.42e+01    15s[] 
 []


Overfull \hbox (15.0pt too wide) in paragraph at lines 1180--1180
[]\TU/lmtt/m/n/10 ##   54   1.42863585e+08  1.67439347e+08  1.45e-04 6.52e-09  
4.47e+01    15s[] 
 []


Overfull \hbox (15.0pt too wide) in paragraph at lines 1180--1180
[]\TU/lmtt/m/n/10 ##   55   1.44808024e+08  1.57977142e+08  9.29e-05 3.66e-09  
2.39e+01    15s[] 
 []


Overfull \hbox (15.0pt too wide) in paragraph at lines 1180--1180
[]\TU/lmtt/m/n/10 ##   56   1.46024837e+08  1.54913548e+08  6.18e-05 4.66e-09  
1.62e+01    15s[] 
 []


Overfull \hbox (15.0pt too wide) in paragraph at lines 1180--1180
[]\TU/lmtt/m/n/10 ##   57   1.46317643e+08  1.53642389e+08  5.48e-05 5.03e-09  
1.33e+01    15s[] 
 []


Overfull \hbox (15.0pt too wide) in paragraph at lines 1180--1180
[]\TU/lmtt/m/n/10 ##   58   1.47159649e+08  1.52497558e+08  3.37e-05 7.96e-09  
9.71e+00    16s[] 
 []


Overfull \hbox (15.0pt too wide) in paragraph at lines 1180--1180
[]\TU/lmtt/m/n/10 ##   59   1.47748359e+08  1.50673115e+08  1.95e-05 4.31e-09  
5.32e+00    16s[] 
 []


Overfull \hbox (15.0pt too wide) in paragraph at lines 1180--1180
[]\TU/lmtt/m/n/10 ##   60   1.48089338e+08  1.50029347e+08  1.17e-05 4.42e-09  
3.53e+00    16s[] 
 []


Overfull \hbox (15.0pt too wide) in paragraph at lines 1180--1180
[]\TU/lmtt/m/n/10 ##   61   1.48151795e+08  1.49945729e+08  1.04e-05 6.05e-09  
3.26e+00    16s[] 
 []


Overfull \hbox (15.0pt too wide) in paragraph at lines 1180--1180
[]\TU/lmtt/m/n/10 ##   62   1.48323160e+08  1.49678105e+08  6.53e-06 5.31e-09  
2.47e+00    16s[] 
 []


Overfull \hbox (15.0pt too wide) in paragraph at lines 1180--1180
[]\TU/lmtt/m/n/10 ##   63   1.48421384e+08  1.49396877e+08  4.39e-06 6.01e-09  
1.77e+00    16s[] 
 []


Overfull \hbox (15.0pt too wide) in paragraph at lines 1180--1180
[]\TU/lmtt/m/n/10 ##   64   1.48520621e+08  1.49063620e+08  2.45e-06 6.13e-09  
9.88e-01    16s[] 
 []


Overfull \hbox (15.0pt too wide) in paragraph at lines 1180--1180
[]\TU/lmtt/m/n/10 ##   65   1.48613049e+08  1.48802503e+08  6.29e-07 5.12e-09  
3.45e-01    17s[] 
 []


Overfull \hbox (15.0pt too wide) in paragraph at lines 1180--1180
[]\TU/lmtt/m/n/10 ##   66   1.48636463e+08  1.48673322e+08  3.03e-07 4.77e-09  
6.71e-02    17s[] 
 []


Overfull \hbox (15.0pt too wide) in paragraph at lines 1180--1180
[]\TU/lmtt/m/n/10 ##   67   1.48639924e+08  1.48655325e+08  2.24e-07 3.99e-09  
2.80e-02    17s[] 
 []


Overfull \hbox (15.0pt too wide) in paragraph at lines 1180--1180
[]\TU/lmtt/m/n/10 ##   68   1.48646200e+08  1.48649899e+08  2.96e-08 4.19e-09  
6.73e-03    17s[] 
 []


Overfull \hbox (15.0pt too wide) in paragraph at lines 1180--1180
[]\TU/lmtt/m/n/10 ##   69   1.48647059e+08  1.48647575e+08  1.48e-08 4.66e-09  
9.40e-04    17s[] 
 []


Overfull \hbox (15.0pt too wide) in paragraph at lines 1180--1180
[]\TU/lmtt/m/n/10 ##   70   1.48647244e+08  1.48647264e+08  5.09e-09 4.66e-09  
3.63e-05    17s[] 
 []


Overfull \hbox (15.0pt too wide) in paragraph at lines 1180--1180
[]\TU/lmtt/m/n/10 ##   71   1.48647252e+08  1.48647252e+08  7.50e-07 5.01e-09  
1.43e-07    18s[] 
 []


Overfull \hbox (15.0pt too wide) in paragraph at lines 1180--1180
[]\TU/lmtt/m/n/10 ##   72   1.48647252e+08  1.48647252e+08  2.41e-08 4.26e-09  
2.80e-11    18s[] 
 []


Overfull \hbox (20.25pt too wide) in paragraph at lines 1180--1180
[]\TU/lmtt/m/n/10 ## Barrier solved model in 72 iterations and 17.77 seconds (1
5.38 work units)[] 
 []



[32]
Overfull \hbox (109.5pt too wide) in paragraph at lines 1180--1180
[]\TU/lmtt/m/n/10 ## Root relaxation: objective 1.486473e+08, 26047 iterations,
 22.25 seconds (12.10 work units)[] 
 []


Overfull \hbox (9.75pt too wide) in paragraph at lines 1180--1180
[]\TU/lmtt/m/n/10 ##     Nodes    |    Current Node    |     Objective Bounds  
    |     Work[] 
 []


Overfull \hbox (30.75pt too wide) in paragraph at lines 1180--1180
[]\TU/lmtt/m/n/10 ##  Expl Unexpl |  Obj  Depth IntInf | Incumbent    BestBd   
Gap | It/Node Time[] 
 []


Overfull \hbox (20.25pt too wide) in paragraph at lines 1180--1180
[]\TU/lmtt/m/n/10 ##      0     0 1.4865e+08    0  565   -0.00000 1.4865e+08   
   -     -   31s[] 
 []


Overfull \hbox (20.25pt too wide) in paragraph at lines 1180--1180
[]\TU/lmtt/m/n/10 ## H    0     0                    282698.89717 1.4865e+08   
   -     -   31s[] 
 []


Overfull \hbox (20.25pt too wide) in paragraph at lines 1180--1180
[]\TU/lmtt/m/n/10 ## H    0     0                    5.241634e+07 1.4865e+08   
184%     -   31s[] 
 []


Overfull \hbox (20.25pt too wide) in paragraph at lines 1180--1180
[]\TU/lmtt/m/n/10 ## H    0     0                    5.448585e+07 1.4865e+08   
173%     -   31s[] 
 []


Overfull \hbox (20.25pt too wide) in paragraph at lines 1180--1180
[]\TU/lmtt/m/n/10 ## H    0     0                    5.660082e+07 1.4865e+08   
163%     -   31s[] 
 []


Overfull \hbox (20.25pt too wide) in paragraph at lines 1180--1180
[]\TU/lmtt/m/n/10 ## H    0     0                    7.400868e+07 1.4865e+08   
101%     -   33s[] 
 []


Overfull \hbox (20.25pt too wide) in paragraph at lines 1180--1180
[]\TU/lmtt/m/n/10 ## H    0     0                    9.423467e+07 1.4865e+08  5
7.7%     -   34s[] 
 []


Overfull \hbox (20.25pt too wide) in paragraph at lines 1180--1180
[]\TU/lmtt/m/n/10 ##      0     0 1.4756e+08    0  568 9.4235e+07 1.4756e+08  5
6.6%     -   54s[] 
 []


Overfull \hbox (20.25pt too wide) in paragraph at lines 1180--1180
[]\TU/lmtt/m/n/10 ##      0     0 1.4678e+08    0  525 9.4235e+07 1.4678e+08  5
5.8%     -   71s[] 
 []



[33]
Overfull \hbox (20.25pt too wide) in paragraph at lines 1180--1180
[]\TU/lmtt/m/n/10 ##      0     0 1.4675e+08    0  544 9.4235e+07 1.4675e+08  5
5.7%     -   75s[] 
 []


Overfull \hbox (20.25pt too wide) in paragraph at lines 1180--1180
[]\TU/lmtt/m/n/10 ##      0     0 1.4674e+08    0  550 9.4235e+07 1.4674e+08  5
5.7%     -   76s[] 
 []


Overfull \hbox (20.25pt too wide) in paragraph at lines 1180--1180
[]\TU/lmtt/m/n/10 ##      0     0 1.4520e+08    0  661 9.4235e+07 1.4520e+08  5
4.1%     -  125s[] 
 []


Overfull \hbox (20.25pt too wide) in paragraph at lines 1180--1180
[]\TU/lmtt/m/n/10 ## H    0     0                    1.166059e+08 1.4520e+08  2
4.5%     -  130s[] 
 []


Overfull \hbox (20.25pt too wide) in paragraph at lines 1180--1180
[]\TU/lmtt/m/n/10 ##      0     0 1.4490e+08    0  670 1.1661e+08 1.4490e+08  2
4.3%     -  141s[] 
 []


Overfull \hbox (20.25pt too wide) in paragraph at lines 1180--1180
[]\TU/lmtt/m/n/10 ##      0     0 1.4483e+08    0  670 1.1661e+08 1.4483e+08  2
4.2%     -  148s[] 
 []


Overfull \hbox (20.25pt too wide) in paragraph at lines 1180--1180
[]\TU/lmtt/m/n/10 ##      0     0 1.4481e+08    0  667 1.1661e+08 1.4481e+08  2
4.2%     -  153s[] 
 []


Overfull \hbox (20.25pt too wide) in paragraph at lines 1180--1180
[]\TU/lmtt/m/n/10 ##      0     0 1.4481e+08    0  663 1.1661e+08 1.4481e+08  2
4.2%     -  154s[] 
 []


Overfull \hbox (20.25pt too wide) in paragraph at lines 1180--1180
[]\TU/lmtt/m/n/10 ##      0     0 1.4481e+08    0  662 1.1661e+08 1.4481e+08  2
4.2%     -  154s[] 
 []


Overfull \hbox (20.25pt too wide) in paragraph at lines 1180--1180
[]\TU/lmtt/m/n/10 ##      0     0 1.4400e+08    0  810 1.1661e+08 1.4400e+08  2
3.5%     -  214s[] 
 []


Overfull \hbox (20.25pt too wide) in paragraph at lines 1180--1180
[]\TU/lmtt/m/n/10 ##      0     0 1.4371e+08    0  828 1.1661e+08 1.4371e+08  2
3.2%     -  238s[] 
 []


Overfull \hbox (20.25pt too wide) in paragraph at lines 1180--1180
[]\TU/lmtt/m/n/10 ##      0     0 1.4355e+08    0  825 1.1661e+08 1.4355e+08  2
3.1%     -  250s[] 
 []


Overfull \hbox (20.25pt too wide) in paragraph at lines 1180--1180
[]\TU/lmtt/m/n/10 ##      0     0 1.4354e+08    0  803 1.1661e+08 1.4354e+08  2
3.1%     -  255s[] 
 []


Overfull \hbox (20.25pt too wide) in paragraph at lines 1180--1180
[]\TU/lmtt/m/n/10 ##      0     0 1.4354e+08    0  802 1.1661e+08 1.4354e+08  2
3.1%     -  258s[] 
 []


Overfull \hbox (20.25pt too wide) in paragraph at lines 1180--1180
[]\TU/lmtt/m/n/10 ##      0     0 1.4354e+08    0  824 1.1661e+08 1.4354e+08  2
3.1%     -  259s[] 
 []


Overfull \hbox (20.25pt too wide) in paragraph at lines 1180--1180
[]\TU/lmtt/m/n/10 ##      0     0 1.4295e+08    0  872 1.1661e+08 1.4295e+08  2
2.6%     -  300s[] 
 []


Overfull \hbox (57.0pt too wide) in paragraph at lines 1180--1180
[]\TU/lmtt/m/n/10 ## Explored 1 nodes (68260 simplex iterations) in 300.12 seco
nds (264.11 work units)[] 
 []


Overfull \hbox (41.25pt too wide) in paragraph at lines 1180--1180
[]\TU/lmtt/m/n/10 ## Best objective 1.166059184146e+08, best bound 1.4295129840
60e+08, gap 22.5935%[] 
 []



[34]
Overfull \hbox (78.0pt too wide) in paragraph at lines 1180--1180
[]\TU/lmtt/m/n/10 ## [solve_lp_with_gurobi] Status: TIME_LIMIT | ObjVal: 116605
918.4146 | Runtime: 300.5 s[] 
 []


Overfull \hbox (93.75pt too wide) in paragraph at lines 1405--1405
[]\TU/lmtt/m/n/10 ## [solve_lp_with_gurobi] 312907 vars | 27183 constrs | 97732
2 nnz | sense=max | start=none[] 
 []


Overfull \hbox (62.25pt too wide) in paragraph at lines 1405--1405
[]\TU/lmtt/m/n/10 ## Gurobi Optimizer version 12.0.1 build v12.0.1rc0 (win64 - 
Windows 11+.0 (26200.2))[] 
 []


Overfull \hbox (88.5pt too wide) in paragraph at lines 1405--1405
[]\TU/lmtt/m/n/10 ## CPU model: AMD Ryzen AI 9 HX 370 w/ Radeon 890M, instructi
on set [SSE2|AVX|AVX2|AVX512][] 
 []


Overfull \hbox (41.25pt too wide) in paragraph at lines 1405--1405
[]\TU/lmtt/m/n/10 ## Thread count: 12 physical cores, 24 logical processors, us
ing up to 24 threads[] 
 []



[35]
Overfull \hbox (51.75pt too wide) in paragraph at lines 1405--1405
[]\TU/lmtt/m/n/10 ## Deterministic concurrent LP optimizer: primal simplex, dua
l simplex, and barrier[] 
 []


Overfull \hbox (15.0pt too wide) in paragraph at lines 1405--1405
[]\TU/lmtt/m/n/10 ## Iter       Primal          Dual         Primal    Dual    
 Compl     Time[] 
 []


Overfull \hbox (15.0pt too wide) in paragraph at lines 1405--1405
[]\TU/lmtt/m/n/10 ##    0  -1.11991500e+17  9.70589363e+15  2.46e+09 1.44e+03  
3.55e+12     6s[] 
 []


Overfull \hbox (15.0pt too wide) in paragraph at lines 1405--1405
[]\TU/lmtt/m/n/10 ##    1  -4.79189757e+16  8.62683583e+15  1.05e+09 2.36e+05  
1.55e+12     6s[] 
 []


Overfull \hbox (15.0pt too wide) in paragraph at lines 1405--1405
[]\TU/lmtt/m/n/10 ##    2  -6.52128097e+15  6.66724844e+15  1.38e+08 1.37e+04  
2.14e+11     6s[] 
 []



[36]
Overfull \hbox (15.0pt too wide) in paragraph at lines 1405--1405
[]\TU/lmtt/m/n/10 ##    3  -1.32148669e+15  3.82018302e+15  2.65e+07 1.07e+03  
4.46e+10     6s[] 
 []


Overfull \hbox (15.0pt too wide) in paragraph at lines 1405--1405
[]\TU/lmtt/m/n/10 ##    4  -2.27495602e+14  1.94508487e+15  4.30e+06 3.73e+02  
9.38e+09     7s[] 
 []


Overfull \hbox (15.0pt too wide) in paragraph at lines 1405--1405
[]\TU/lmtt/m/n/10 ##    5  -3.66921862e+13  6.94631097e+14  5.47e+05 5.12e-09  
2.11e+09     7s[] 
 []


Overfull \hbox (15.0pt too wide) in paragraph at lines 1405--1405
[]\TU/lmtt/m/n/10 ##    6  -6.22599195e+12  4.70741765e+14  3.28e+04 3.96e-09  
9.88e+08     7s[] 
 []


Overfull \hbox (15.0pt too wide) in paragraph at lines 1405--1405
[]\TU/lmtt/m/n/10 ##    7  -1.88790171e+12  3.05763832e+14  9.52e+03 3.49e-09  
5.90e+08     7s[] 
 []


Overfull \hbox (15.0pt too wide) in paragraph at lines 1405--1405
[]\TU/lmtt/m/n/10 ##    8  -7.95378852e+11  1.00853868e+14  3.70e+03 3.73e-09  
1.92e+08     7s[] 
 []


Overfull \hbox (15.0pt too wide) in paragraph at lines 1405--1405
[]\TU/lmtt/m/n/10 ##    9  -3.69025328e+11  2.88458799e+13  1.44e+03 3.79e-09  
5.48e+07     7s[] 
 []


Overfull \hbox (15.0pt too wide) in paragraph at lines 1405--1405
[]\TU/lmtt/m/n/10 ##   10  -2.32348300e+11  3.62151079e+12  7.55e+02 6.52e-09  
7.48e+06     7s[] 
 []


Overfull \hbox (15.0pt too wide) in paragraph at lines 1405--1405
[]\TU/lmtt/m/n/10 ##   11  -1.91534518e+11  2.59033534e+12  5.86e+02 6.05e-09  
5.44e+06     8s[] 
 []


Overfull \hbox (15.0pt too wide) in paragraph at lines 1405--1405
[]\TU/lmtt/m/n/10 ##   12  -1.35772419e+11  1.25290481e+12  3.64e+02 6.52e-09  
2.78e+06     8s[] 
 []


Overfull \hbox (15.0pt too wide) in paragraph at lines 1405--1405
[]\TU/lmtt/m/n/10 ##   13  -8.22479847e+10  7.96824573e+11  1.63e+02 7.92e-09  
1.72e+06     8s[] 
 []


Overfull \hbox (15.0pt too wide) in paragraph at lines 1405--1405
[]\TU/lmtt/m/n/10 ##   14  -5.85360234e+10  4.15965825e+11  8.31e+01 1.07e-08  
9.55e+05     8s[] 
 []


Overfull \hbox (15.0pt too wide) in paragraph at lines 1405--1405
[]\TU/lmtt/m/n/10 ##   15  -4.43924239e+10  3.87823695e+11  5.95e+01 1.21e-08  
8.53e+05     8s[] 
 []


Overfull \hbox (15.0pt too wide) in paragraph at lines 1405--1405
[]\TU/lmtt/m/n/10 ##   16  -3.50665249e+10  3.05711913e+11  4.69e+01 2.72e-02  
6.74e+05     8s[] 
 []


Overfull \hbox (15.0pt too wide) in paragraph at lines 1405--1405
[]\TU/lmtt/m/n/10 ##   17  -3.02462824e+10  2.67697436e+11  4.02e+01 2.11e-02  
5.89e+05     8s[] 
 []


Overfull \hbox (15.0pt too wide) in paragraph at lines 1405--1405
[]\TU/lmtt/m/n/10 ##   18  -2.02776754e+10  2.48000565e+11  2.73e+01 2.07e-02  
5.20e+05     9s[] 
 []


Overfull \hbox (15.0pt too wide) in paragraph at lines 1405--1405
[]\TU/lmtt/m/n/10 ##   19  -9.64104905e+09  1.44738110e+11  1.52e+01 1.12e-02  
2.97e+05     9s[] 
 []


Overfull \hbox (15.0pt too wide) in paragraph at lines 1405--1405
[]\TU/lmtt/m/n/10 ##   20  -5.12507910e+09  8.68193354e+10  1.03e+01 6.27e-03  
1.76e+05     9s[] 
 []


Overfull \hbox (15.0pt too wide) in paragraph at lines 1405--1405
[]\TU/lmtt/m/n/10 ##   21  -1.38298106e+08  6.23997038e+10  4.44e+00 3.61e-03  
1.17e+05     9s[] 
 []


Overfull \hbox (15.0pt too wide) in paragraph at lines 1405--1405
[]\TU/lmtt/m/n/10 ##   22   1.24312844e+09  4.58669121e+10  2.83e+00 2.28e-03  
8.27e+04     9s[] 
 []


Overfull \hbox (15.0pt too wide) in paragraph at lines 1405--1405
[]\TU/lmtt/m/n/10 ##   23   1.98871431e+09  3.28609901e+10  1.85e+00 1.42e-03  
5.68e+04     9s[] 
 []


Overfull \hbox (15.0pt too wide) in paragraph at lines 1405--1405
[]\TU/lmtt/m/n/10 ##   24   2.31217385e+09  2.20697011e+10  1.45e+00 7.19e-04  
3.62e+04    10s[] 
 []


Overfull \hbox (15.0pt too wide) in paragraph at lines 1405--1405
[]\TU/lmtt/m/n/10 ##   25   2.51705405e+09  1.77950518e+10  1.23e+00 4.77e-04  
2.79e+04    10s[] 
 []


Overfull \hbox (15.0pt too wide) in paragraph at lines 1405--1405
[]\TU/lmtt/m/n/10 ##   26   2.77458503e+09  1.43821338e+10  9.60e-01 2.45e-04  
2.11e+04    10s[] 
 []


Overfull \hbox (15.0pt too wide) in paragraph at lines 1405--1405
[]\TU/lmtt/m/n/10 ##   27   3.30246867e+09  1.15684439e+10  3.36e-01 1.01e-04  
1.50e+04    10s[] 
 []


Overfull \hbox (15.0pt too wide) in paragraph at lines 1405--1405
[]\TU/lmtt/m/n/10 ##   28   3.45127504e+09  1.00420651e+10  2.27e-01 8.41e-05  
1.20e+04    10s[] 
 []


Overfull \hbox (15.0pt too wide) in paragraph at lines 1405--1405
[]\TU/lmtt/m/n/10 ##   29   3.50639938e+09  9.43165452e+09  1.88e-01 6.62e-05  
1.08e+04    10s[] 
 []


Overfull \hbox (15.0pt too wide) in paragraph at lines 1405--1405
[]\TU/lmtt/m/n/10 ##   30   3.57026481e+09  7.35299217e+09  1.50e-01 1.57e-05  
6.88e+03    10s[] 
 []


Overfull \hbox (15.0pt too wide) in paragraph at lines 1405--1405
[]\TU/lmtt/m/n/10 ##   31   3.65049204e+09  6.77198256e+09  1.07e-01 5.29e-06  
5.68e+03    10s[] 
 []


Overfull \hbox (15.0pt too wide) in paragraph at lines 1405--1405
[]\TU/lmtt/m/n/10 ##   32   3.73203281e+09  6.00109657e+09  6.50e-02 2.33e-09  
4.13e+03    11s[] 
 []


Overfull \hbox (15.0pt too wide) in paragraph at lines 1405--1405
[]\TU/lmtt/m/n/10 ##   33   3.78064064e+09  5.51693557e+09  4.15e-02 1.86e-09  
3.16e+03    11s[] 
 []



[37]
Overfull \hbox (15.0pt too wide) in paragraph at lines 1405--1405
[]\TU/lmtt/m/n/10 ##   34   3.80531595e+09  5.01336151e+09  3.16e-02 1.86e-09  
2.20e+03    11s[] 
 []


Overfull \hbox (15.0pt too wide) in paragraph at lines 1405--1405
[]\TU/lmtt/m/n/10 ##   35   3.83857289e+09  4.77991060e+09  1.96e-02 1.86e-09  
1.71e+03    11s[] 
 []


Overfull \hbox (15.0pt too wide) in paragraph at lines 1405--1405
[]\TU/lmtt/m/n/10 ##   36   3.86567354e+09  4.51949400e+09  1.15e-02 2.79e-09  
1.19e+03    11s[] 
 []


Overfull \hbox (15.0pt too wide) in paragraph at lines 1405--1405
[]\TU/lmtt/m/n/10 ##   37   3.89576774e+09  4.36997925e+09  4.94e-03 2.79e-09  
8.63e+02    11s[] 
 []


Overfull \hbox (15.0pt too wide) in paragraph at lines 1405--1405
[]\TU/lmtt/m/n/10 ##   38   3.90225178e+09  4.28215145e+09  4.06e-03 2.79e-09  
6.92e+02    12s[] 
 []


Overfull \hbox (15.0pt too wide) in paragraph at lines 1405--1405
[]\TU/lmtt/m/n/10 ##   39   3.91494531e+09  4.24986726e+09  2.55e-03 2.33e-09  
6.10e+02    12s[] 
 []


Overfull \hbox (15.0pt too wide) in paragraph at lines 1405--1405
[]\TU/lmtt/m/n/10 ##   40   3.92089613e+09  4.17585069e+09  1.97e-03 2.33e-09  
4.64e+02    12s[] 
 []


Overfull \hbox (15.0pt too wide) in paragraph at lines 1405--1405
[]\TU/lmtt/m/n/10 ##   41   3.92507525e+09  4.13066288e+09  1.62e-03 1.86e-09  
3.74e+02    12s[] 
 []


Overfull \hbox (15.0pt too wide) in paragraph at lines 1405--1405
[]\TU/lmtt/m/n/10 ##   42   3.93021914e+09  4.08241318e+09  1.24e-03 1.86e-09  
2.77e+02    12s[] 
 []


Overfull \hbox (15.0pt too wide) in paragraph at lines 1405--1405
[]\TU/lmtt/m/n/10 ##   43   3.93188309e+09  4.06653107e+09  1.14e-03 2.33e-09  
2.45e+02    12s[] 
 []


Overfull \hbox (15.0pt too wide) in paragraph at lines 1405--1405
[]\TU/lmtt/m/n/10 ##   44   3.93591892e+09  4.05364457e+09  8.92e-04 2.79e-09  
2.14e+02    13s[] 
 []


Overfull \hbox (15.0pt too wide) in paragraph at lines 1405--1405
[]\TU/lmtt/m/n/10 ##   45   3.94312228e+09  4.02689044e+09  4.87e-04 2.79e-09  
1.53e+02    13s[] 
 []


Overfull \hbox (15.0pt too wide) in paragraph at lines 1405--1405
[]\TU/lmtt/m/n/10 ##   46   3.94683184e+09  4.00028912e+09  3.34e-04 2.33e-09  
9.73e+01    13s[] 
 []


Overfull \hbox (15.0pt too wide) in paragraph at lines 1405--1405
[]\TU/lmtt/m/n/10 ##   47   3.95098787e+09  3.99025383e+09  1.91e-04 2.33e-09  
7.15e+01    13s[] 
 []


Overfull \hbox (15.0pt too wide) in paragraph at lines 1405--1405
[]\TU/lmtt/m/n/10 ##   48   3.95270181e+09  3.97802710e+09  1.39e-04 2.33e-09  
4.61e+01    13s[] 
 []


Overfull \hbox (15.0pt too wide) in paragraph at lines 1405--1405
[]\TU/lmtt/m/n/10 ##   49   3.95384604e+09  3.97482739e+09  1.08e-04 2.33e-09  
3.82e+01    13s[] 
 []


Overfull \hbox (15.0pt too wide) in paragraph at lines 1405--1405
[]\TU/lmtt/m/n/10 ##   50   3.95455805e+09  3.97199263e+09  8.98e-05 2.10e-09  
3.18e+01    13s[] 
 []


Overfull \hbox (15.0pt too wide) in paragraph at lines 1405--1405
[]\TU/lmtt/m/n/10 ##   51   3.95554880e+09  3.96858524e+09  6.40e-05 2.33e-09  
2.37e+01    14s[] 
 []


Overfull \hbox (15.0pt too wide) in paragraph at lines 1405--1405
[]\TU/lmtt/m/n/10 ##   52   3.95654238e+09  3.96243031e+09  3.97e-05 2.33e-09  
1.07e+01    14s[] 
 []


Overfull \hbox (15.0pt too wide) in paragraph at lines 1405--1405
[]\TU/lmtt/m/n/10 ##   53   3.95706936e+09  3.96082660e+09  2.78e-05 1.86e-09  
6.84e+00    14s[] 
 []


Overfull \hbox (15.0pt too wide) in paragraph at lines 1405--1405
[]\TU/lmtt/m/n/10 ##   54   3.95766740e+09  3.96014739e+09  1.52e-05 2.33e-09  
4.52e+00    14s[] 
 []


Overfull \hbox (15.0pt too wide) in paragraph at lines 1405--1405
[]\TU/lmtt/m/n/10 ##   55   3.95785143e+09  3.95970683e+09  1.12e-05 2.33e-09  
3.38e+00    14s[] 
 []


Overfull \hbox (15.0pt too wide) in paragraph at lines 1405--1405
[]\TU/lmtt/m/n/10 ##   56   3.95809673e+09  3.95914394e+09  6.07e-06 2.10e-09  
1.91e+00    14s[] 
 []


Overfull \hbox (15.0pt too wide) in paragraph at lines 1405--1405
[]\TU/lmtt/m/n/10 ##   57   3.95820881e+09  3.95892137e+09  3.83e-06 1.86e-09  
1.30e+00    15s[] 
 []


Overfull \hbox (15.0pt too wide) in paragraph at lines 1405--1405
[]\TU/lmtt/m/n/10 ##   58   3.95828152e+09  3.95872741e+09  2.42e-06 3.03e-09  
8.12e-01    15s[] 
 []


Overfull \hbox (15.0pt too wide) in paragraph at lines 1405--1405
[]\TU/lmtt/m/n/10 ##   59   3.95834759e+09  3.95858562e+09  1.18e-06 2.79e-09  
4.33e-01    15s[] 
 []


Overfull \hbox (15.0pt too wide) in paragraph at lines 1405--1405
[]\TU/lmtt/m/n/10 ##   60   3.95838492e+09  3.95850362e+09  5.51e-07 2.33e-09  
2.16e-01    15s[] 
 []


Overfull \hbox (15.0pt too wide) in paragraph at lines 1405--1405
[]\TU/lmtt/m/n/10 ##   61   3.95840048e+09  3.95846202e+09  3.63e-07 2.33e-09  
1.12e-01    15s[] 
 []


Overfull \hbox (15.0pt too wide) in paragraph at lines 1405--1405
[]\TU/lmtt/m/n/10 ##   62   3.95840779e+09  3.95843861e+09  2.30e-07 2.79e-09  
5.61e-02    15s[] 
 []


Overfull \hbox (15.0pt too wide) in paragraph at lines 1405--1405
[]\TU/lmtt/m/n/10 ##   63   3.95841416e+09  3.95842754e+09  1.16e-07 2.10e-09  
2.44e-02    15s[] 
 []


Overfull \hbox (15.0pt too wide) in paragraph at lines 1405--1405
[]\TU/lmtt/m/n/10 ##   64   3.95841689e+09  3.95842188e+09  2.22e-07 2.33e-09  
9.08e-03    15s[] 
 []



[38]
Overfull \hbox (15.0pt too wide) in paragraph at lines 1405--1405
[]\TU/lmtt/m/n/10 ##   65   3.95841850e+09  3.95842081e+09  1.02e-06 2.10e-09  
4.19e-03    16s[] 
 []


Overfull \hbox (15.0pt too wide) in paragraph at lines 1405--1405
[]\TU/lmtt/m/n/10 ##   66   3.95841907e+09  3.95842013e+09  1.61e-06 2.33e-09  
1.92e-03    16s[] 
 []


Overfull \hbox (15.0pt too wide) in paragraph at lines 1405--1405
[]\TU/lmtt/m/n/10 ##   67   3.95841944e+09  3.95841963e+09  7.46e-06 2.79e-09  
3.59e-04    16s[] 
 []


Overfull \hbox (15.0pt too wide) in paragraph at lines 1405--1405
[]\TU/lmtt/m/n/10 ##   68   3.95841951e+09  3.95841953e+09  1.03e-06 2.79e-09  
3.21e-05    16s[] 
 []


Overfull \hbox (15.0pt too wide) in paragraph at lines 1405--1405
[]\TU/lmtt/m/n/10 ##   69   3.95841952e+09  3.95841952e+09  3.66e-09 4.42e-09  
2.92e-07    16s[] 
 []


Overfull \hbox (15.0pt too wide) in paragraph at lines 1405--1405
[]\TU/lmtt/m/n/10 ##   70   3.95841952e+09  3.95841952e+09  1.40e-09 2.79e-09  
2.72e-09    16s[] 
 []


Overfull \hbox (20.25pt too wide) in paragraph at lines 1405--1405
[]\TU/lmtt/m/n/10 ## Barrier solved model in 70 iterations and 16.28 seconds (1
4.15 work units)[] 
 []



[39]
Overfull \hbox (109.5pt too wide) in paragraph at lines 1405--1405
[]\TU/lmtt/m/n/10 ## Root relaxation: objective 3.958420e+09, 18271 iterations,
 18.90 seconds (10.34 work units)[] 
 []


Overfull \hbox (9.75pt too wide) in paragraph at lines 1405--1405
[]\TU/lmtt/m/n/10 ##     Nodes    |    Current Node    |     Objective Bounds  
    |     Work[] 
 []


Overfull \hbox (30.75pt too wide) in paragraph at lines 1405--1405
[]\TU/lmtt/m/n/10 ##  Expl Unexpl |  Obj  Depth IntInf | Incumbent    BestBd   
Gap | It/Node Time[] 
 []


Overfull \hbox (20.25pt too wide) in paragraph at lines 1405--1405
[]\TU/lmtt/m/n/10 ##      0     0 3.9584e+09    0 1068   -0.00000 3.9584e+09   
   -     -   41s[] 
 []


Overfull \hbox (20.25pt too wide) in paragraph at lines 1405--1405
[]\TU/lmtt/m/n/10 ## H    0     0                    2.313089e+09 3.9584e+09  7
1.1%     -   41s[] 
 []


Overfull \hbox (20.25pt too wide) in paragraph at lines 1405--1405
[]\TU/lmtt/m/n/10 ## H    0     0                    2.837498e+09 3.9584e+09  3
9.5%     -   43s[] 
 []


Overfull \hbox (20.25pt too wide) in paragraph at lines 1405--1405
[]\TU/lmtt/m/n/10 ## H    0     0                    2.933587e+09 3.9584e+09  3
4.9%     -   44s[] 
 []


Overfull \hbox (20.25pt too wide) in paragraph at lines 1405--1405
[]\TU/lmtt/m/n/10 ## H    0     0                    2.981892e+09 3.9584e+09  3
2.7%     -   45s[] 
 []


Overfull \hbox (20.25pt too wide) in paragraph at lines 1405--1405
[]\TU/lmtt/m/n/10 ## H    0     0                    3.020954e+09 3.9584e+09  3
1.0%     -   45s[] 
 []


Overfull \hbox (20.25pt too wide) in paragraph at lines 1405--1405
[]\TU/lmtt/m/n/10 ## H    0     0                    3.103231e+09 3.9584e+09  2
7.6%     -   46s[] 
 []


Overfull \hbox (20.25pt too wide) in paragraph at lines 1405--1405
[]\TU/lmtt/m/n/10 ## H    0     0                    3.103236e+09 3.9584e+09  2
7.6%     -   46s[] 
 []


Overfull \hbox (20.25pt too wide) in paragraph at lines 1405--1405
[]\TU/lmtt/m/n/10 ## H    0     0                    3.176292e+09 3.9584e+09  2
4.6%     -   46s[] 
 []


Overfull \hbox (20.25pt too wide) in paragraph at lines 1405--1405
[]\TU/lmtt/m/n/10 ## H    0     0                    3.182967e+09 3.9584e+09  2
4.4%     -   46s[] 
 []


Overfull \hbox (20.25pt too wide) in paragraph at lines 1405--1405
[]\TU/lmtt/m/n/10 ## H    0     0                    3.199640e+09 3.9584e+09  2
3.7%     -   47s[] 
 []


Overfull \hbox (20.25pt too wide) in paragraph at lines 1405--1405
[]\TU/lmtt/m/n/10 ## H    0     0                    3.199704e+09 3.9584e+09  2
3.7%     -   47s[] 
 []


Overfull \hbox (20.25pt too wide) in paragraph at lines 1405--1405
[]\TU/lmtt/m/n/10 ## H    0     0                    3.200727e+09 3.9584e+09  2
3.7%     -   48s[] 
 []


Overfull \hbox (20.25pt too wide) in paragraph at lines 1405--1405
[]\TU/lmtt/m/n/10 ## H    0     0                    3.203864e+09 3.9584e+09  2
3.6%     -   48s[] 
 []


Overfull \hbox (20.25pt too wide) in paragraph at lines 1405--1405
[]\TU/lmtt/m/n/10 ## H    0     0                    3.205910e+09 3.9584e+09  2
3.5%     -   48s[] 
 []


Overfull \hbox (20.25pt too wide) in paragraph at lines 1405--1405
[]\TU/lmtt/m/n/10 ## H    0     0                    3.207329e+09 3.9584e+09  2
3.4%     -   48s[] 
 []


Overfull \hbox (20.25pt too wide) in paragraph at lines 1405--1405
[]\TU/lmtt/m/n/10 ## H    0     0                    3.212199e+09 3.9584e+09  2
3.2%     -   48s[] 
 []


Overfull \hbox (20.25pt too wide) in paragraph at lines 1405--1405
[]\TU/lmtt/m/n/10 ## H    0     0                    3.212769e+09 3.9584e+09  2
3.2%     -   49s[] 
 []


Overfull \hbox (20.25pt too wide) in paragraph at lines 1405--1405
[]\TU/lmtt/m/n/10 ## H    0     0                    3.216502e+09 3.9584e+09  2
3.1%     -   49s[] 
 []


Overfull \hbox (20.25pt too wide) in paragraph at lines 1405--1405
[]\TU/lmtt/m/n/10 ## H    0     0                    3.219618e+09 3.9584e+09  2
2.9%     -   49s[] 
 []


Overfull \hbox (20.25pt too wide) in paragraph at lines 1405--1405
[]\TU/lmtt/m/n/10 ## H    0     0                    3.234813e+09 3.9584e+09  2
2.4%     -   49s[] 
 []


Overfull \hbox (20.25pt too wide) in paragraph at lines 1405--1405
[]\TU/lmtt/m/n/10 ## H    0     0                    3.240407e+09 3.9584e+09  2
2.2%     -   49s[] 
 []


Overfull \hbox (20.25pt too wide) in paragraph at lines 1405--1405
[]\TU/lmtt/m/n/10 ## H    0     0                    3.253717e+09 3.9584e+09  2
1.7%     -   49s[] 
 []


Overfull \hbox (20.25pt too wide) in paragraph at lines 1405--1405
[]\TU/lmtt/m/n/10 ## H    0     0                    3.261512e+09 3.9584e+09  2
1.4%     -   49s[] 
 []



[40]
Overfull \hbox (20.25pt too wide) in paragraph at lines 1405--1405
[]\TU/lmtt/m/n/10 ## H    0     0                    3.261514e+09 3.9584e+09  2
1.4%     -   49s[] 
 []


Overfull \hbox (20.25pt too wide) in paragraph at lines 1405--1405
[]\TU/lmtt/m/n/10 ## H    0     0                    3.295894e+09 3.9584e+09  2
0.1%     -   49s[] 
 []


Overfull \hbox (20.25pt too wide) in paragraph at lines 1405--1405
[]\TU/lmtt/m/n/10 ## H    0     0                    3.309585e+09 3.9584e+09  1
9.6%     -   50s[] 
 []


Overfull \hbox (20.25pt too wide) in paragraph at lines 1405--1405
[]\TU/lmtt/m/n/10 ## H    0     0                    3.312421e+09 3.9584e+09  1
9.5%     -   50s[] 
 []


Overfull \hbox (20.25pt too wide) in paragraph at lines 1405--1405
[]\TU/lmtt/m/n/10 ## H    0     0                    3.312860e+09 3.9584e+09  1
9.5%     -   50s[] 
 []


Overfull \hbox (20.25pt too wide) in paragraph at lines 1405--1405
[]\TU/lmtt/m/n/10 ## H    0     0                    3.317465e+09 3.9584e+09  1
9.3%     -   50s[] 
 []


Overfull \hbox (20.25pt too wide) in paragraph at lines 1405--1405
[]\TU/lmtt/m/n/10 ## H    0     0                    3.329657e+09 3.9584e+09  1
8.9%     -   50s[] 
 []


Overfull \hbox (20.25pt too wide) in paragraph at lines 1405--1405
[]\TU/lmtt/m/n/10 ## H    0     0                    3.332185e+09 3.9584e+09  1
8.8%     -   51s[] 
 []


Overfull \hbox (20.25pt too wide) in paragraph at lines 1405--1405
[]\TU/lmtt/m/n/10 ##      0     0 3.9582e+09    0 1156 3.3322e+09 3.9582e+09  1
8.8%     -  138s[] 
 []


Overfull \hbox (20.25pt too wide) in paragraph at lines 1405--1405
[]\TU/lmtt/m/n/10 ## H    0     0                    3.366809e+09 3.9582e+09  1
7.6%     -  152s[] 
 []


Overfull \hbox (20.25pt too wide) in paragraph at lines 1405--1405
[]\TU/lmtt/m/n/10 ## H    0     0                    3.370670e+09 3.9582e+09  1
7.4%     -  152s[] 
 []


Overfull \hbox (20.25pt too wide) in paragraph at lines 1405--1405
[]\TU/lmtt/m/n/10 ## H    0     0                    3.371206e+09 3.9582e+09  1
7.4%     -  153s[] 
 []


Overfull \hbox (20.25pt too wide) in paragraph at lines 1405--1405
[]\TU/lmtt/m/n/10 ## H    0     0                    3.371262e+09 3.9582e+09  1
7.4%     -  153s[] 
 []


Overfull \hbox (20.25pt too wide) in paragraph at lines 1405--1405
[]\TU/lmtt/m/n/10 ## H    0     0                    3.389905e+09 3.9582e+09  1
6.8%     -  153s[] 
 []


Overfull \hbox (20.25pt too wide) in paragraph at lines 1405--1405
[]\TU/lmtt/m/n/10 ## H    0     0                    3.409308e+09 3.9582e+09  1
6.1%     -  153s[] 
 []


Overfull \hbox (20.25pt too wide) in paragraph at lines 1405--1405
[]\TU/lmtt/m/n/10 ## H    0     0                    3.437943e+09 3.9582e+09  1
5.1%     -  153s[] 
 []


Overfull \hbox (20.25pt too wide) in paragraph at lines 1405--1405
[]\TU/lmtt/m/n/10 ## H    0     0                    3.707753e+09 3.9582e+09  6
.75%     -  195s[] 
 []


Overfull \hbox (20.25pt too wide) in paragraph at lines 1405--1405
[]\TU/lmtt/m/n/10 ## H    0     0                    3.707757e+09 3.9582e+09  6
.75%     -  195s[] 
 []


Overfull \hbox (20.25pt too wide) in paragraph at lines 1405--1405
[]\TU/lmtt/m/n/10 ##      0     0 3.9581e+09    0 1183 3.7078e+09 3.9581e+09  6
.75%     -  213s[] 
 []


Overfull \hbox (20.25pt too wide) in paragraph at lines 1405--1405
[]\TU/lmtt/m/n/10 ##      0     0 3.9581e+09    0 1216 3.7078e+09 3.9581e+09  6
.75%     -  216s[] 
 []


Overfull \hbox (20.25pt too wide) in paragraph at lines 1405--1405
[]\TU/lmtt/m/n/10 ##      0     0 3.9581e+09    0 1195 3.7078e+09 3.9581e+09  6
.75%     -  218s[] 
 []


Overfull \hbox (20.25pt too wide) in paragraph at lines 1405--1405
[]\TU/lmtt/m/n/10 ##      0     0 3.9581e+09    0 1191 3.7078e+09 3.9581e+09  6
.75%     -  219s[] 
 []


Overfull \hbox (20.25pt too wide) in paragraph at lines 1405--1405
[]\TU/lmtt/m/n/10 ##      0     0 3.9579e+09    0 1312 3.7078e+09 3.9579e+09  6
.75%     -  300s[] 
 []


Overfull \hbox (57.0pt too wide) in paragraph at lines 1405--1405
[]\TU/lmtt/m/n/10 ## Explored 1 nodes (43512 simplex iterations) in 300.10 seco
nds (282.68 work units)[] 
 []



[41]
Overfull \hbox (36.0pt too wide) in paragraph at lines 1405--1405
[]\TU/lmtt/m/n/10 ## Best objective 3.707757413852e+09, best bound 3.9578769552
35e+09, gap 6.7458%[] 
 []


Overfull \hbox (83.25pt too wide) in paragraph at lines 1405--1405
[]\TU/lmtt/m/n/10 ## [solve_lp_with_gurobi] Status: TIME_LIMIT | ObjVal: 370775
7413.8520 | Runtime: 300.5 s[] 
 []


Overfull \hbox (93.75pt too wide) in paragraph at lines 1616--1616
[]\TU/lmtt/m/n/10 ## [solve_lp_with_gurobi] 312907 vars | 27183 constrs | 97732
2 nnz | sense=max | start=none[] 
 []


Overfull \hbox (62.25pt too wide) in paragraph at lines 1616--1616
[]\TU/lmtt/m/n/10 ## Gurobi Optimizer version 12.0.1 build v12.0.1rc0 (win64 - 
Windows 11+.0 (26200.2))[] 
 []


Overfull \hbox (88.5pt too wide) in paragraph at lines 1616--1616
[]\TU/lmtt/m/n/10 ## CPU model: AMD Ryzen AI 9 HX 370 w/ Radeon 890M, instructi
on set [SSE2|AVX|AVX2|AVX512][] 
 []


Overfull \hbox (41.25pt too wide) in paragraph at lines 1616--1616
[]\TU/lmtt/m/n/10 ## Thread count: 12 physical cores, 24 logical processors, us
ing up to 24 threads[] 
 []



[42]
Overfull \hbox (51.75pt too wide) in paragraph at lines 1616--1616
[]\TU/lmtt/m/n/10 ## Deterministic concurrent LP optimizer: primal simplex, dua
l simplex, and barrier[] 
 []



[43]
Overfull \hbox (15.0pt too wide) in paragraph at lines 1616--1616
[]\TU/lmtt/m/n/10 ## Iter       Primal          Dual         Primal    Dual    
 Compl     Time[] 
 []


Overfull \hbox (15.0pt too wide) in paragraph at lines 1616--1616
[]\TU/lmtt/m/n/10 ##    0  -2.22988233e+17  1.82464957e+16  2.46e+09 1.44e+03  
6.70e+12     6s[] 
 []


Overfull \hbox (15.0pt too wide) in paragraph at lines 1616--1616
[]\TU/lmtt/m/n/10 ##    1  -9.54239919e+16  1.62203165e+16  1.05e+09 4.46e+05  
2.93e+12     6s[] 
 []


Overfull \hbox (15.0pt too wide) in paragraph at lines 1616--1616
[]\TU/lmtt/m/n/10 ##    2  -1.29803982e+16  1.25368838e+16  1.38e+08 2.59e+04  
4.04e+11     6s[] 
 []


Overfull \hbox (15.0pt too wide) in paragraph at lines 1616--1616
[]\TU/lmtt/m/n/10 ##    3  -2.65683903e+15  7.18588960e+15  2.69e+07 2.01e+03  
8.52e+10     6s[] 
 []


Overfull \hbox (15.0pt too wide) in paragraph at lines 1616--1616
[]\TU/lmtt/m/n/10 ##    4  -4.57568296e+14  3.67253013e+15  4.38e+06 7.01e+02  
1.79e+10     6s[] 
 []


Overfull \hbox (15.0pt too wide) in paragraph at lines 1616--1616
[]\TU/lmtt/m/n/10 ##    5  -7.31353072e+13  1.31417574e+15  5.55e+05 1.12e-08  
4.01e+09     7s[] 
 []


Overfull \hbox (15.0pt too wide) in paragraph at lines 1616--1616
[]\TU/lmtt/m/n/10 ##    6  -1.22699117e+13  8.84461682e+14  3.29e+04 9.31e-09  
1.86e+09     7s[] 
 []


Overfull \hbox (15.0pt too wide) in paragraph at lines 1616--1616
[]\TU/lmtt/m/n/10 ##    7  -5.09630649e+12  7.51469277e+14  1.33e+04 6.52e-09  
1.46e+09     7s[] 
 []


Overfull \hbox (15.0pt too wide) in paragraph at lines 1616--1616
[]\TU/lmtt/m/n/10 ##    8  -1.92210262e+12  2.42305650e+14  4.73e+03 7.45e-09  
4.64e+08     7s[] 
 []


Overfull \hbox (15.0pt too wide) in paragraph at lines 1616--1616
[]\TU/lmtt/m/n/10 ##    9  -7.53485014e+11  6.92618987e+13  1.61e+03 8.85e-09  
1.31e+08     7s[] 
 []


Overfull \hbox (15.0pt too wide) in paragraph at lines 1616--1616
[]\TU/lmtt/m/n/10 ##   10  -4.36492907e+11  6.32011250e+12  7.92e+02 1.30e-08  
1.32e+07     7s[] 
 []


Overfull \hbox (15.0pt too wide) in paragraph at lines 1616--1616
[]\TU/lmtt/m/n/10 ##   11  -3.48807311e+11  4.67981929e+12  6.05e+02 1.30e-08  
9.90e+06     7s[] 
 []


Overfull \hbox (15.0pt too wide) in paragraph at lines 1616--1616
[]\TU/lmtt/m/n/10 ##   12  -2.26219352e+11  2.27474980e+12  3.54e+02 1.02e-08  
5.02e+06     8s[] 
 []


Overfull \hbox (15.0pt too wide) in paragraph at lines 1616--1616
[]\TU/lmtt/m/n/10 ##   13  -1.39311029e+11  1.39381618e+12  1.85e+02 1.30e-08  
3.05e+06     8s[] 
 []


Overfull \hbox (15.0pt too wide) in paragraph at lines 1616--1616
[]\TU/lmtt/m/n/10 ##   14  -9.17301981e+10  5.49630869e+11  9.41e+01 2.47e-08  
1.37e+06     8s[] 
 []


Overfull \hbox (15.0pt too wide) in paragraph at lines 1616--1616
[]\TU/lmtt/m/n/10 ##   15  -6.90645136e+10  5.13711646e+11  6.14e+01 2.51e-08  
1.20e+06     8s[] 
 []


Overfull \hbox (15.0pt too wide) in paragraph at lines 1616--1616
[]\TU/lmtt/m/n/10 ##   16  -5.71847970e+10  4.50390969e+11  5.10e+01 4.93e-03  
1.04e+06     8s[] 
 []


Overfull \hbox (15.0pt too wide) in paragraph at lines 1616--1616
[]\TU/lmtt/m/n/10 ##   17  -4.78622073e+10  3.70724875e+11  4.22e+01 3.00e-02  
8.59e+05     8s[] 
 []


Overfull \hbox (15.0pt too wide) in paragraph at lines 1616--1616
[]\TU/lmtt/m/n/10 ##   18  -2.95198839e+10  2.93685736e+11  2.51e+01 1.83e-02  
6.46e+05     8s[] 
 []


Overfull \hbox (15.0pt too wide) in paragraph at lines 1616--1616
[]\TU/lmtt/m/n/10 ##   19  -1.70692785e+10  2.30620907e+11  1.56e+01 1.37e-02  
4.84e+05     9s[] 
 []


Overfull \hbox (15.0pt too wide) in paragraph at lines 1616--1616
[]\TU/lmtt/m/n/10 ##   20  -9.86441024e+09  1.45183982e+11  9.69e+00 7.77e-03  
3.00e+05     9s[] 
 []


Overfull \hbox (15.0pt too wide) in paragraph at lines 1616--1616
[]\TU/lmtt/m/n/10 ##   21  -5.84551596e+09  1.27803743e+11  6.52e+00 6.80e-03  
2.54e+05     9s[] 
 []


Overfull \hbox (15.0pt too wide) in paragraph at lines 1616--1616
[]\TU/lmtt/m/n/10 ##   22  -3.77059073e+09  7.86499094e+10  4.90e+00 4.26e-03  
1.56e+05     9s[] 
 []


Overfull \hbox (15.0pt too wide) in paragraph at lines 1616--1616
[]\TU/lmtt/m/n/10 ##   23  -9.54485005e+08  5.44705817e+10  2.67e+00 2.71e-03  
1.03e+05     9s[] 
 []


Overfull \hbox (15.0pt too wide) in paragraph at lines 1616--1616
[]\TU/lmtt/m/n/10 ##   24   3.20284527e+08  4.31561023e+10  1.65e+00 1.98e-03  
7.88e+04     9s[] 
 []


Overfull \hbox (15.0pt too wide) in paragraph at lines 1616--1616
[]\TU/lmtt/m/n/10 ##   25   1.15595530e+09  2.75423482e+10  9.86e-01 9.52e-04  
4.82e+04    10s[] 
 []


Overfull \hbox (15.0pt too wide) in paragraph at lines 1616--1616
[]\TU/lmtt/m/n/10 ##   26   1.55827481e+09  1.90915484e+10  7.51e-01 4.93e-04  
3.19e+04    10s[] 
 []


Overfull \hbox (15.0pt too wide) in paragraph at lines 1616--1616
[]\TU/lmtt/m/n/10 ##   27   1.99996921e+09  1.68410435e+10  5.27e-01 3.45e-04  
2.70e+04    10s[] 
 []


Overfull \hbox (15.0pt too wide) in paragraph at lines 1616--1616
[]\TU/lmtt/m/n/10 ##   28   2.23208883e+09  1.50623538e+10  4.11e-01 2.72e-04  
2.33e+04    10s[] 
 []



[44]
Overfull \hbox (15.0pt too wide) in paragraph at lines 1616--1616
[]\TU/lmtt/m/n/10 ##   29   2.36945133e+09  1.45588327e+10  3.47e-01 2.52e-04  
2.21e+04    10s[] 
 []


Overfull \hbox (15.0pt too wide) in paragraph at lines 1616--1616
[]\TU/lmtt/m/n/10 ##   30   2.60061062e+09  1.14896068e+10  2.61e-01 1.88e-04  
1.61e+04    10s[] 
 []


Overfull \hbox (15.0pt too wide) in paragraph at lines 1616--1616
[]\TU/lmtt/m/n/10 ##   31   2.87815982e+09  9.46341773e+09  1.51e-01 1.20e-04  
1.20e+04    10s[] 
 []


Overfull \hbox (15.0pt too wide) in paragraph at lines 1616--1616
[]\TU/lmtt/m/n/10 ##   32   2.96791818e+09  7.64946083e+09  1.21e-01 6.63e-05  
8.50e+03    11s[] 
 []


Overfull \hbox (15.0pt too wide) in paragraph at lines 1616--1616
[]\TU/lmtt/m/n/10 ##   33   3.07178844e+09  6.69287974e+09  8.62e-02 3.27e-05  
6.57e+03    11s[] 
 []


Overfull \hbox (15.0pt too wide) in paragraph at lines 1616--1616
[]\TU/lmtt/m/n/10 ##   34   3.15455895e+09  5.38018214e+09  6.04e-02 6.75e-06  
4.04e+03    11s[] 
 []


Overfull \hbox (15.0pt too wide) in paragraph at lines 1616--1616
[]\TU/lmtt/m/n/10 ##   35   3.19269329e+09  4.79612457e+09  4.94e-02 3.73e-09  
2.91e+03    11s[] 
 []


Overfull \hbox (15.0pt too wide) in paragraph at lines 1616--1616
[]\TU/lmtt/m/n/10 ##   36   3.30044044e+09  4.38230821e+09  2.03e-02 3.96e-09  
1.97e+03    11s[] 
 []


Overfull \hbox (15.0pt too wide) in paragraph at lines 1616--1616
[]\TU/lmtt/m/n/10 ##   37   3.33430417e+09  4.00788350e+09  1.37e-02 4.66e-09  
1.22e+03    11s[] 
 []


Overfull \hbox (15.0pt too wide) in paragraph at lines 1616--1616
[]\TU/lmtt/m/n/10 ##   38   3.35950843e+09  3.89230860e+09  9.95e-03 4.66e-09  
9.68e+02    11s[] 
 []


Overfull \hbox (15.0pt too wide) in paragraph at lines 1616--1616
[]\TU/lmtt/m/n/10 ##   39   3.36892516e+09  3.79039663e+09  8.73e-03 5.59e-09  
7.66e+02    12s[] 
 []


Overfull \hbox (15.0pt too wide) in paragraph at lines 1616--1616
[]\TU/lmtt/m/n/10 ##   40   3.38094976e+09  3.77540393e+09  7.28e-03 3.73e-09  
7.17e+02    12s[] 
 []


Overfull \hbox (15.0pt too wide) in paragraph at lines 1616--1616
[]\TU/lmtt/m/n/10 ##   41   3.39170383e+09  3.69430278e+09  6.10e-03 5.59e-09  
5.50e+02    12s[] 
 []


Overfull \hbox (15.0pt too wide) in paragraph at lines 1616--1616
[]\TU/lmtt/m/n/10 ##   42   3.41210754e+09  3.64123931e+09  3.90e-03 5.59e-09  
4.16e+02    12s[] 
 []


Overfull \hbox (15.0pt too wide) in paragraph at lines 1616--1616
[]\TU/lmtt/m/n/10 ##   43   3.41800868e+09  3.59756587e+09  3.36e-03 5.86e-09  
3.26e+02    12s[] 
 []


Overfull \hbox (15.0pt too wide) in paragraph at lines 1616--1616
[]\TU/lmtt/m/n/10 ##   44   3.43459086e+09  3.56306785e+09  1.97e-03 5.59e-09  
2.34e+02    12s[] 
 []


Overfull \hbox (15.0pt too wide) in paragraph at lines 1616--1616
[]\TU/lmtt/m/n/10 ##   45   3.44284408e+09  3.53224607e+09  1.36e-03 5.47e-09  
1.63e+02    12s[] 
 []


Overfull \hbox (15.0pt too wide) in paragraph at lines 1616--1616
[]\TU/lmtt/m/n/10 ##   46   3.44906762e+09  3.51140642e+09  9.59e-04 4.66e-09  
1.13e+02    13s[] 
 []


Overfull \hbox (15.0pt too wide) in paragraph at lines 1616--1616
[]\TU/lmtt/m/n/10 ##   47   3.45351121e+09  3.49754954e+09  6.88e-04 5.36e-09  
8.00e+01    13s[] 
 []


Overfull \hbox (15.0pt too wide) in paragraph at lines 1616--1616
[]\TU/lmtt/m/n/10 ##   48   3.45874463e+09  3.48701899e+09  3.96e-04 5.59e-09  
5.14e+01    13s[] 
 []


Overfull \hbox (15.0pt too wide) in paragraph at lines 1616--1616
[]\TU/lmtt/m/n/10 ##   49   3.46209218e+09  3.48086674e+09  2.23e-04 3.96e-09  
3.41e+01    13s[] 
 []


Overfull \hbox (15.0pt too wide) in paragraph at lines 1616--1616
[]\TU/lmtt/m/n/10 ##   50   3.46328960e+09  3.47679631e+09  1.61e-04 4.25e-09  
2.46e+01    13s[] 
 []


Overfull \hbox (15.0pt too wide) in paragraph at lines 1616--1616
[]\TU/lmtt/m/n/10 ##   51   3.46388547e+09  3.47490181e+09  1.32e-04 4.66e-09  
2.00e+01    13s[] 
 []


Overfull \hbox (15.0pt too wide) in paragraph at lines 1616--1616
[]\TU/lmtt/m/n/10 ##   52   3.46458701e+09  3.47276652e+09  9.82e-05 4.66e-09  
1.49e+01    14s[] 
 []


Overfull \hbox (15.0pt too wide) in paragraph at lines 1616--1616
[]\TU/lmtt/m/n/10 ##   53   3.46518064e+09  3.47094861e+09  7.08e-05 3.93e-09  
1.05e+01    14s[] 
 []


Overfull \hbox (15.0pt too wide) in paragraph at lines 1616--1616
[]\TU/lmtt/m/n/10 ##   54   3.46606975e+09  3.46938775e+09  3.18e-05 3.83e-09  
6.04e+00    14s[] 
 []


Overfull \hbox (15.0pt too wide) in paragraph at lines 1616--1616
[]\TU/lmtt/m/n/10 ##   55   3.46647942e+09  3.46824494e+09  1.47e-05 6.57e-09  
3.21e+00    14s[] 
 []


Overfull \hbox (15.0pt too wide) in paragraph at lines 1616--1616
[]\TU/lmtt/m/n/10 ##   56   3.46649825e+09  3.46799145e+09  1.40e-05 5.16e-09  
2.72e+00    14s[] 
 []


Overfull \hbox (15.0pt too wide) in paragraph at lines 1616--1616
[]\TU/lmtt/m/n/10 ##   57   3.46659097e+09  3.46774472e+09  1.04e-05 4.46e-09  
2.10e+00    14s[] 
 []


Overfull \hbox (15.0pt too wide) in paragraph at lines 1616--1616
[]\TU/lmtt/m/n/10 ##   58   3.46667907e+09  3.46746756e+09  7.21e-06 4.63e-09  
1.43e+00    14s[] 
 []


Overfull \hbox (15.0pt too wide) in paragraph at lines 1616--1616
[]\TU/lmtt/m/n/10 ##   59   3.46673707e+09  3.46725670e+09  5.16e-06 4.48e-09  
9.45e-01    15s[] 
 []



[45]
Overfull \hbox (15.0pt too wide) in paragraph at lines 1616--1616
[]\TU/lmtt/m/n/10 ##   60   3.46679764e+09  3.46706897e+09  2.89e-06 5.59e-09  
4.94e-01    15s[] 
 []


Overfull \hbox (15.0pt too wide) in paragraph at lines 1616--1616
[]\TU/lmtt/m/n/10 ##   61   3.46684957e+09  3.46697046e+09  1.19e-06 4.66e-09  
2.20e-01    15s[] 
 []


Overfull \hbox (15.0pt too wide) in paragraph at lines 1616--1616
[]\TU/lmtt/m/n/10 ##   62   3.46687054e+09  3.46691737e+09  4.93e-07 4.73e-09  
8.52e-02    15s[] 
 []


Overfull \hbox (15.0pt too wide) in paragraph at lines 1616--1616
[]\TU/lmtt/m/n/10 ##   63   3.46687618e+09  3.46690047e+09  3.86e-07 4.59e-09  
4.42e-02    15s[] 
 []


Overfull \hbox (15.0pt too wide) in paragraph at lines 1616--1616
[]\TU/lmtt/m/n/10 ##   64   3.46688156e+09  3.46689260e+09  2.33e-07 4.42e-09  
2.01e-02    15s[] 
 []


Overfull \hbox (15.0pt too wide) in paragraph at lines 1616--1616
[]\TU/lmtt/m/n/10 ##   65   3.46688321e+09  3.46688802e+09  2.36e-07 4.42e-09  
8.76e-03    15s[] 
 []


Overfull \hbox (15.0pt too wide) in paragraph at lines 1616--1616
[]\TU/lmtt/m/n/10 ##   66   3.46688435e+09  3.46688703e+09  6.63e-07 9.23e-09  
4.87e-03    15s[] 
 []


Overfull \hbox (15.0pt too wide) in paragraph at lines 1616--1616
[]\TU/lmtt/m/n/10 ##   67   3.46688468e+09  3.46688576e+09  7.49e-07 3.73e-09  
1.96e-03    16s[] 
 []


Overfull \hbox (15.0pt too wide) in paragraph at lines 1616--1616
[]\TU/lmtt/m/n/10 ##   68   3.46688489e+09  3.46688504e+09  4.73e-07 5.59e-09  
2.75e-04    16s[] 
 []


Overfull \hbox (15.0pt too wide) in paragraph at lines 1616--1616
[]\TU/lmtt/m/n/10 ##   69   3.46688499e+09  3.46688502e+09  3.72e-08 6.00e-09  
5.06e-05    16s[] 
 []


Overfull \hbox (15.0pt too wide) in paragraph at lines 1616--1616
[]\TU/lmtt/m/n/10 ##   70   3.46688501e+09  3.46688501e+09  1.04e-09 5.59e-09  
1.61e-06    16s[] 
 []


Overfull \hbox (15.0pt too wide) in paragraph at lines 1616--1616
[]\TU/lmtt/m/n/10 ##   71   3.46688501e+09  3.46688501e+09  2.91e-08 4.42e-09  
5.44e-09    16s[] 
 []


Overfull \hbox (20.25pt too wide) in paragraph at lines 1616--1616
[]\TU/lmtt/m/n/10 ## Barrier solved model in 71 iterations and 16.26 seconds (1
4.75 work units)[] 
 []



[46]
Overfull \hbox (109.5pt too wide) in paragraph at lines 1616--1616
[]\TU/lmtt/m/n/10 ## Root relaxation: objective 3.466885e+09, 19608 iterations,
 21.21 seconds (11.11 work units)[] 
 []


Overfull \hbox (9.75pt too wide) in paragraph at lines 1616--1616
[]\TU/lmtt/m/n/10 ##     Nodes    |    Current Node    |     Objective Bounds  
    |     Work[] 
 []


Overfull \hbox (30.75pt too wide) in paragraph at lines 1616--1616
[]\TU/lmtt/m/n/10 ##  Expl Unexpl |  Obj  Depth IntInf | Incumbent    BestBd   
Gap | It/Node Time[] 
 []


Overfull \hbox (20.25pt too wide) in paragraph at lines 1616--1616
[]\TU/lmtt/m/n/10 ##      0     0 3.4669e+09    0  965   -0.00000 3.4669e+09   
   -     -   42s[] 
 []


Overfull \hbox (20.25pt too wide) in paragraph at lines 1616--1616
[]\TU/lmtt/m/n/10 ## H    0     0                    2.060644e+09 3.4669e+09  6
8.2%     -   42s[] 
 []


Overfull \hbox (20.25pt too wide) in paragraph at lines 1616--1616
[]\TU/lmtt/m/n/10 ## H    0     0                    2.061576e+09 3.4669e+09  6
8.2%     -   42s[] 
 []


Overfull \hbox (20.25pt too wide) in paragraph at lines 1616--1616
[]\TU/lmtt/m/n/10 ## H    0     0                    2.251800e+09 3.4669e+09  5
4.0%     -   43s[] 
 []


Overfull \hbox (20.25pt too wide) in paragraph at lines 1616--1616
[]\TU/lmtt/m/n/10 ## H    0     0                    2.347489e+09 3.4669e+09  4
7.7%     -   44s[] 
 []


Overfull \hbox (20.25pt too wide) in paragraph at lines 1616--1616
[]\TU/lmtt/m/n/10 ## H    0     0                    2.347846e+09 3.4669e+09  4
7.7%     -   45s[] 
 []


Overfull \hbox (20.25pt too wide) in paragraph at lines 1616--1616
[]\TU/lmtt/m/n/10 ## H    0     0                    2.399688e+09 3.4669e+09  4
4.5%     -   45s[] 
 []


Overfull \hbox (20.25pt too wide) in paragraph at lines 1616--1616
[]\TU/lmtt/m/n/10 ## H    0     0                    2.404597e+09 3.4669e+09  4
4.2%     -   45s[] 
 []


Overfull \hbox (20.25pt too wide) in paragraph at lines 1616--1616
[]\TU/lmtt/m/n/10 ## H    0     0                    2.442481e+09 3.4669e+09  4
1.9%     -   45s[] 
 []


Overfull \hbox (20.25pt too wide) in paragraph at lines 1616--1616
[]\TU/lmtt/m/n/10 ## H    0     0                    2.465951e+09 3.4669e+09  4
0.6%     -   46s[] 
 []


Overfull \hbox (20.25pt too wide) in paragraph at lines 1616--1616
[]\TU/lmtt/m/n/10 ## H    0     0                    2.538984e+09 3.4669e+09  3
6.5%     -   46s[] 
 []


Overfull \hbox (20.25pt too wide) in paragraph at lines 1616--1616
[]\TU/lmtt/m/n/10 ## H    0     0                    2.568667e+09 3.4669e+09  3
5.0%     -   48s[] 
 []


Overfull \hbox (20.25pt too wide) in paragraph at lines 1616--1616
[]\TU/lmtt/m/n/10 ## H    0     0                    2.609239e+09 3.4669e+09  3
2.9%     -   48s[] 
 []


Overfull \hbox (20.25pt too wide) in paragraph at lines 1616--1616
[]\TU/lmtt/m/n/10 ## H    0     0                    2.622084e+09 3.4669e+09  3
2.2%     -   48s[] 
 []


Overfull \hbox (20.25pt too wide) in paragraph at lines 1616--1616
[]\TU/lmtt/m/n/10 ## H    0     0                    2.778799e+09 3.4669e+09  2
4.8%     -   48s[] 
 []


Overfull \hbox (20.25pt too wide) in paragraph at lines 1616--1616
[]\TU/lmtt/m/n/10 ## H    0     0                    2.782675e+09 3.4669e+09  2
4.6%     -   48s[] 
 []


Overfull \hbox (20.25pt too wide) in paragraph at lines 1616--1616
[]\TU/lmtt/m/n/10 ## H    0     0                    2.789815e+09 3.4669e+09  2
4.3%     -   49s[] 
 []


Overfull \hbox (20.25pt too wide) in paragraph at lines 1616--1616
[]\TU/lmtt/m/n/10 ## H    0     0                    2.791132e+09 3.4669e+09  2
4.2%     -   49s[] 
 []



[47]
Overfull \hbox (20.25pt too wide) in paragraph at lines 1616--1616
[]\TU/lmtt/m/n/10 ## H    0     0                    2.816012e+09 3.4669e+09  2
3.1%     -   49s[] 
 []


Overfull \hbox (20.25pt too wide) in paragraph at lines 1616--1616
[]\TU/lmtt/m/n/10 ## H    0     0                    2.819176e+09 3.4669e+09  2
3.0%     -   49s[] 
 []


Overfull \hbox (20.25pt too wide) in paragraph at lines 1616--1616
[]\TU/lmtt/m/n/10 ## H    0     0                    2.819818e+09 3.4669e+09  2
2.9%     -   49s[] 
 []


Overfull \hbox (20.25pt too wide) in paragraph at lines 1616--1616
[]\TU/lmtt/m/n/10 ## H    0     0                    2.820613e+09 3.4669e+09  2
2.9%     -   50s[] 
 []


Overfull \hbox (20.25pt too wide) in paragraph at lines 1616--1616
[]\TU/lmtt/m/n/10 ## H    0     0                    2.830808e+09 3.4669e+09  2
2.5%     -   50s[] 
 []


Overfull \hbox (20.25pt too wide) in paragraph at lines 1616--1616
[]\TU/lmtt/m/n/10 ## H    0     0                    2.835602e+09 3.4669e+09  2
2.3%     -   50s[] 
 []


Overfull \hbox (20.25pt too wide) in paragraph at lines 1616--1616
[]\TU/lmtt/m/n/10 ##      0     0 3.4666e+09    0 1148 2.8356e+09 3.4666e+09  2
2.3%     -  130s[] 
 []


Overfull \hbox (20.25pt too wide) in paragraph at lines 1616--1616
[]\TU/lmtt/m/n/10 ## H    0     0                    3.128862e+09 3.4666e+09  1
0.8%     -  172s[] 
 []


Overfull \hbox (20.25pt too wide) in paragraph at lines 1616--1616
[]\TU/lmtt/m/n/10 ##      0     0 3.4666e+09    0 1079 3.1289e+09 3.4666e+09  1
0.8%     -  193s[] 
 []


Overfull \hbox (20.25pt too wide) in paragraph at lines 1616--1616
[]\TU/lmtt/m/n/10 ##      0     0 3.4665e+09    0 1107 3.1289e+09 3.4665e+09  1
0.8%     -  200s[] 
 []


Overfull \hbox (20.25pt too wide) in paragraph at lines 1616--1616
[]\TU/lmtt/m/n/10 ##      0     0 3.4665e+09    0 1110 3.1289e+09 3.4665e+09  1
0.8%     -  203s[] 
 []


Overfull \hbox (20.25pt too wide) in paragraph at lines 1616--1616
[]\TU/lmtt/m/n/10 ##      0     0 3.4662e+09    0 1324 3.1289e+09 3.4662e+09  1
0.8%     -  300s[] 
 []


Overfull \hbox (57.0pt too wide) in paragraph at lines 1616--1616
[]\TU/lmtt/m/n/10 ## Explored 1 nodes (43194 simplex iterations) in 300.20 seco
nds (279.30 work units)[] 
 []


Overfull \hbox (41.25pt too wide) in paragraph at lines 1616--1616
[]\TU/lmtt/m/n/10 ## Best objective 3.128861703745e+09, best bound 3.4662269807
25e+09, gap 10.7824%[] 
 []


Overfull \hbox (83.25pt too wide) in paragraph at lines 1616--1616
[]\TU/lmtt/m/n/10 ## [solve_lp_with_gurobi] Status: TIME_LIMIT | ObjVal: 312886
1703.7447 | Runtime: 300.6 s[] 
 []



[48]
Overfull \hbox (93.75pt too wide) in paragraph at lines 1839--1839
[]\TU/lmtt/m/n/10 ## [solve_lp_with_gurobi] 312907 vars | 27183 constrs | 97732
2 nnz | sense=max | start=none[] 
 []


Overfull \hbox (62.25pt too wide) in paragraph at lines 1839--1839
[]\TU/lmtt/m/n/10 ## Gurobi Optimizer version 12.0.1 build v12.0.1rc0 (win64 - 
Windows 11+.0 (26200.2))[] 
 []


Overfull \hbox (88.5pt too wide) in paragraph at lines 1839--1839
[]\TU/lmtt/m/n/10 ## CPU model: AMD Ryzen AI 9 HX 370 w/ Radeon 890M, instructi
on set [SSE2|AVX|AVX2|AVX512][] 
 []


Overfull \hbox (41.25pt too wide) in paragraph at lines 1839--1839
[]\TU/lmtt/m/n/10 ## Thread count: 12 physical cores, 24 logical processors, us
ing up to 24 threads[] 
 []



[49]
Overfull \hbox (51.75pt too wide) in paragraph at lines 1839--1839
[]\TU/lmtt/m/n/10 ## Deterministic concurrent LP optimizer: primal simplex, dua
l simplex, and barrier[] 
 []


Overfull \hbox (15.0pt too wide) in paragraph at lines 1839--1839
[]\TU/lmtt/m/n/10 ## Iter       Primal          Dual         Primal    Dual    
 Compl     Time[] 
 []


Overfull \hbox (15.0pt too wide) in paragraph at lines 1839--1839
[]\TU/lmtt/m/n/10 ##    0  -1.12830722e+17  1.25293753e+16  2.46e+09 1.44e+03  
4.52e+12     6s[] 
 []


Overfull \hbox (15.0pt too wide) in paragraph at lines 1839--1839
[]\TU/lmtt/m/n/10 ##    1  -4.82536233e+16  1.11299663e+16  1.05e+09 3.01e+05  
1.97e+12     6s[] 
 []


Overfull \hbox (15.0pt too wide) in paragraph at lines 1839--1839
[]\TU/lmtt/m/n/10 ##    2  -6.59994225e+15  8.60039611e+15  1.38e+08 1.76e+04  
2.71e+11     6s[] 
 []


Overfull \hbox (15.0pt too wide) in paragraph at lines 1839--1839
[]\TU/lmtt/m/n/10 ##    3  -1.34059642e+15  4.92218039e+15  2.59e+07 1.39e+03  
5.57e+10     6s[] 
 []


Overfull \hbox (15.0pt too wide) in paragraph at lines 1839--1839
[]\TU/lmtt/m/n/10 ##    4  -2.47028667e+14  2.47241194e+15  4.46e+06 4.86e+02  
1.22e+10     6s[] 
 []


Overfull \hbox (15.0pt too wide) in paragraph at lines 1839--1839
[]\TU/lmtt/m/n/10 ##    5  -3.93822540e+13  8.78879046e+14  5.56e+05 4.66e-09  
2.69e+09     7s[] 
 []


Overfull \hbox (15.0pt too wide) in paragraph at lines 1839--1839
[]\TU/lmtt/m/n/10 ##    6  -6.90988404e+12  5.92416038e+14  3.39e+04 3.73e-09  
1.25e+09     7s[] 
 []



[50]
Overfull \hbox (15.0pt too wide) in paragraph at lines 1839--1839
[]\TU/lmtt/m/n/10 ##    7  -2.09518253e+12  4.07755858e+14  9.36e+03 3.03e-09  
7.85e+08     7s[] 
 []


Overfull \hbox (15.0pt too wide) in paragraph at lines 1839--1839
[]\TU/lmtt/m/n/10 ##    8  -9.44259870e+11  1.09396087e+14  3.52e+03 3.73e-09  
2.09e+08     7s[] 
 []


Overfull \hbox (15.0pt too wide) in paragraph at lines 1839--1839
[]\TU/lmtt/m/n/10 ##    9  -5.05497792e+11  1.76093393e+13  1.33e+03 4.19e-09  
3.47e+07     7s[] 
 []


Overfull \hbox (15.0pt too wide) in paragraph at lines 1839--1839
[]\TU/lmtt/m/n/10 ##   10  -3.76349215e+11  3.21566182e+12  7.36e+02 6.52e-09  
7.15e+06     7s[] 
 []


Overfull \hbox (15.0pt too wide) in paragraph at lines 1839--1839
[]\TU/lmtt/m/n/10 ##   11  -3.19648232e+11  1.70615499e+12  5.37e+02 1.30e-08  
4.15e+06     7s[] 
 []


Overfull \hbox (15.0pt too wide) in paragraph at lines 1839--1839
[]\TU/lmtt/m/n/10 ##   12  -2.47919100e+11  1.04808082e+12  3.22e+02 9.43e-09  
2.65e+06     8s[] 
 []


Overfull \hbox (15.0pt too wide) in paragraph at lines 1839--1839
[]\TU/lmtt/m/n/10 ##   13  -1.83027892e+11  9.78011570e+11  1.89e+02 1.02e-08  
2.29e+06     8s[] 
 []


Overfull \hbox (15.0pt too wide) in paragraph at lines 1839--1839
[]\TU/lmtt/m/n/10 ##   14  -1.05197693e+11  4.82011913e+11  1.04e+02 8.85e-09  
1.17e+06     8s[] 
 []


Overfull \hbox (15.0pt too wide) in paragraph at lines 1839--1839
[]\TU/lmtt/m/n/10 ##   15  -7.93377100e+10  4.67690487e+11  7.43e+01 1.23e-08  
1.07e+06     8s[] 
 []


Overfull \hbox (15.0pt too wide) in paragraph at lines 1839--1839
[]\TU/lmtt/m/n/10 ##   16  -5.96405443e+10  4.28039307e+11  6.03e+01 4.01e-03  
9.46e+05     8s[] 
 []


Overfull \hbox (15.0pt too wide) in paragraph at lines 1839--1839
[]\TU/lmtt/m/n/10 ##   17  -3.78273989e+10  2.77874642e+11  4.04e+01 1.38e-02  
6.13e+05     8s[] 
 []


Overfull \hbox (15.0pt too wide) in paragraph at lines 1839--1839
[]\TU/lmtt/m/n/10 ##   18  -2.24664741e+10  1.82824266e+11  2.69e+01 7.58e-03  
3.98e+05     8s[] 
 []


Overfull \hbox (15.0pt too wide) in paragraph at lines 1839--1839
[]\TU/lmtt/m/n/10 ##   19  -1.60104553e+10  1.53416693e+11  2.07e+01 3.66e-03  
3.27e+05     9s[] 
 []


Overfull \hbox (15.0pt too wide) in paragraph at lines 1839--1839
[]\TU/lmtt/m/n/10 ##   20  -9.68871306e+09  1.15726246e+11  1.49e+01 2.32e-03  
2.40e+05     9s[] 
 []


Overfull \hbox (15.0pt too wide) in paragraph at lines 1839--1839
[]\TU/lmtt/m/n/10 ##   21  -3.53698777e+09  7.78409077e+10  8.06e+00 2.76e-04  
1.54e+05     9s[] 
 []


Overfull \hbox (15.0pt too wide) in paragraph at lines 1839--1839
[]\TU/lmtt/m/n/10 ##   22  -2.12055921e+09  5.73622188e+10  6.18e+00 7.10e-09  
1.12e+05     9s[] 
 []


Overfull \hbox (15.0pt too wide) in paragraph at lines 1839--1839
[]\TU/lmtt/m/n/10 ##   23  -1.05311464e+09  3.68791520e+10  4.96e+00 6.52e-09  
7.12e+04     9s[] 
 []


Overfull \hbox (15.0pt too wide) in paragraph at lines 1839--1839
[]\TU/lmtt/m/n/10 ##   24   9.73902916e+08  2.34132917e+10  2.51e+00 5.36e-09  
4.15e+04     9s[] 
 []


Overfull \hbox (15.0pt too wide) in paragraph at lines 1839--1839
[]\TU/lmtt/m/n/10 ##   25   1.61775024e+09  1.64287308e+10  1.58e+00 4.19e-09  
2.71e+04    10s[] 
 []


Overfull \hbox (15.0pt too wide) in paragraph at lines 1839--1839
[]\TU/lmtt/m/n/10 ##   26   1.82674195e+09  1.27633798e+10  1.32e+00 3.26e-09  
1.99e+04    10s[] 
 []


Overfull \hbox (15.0pt too wide) in paragraph at lines 1839--1839
[]\TU/lmtt/m/n/10 ##   27   2.03240106e+09  1.18693892e+10  1.08e+00 2.79e-09  
1.79e+04    10s[] 
 []


Overfull \hbox (15.0pt too wide) in paragraph at lines 1839--1839
[]\TU/lmtt/m/n/10 ##   28   2.26195545e+09  9.93381114e+09  8.41e-01 2.79e-09  
1.39e+04    10s[] 
 []


Overfull \hbox (15.0pt too wide) in paragraph at lines 1839--1839
[]\TU/lmtt/m/n/10 ##   29   2.34796198e+09  9.01120439e+09  7.55e-01 2.79e-09  
1.21e+04    10s[] 
 []


Overfull \hbox (15.0pt too wide) in paragraph at lines 1839--1839
[]\TU/lmtt/m/n/10 ##   30   2.52708234e+09  8.11160960e+09  5.78e-01 3.73e-09  
1.01e+04    10s[] 
 []


Overfull \hbox (15.0pt too wide) in paragraph at lines 1839--1839
[]\TU/lmtt/m/n/10 ##   31   2.64696717e+09  7.67980513e+09  4.73e-01 2.79e-09  
9.14e+03    10s[] 
 []


Overfull \hbox (15.0pt too wide) in paragraph at lines 1839--1839
[]\TU/lmtt/m/n/10 ##   32   2.77664356e+09  6.20345179e+09  3.69e-01 2.79e-09  
6.22e+03    11s[] 
 []


Overfull \hbox (15.0pt too wide) in paragraph at lines 1839--1839
[]\TU/lmtt/m/n/10 ##   33   2.94798163e+09  5.81524767e+09  2.38e-01 2.79e-09  
5.21e+03    11s[] 
 []


Overfull \hbox (15.0pt too wide) in paragraph at lines 1839--1839
[]\TU/lmtt/m/n/10 ##   34   3.07424397e+09  5.31347446e+09  1.52e-01 2.79e-09  
4.07e+03    11s[] 
 []


Overfull \hbox (15.0pt too wide) in paragraph at lines 1839--1839
[]\TU/lmtt/m/n/10 ##   35   3.13564723e+09  4.81827533e+09  1.17e-01 2.79e-09  
3.06e+03    11s[] 
 []


Overfull \hbox (15.0pt too wide) in paragraph at lines 1839--1839
[]\TU/lmtt/m/n/10 ##   36   3.20265642e+09  4.49209984e+09  8.40e-02 3.73e-09  
2.34e+03    11s[] 
 []


Overfull \hbox (15.0pt too wide) in paragraph at lines 1839--1839
[]\TU/lmtt/m/n/10 ##   37   3.25278401e+09  4.16661257e+09  6.27e-02 2.33e-09  
1.66e+03    11s[] 
 []



[51]
Overfull \hbox (15.0pt too wide) in paragraph at lines 1839--1839
[]\TU/lmtt/m/n/10 ##   38   3.30496652e+09  3.94962698e+09  4.26e-02 2.91e-09  
1.17e+03    12s[] 
 []


Overfull \hbox (15.0pt too wide) in paragraph at lines 1839--1839
[]\TU/lmtt/m/n/10 ##   39   3.34415259e+09  3.83638443e+09  2.94e-02 2.85e-09  
8.95e+02    12s[] 
 []


Overfull \hbox (15.0pt too wide) in paragraph at lines 1839--1839
[]\TU/lmtt/m/n/10 ##   40   3.37182411e+09  3.70661040e+09  2.13e-02 3.26e-09  
6.09e+02    12s[] 
 []


Overfull \hbox (15.0pt too wide) in paragraph at lines 1839--1839
[]\TU/lmtt/m/n/10 ##   41   3.39076953e+09  3.64229420e+09  1.65e-02 2.79e-09  
4.57e+02    12s[] 
 []


Overfull \hbox (15.0pt too wide) in paragraph at lines 1839--1839
[]\TU/lmtt/m/n/10 ##   42   3.40667532e+09  3.59463837e+09  1.27e-02 2.79e-09  
3.42e+02    12s[] 
 []


Overfull \hbox (15.0pt too wide) in paragraph at lines 1839--1839
[]\TU/lmtt/m/n/10 ##   43   3.43013602e+09  3.55691904e+09  7.45e-03 2.79e-09  
2.31e+02    12s[] 
 []


Overfull \hbox (15.0pt too wide) in paragraph at lines 1839--1839
[]\TU/lmtt/m/n/10 ##   44   3.43973690e+09  3.52647864e+09  5.52e-03 2.79e-09  
1.58e+02    13s[] 
 []


Overfull \hbox (15.0pt too wide) in paragraph at lines 1839--1839
[]\TU/lmtt/m/n/10 ##   45   3.44769309e+09  3.50486392e+09  4.00e-03 2.33e-09  
1.04e+02    13s[] 
 []


Overfull \hbox (15.0pt too wide) in paragraph at lines 1839--1839
[]\TU/lmtt/m/n/10 ##   46   3.45473894e+09  3.49292270e+09  2.74e-03 2.21e-09  
6.94e+01    13s[] 
 []


Overfull \hbox (15.0pt too wide) in paragraph at lines 1839--1839
[]\TU/lmtt/m/n/10 ##   47   3.45959351e+09  3.48550551e+09  1.87e-03 1.86e-09  
4.71e+01    13s[] 
 []


Overfull \hbox (15.0pt too wide) in paragraph at lines 1839--1839
[]\TU/lmtt/m/n/10 ##   48   3.46267105e+09  3.48098371e+09  1.32e-03 2.33e-09  
3.33e+01    13s[] 
 []


Overfull \hbox (15.0pt too wide) in paragraph at lines 1839--1839
[]\TU/lmtt/m/n/10 ##   49   3.46497614e+09  3.47755933e+09  9.25e-04 2.56e-09  
2.29e+01    13s[] 
 []


Overfull \hbox (15.0pt too wide) in paragraph at lines 1839--1839
[]\TU/lmtt/m/n/10 ##   50   3.46693350e+09  3.47539716e+09  5.98e-04 2.21e-09  
1.54e+01    13s[] 
 []


Overfull \hbox (15.0pt too wide) in paragraph at lines 1839--1839
[]\TU/lmtt/m/n/10 ##   51   3.46791800e+09  3.47394575e+09  4.32e-04 2.33e-09  
1.10e+01    14s[] 
 []


Overfull \hbox (15.0pt too wide) in paragraph at lines 1839--1839
[]\TU/lmtt/m/n/10 ##   52   3.46889869e+09  3.47319344e+09  2.79e-04 2.33e-09  
7.81e+00    14s[] 
 []


Overfull \hbox (15.0pt too wide) in paragraph at lines 1839--1839
[]\TU/lmtt/m/n/10 ##   53   3.46963297e+09  3.47216372e+09  1.66e-04 3.03e-09  
4.60e+00    14s[] 
 []


Overfull \hbox (15.0pt too wide) in paragraph at lines 1839--1839
[]\TU/lmtt/m/n/10 ##   54   3.47013888e+09  3.47158489e+09  9.07e-05 2.55e-09  
2.63e+00    14s[] 
 []


Overfull \hbox (15.0pt too wide) in paragraph at lines 1839--1839
[]\TU/lmtt/m/n/10 ##   55   3.47033927e+09  3.47121118e+09  6.27e-05 2.56e-09  
1.58e+00    14s[] 
 []


Overfull \hbox (15.0pt too wide) in paragraph at lines 1839--1839
[]\TU/lmtt/m/n/10 ##   56   3.47054688e+09  3.47107700e+09  3.28e-05 2.33e-09  
9.64e-01    14s[] 
 []


Overfull \hbox (15.0pt too wide) in paragraph at lines 1839--1839
[]\TU/lmtt/m/n/10 ##   57   3.47066102e+09  3.47096980e+09  1.62e-05 2.33e-09  
5.62e-01    14s[] 
 []


Overfull \hbox (15.0pt too wide) in paragraph at lines 1839--1839
[]\TU/lmtt/m/n/10 ##   58   3.47072354e+09  3.47087887e+09  8.13e-06 2.33e-09  
2.82e-01    15s[] 
 []


Overfull \hbox (15.0pt too wide) in paragraph at lines 1839--1839
[]\TU/lmtt/m/n/10 ##   59   3.47076439e+09  3.47083286e+09  3.14e-06 2.56e-09  
1.25e-01    15s[] 
 []


Overfull \hbox (15.0pt too wide) in paragraph at lines 1839--1839
[]\TU/lmtt/m/n/10 ##   60   3.47078085e+09  3.47080017e+09  1.15e-06 3.26e-09  
3.51e-02    15s[] 
 []


Overfull \hbox (15.0pt too wide) in paragraph at lines 1839--1839
[]\TU/lmtt/m/n/10 ##   61   3.47078788e+09  3.47079200e+09  4.71e-07 2.79e-09  
7.48e-03    15s[] 
 []


Overfull \hbox (15.0pt too wide) in paragraph at lines 1839--1839
[]\TU/lmtt/m/n/10 ##   62   3.47079018e+09  3.47079068e+09  1.22e-06 3.20e-09  
9.18e-04    15s[] 
 []


Overfull \hbox (15.0pt too wide) in paragraph at lines 1839--1839
[]\TU/lmtt/m/n/10 ##   63   3.47079036e+09  3.47079045e+09  3.78e-07 4.66e-09  
1.59e-04    15s[] 
 []


Overfull \hbox (15.0pt too wide) in paragraph at lines 1839--1839
[]\TU/lmtt/m/n/10 ##   64   3.47079044e+09  3.47079044e+09  2.22e-10 3.26e-09  
3.97e-06    15s[] 
 []


Overfull \hbox (15.0pt too wide) in paragraph at lines 1839--1839
[]\TU/lmtt/m/n/10 ##   65   3.47079044e+09  3.47079044e+09  5.07e-09 3.14e-09  
3.40e-09    16s[] 
 []


Overfull \hbox (20.25pt too wide) in paragraph at lines 1839--1839
[]\TU/lmtt/m/n/10 ## Barrier solved model in 65 iterations and 15.61 seconds (1
3.96 work units)[] 
 []



[52]
Overfull \hbox (109.5pt too wide) in paragraph at lines 1839--1839
[]\TU/lmtt/m/n/10 ## Root relaxation: objective 3.470790e+09, 17641 iterations,
 18.96 seconds (10.12 work units)[] 
 []


Overfull \hbox (9.75pt too wide) in paragraph at lines 1839--1839
[]\TU/lmtt/m/n/10 ##     Nodes    |    Current Node    |     Objective Bounds  
    |     Work[] 
 []


Overfull \hbox (30.75pt too wide) in paragraph at lines 1839--1839
[]\TU/lmtt/m/n/10 ##  Expl Unexpl |  Obj  Depth IntInf | Incumbent    BestBd   
Gap | It/Node Time[] 
 []


Overfull \hbox (20.25pt too wide) in paragraph at lines 1839--1839
[]\TU/lmtt/m/n/10 ##      0     0 3.4708e+09    0 1038   -0.00000 3.4708e+09   
   -     -   40s[] 
 []


Overfull \hbox (20.25pt too wide) in paragraph at lines 1839--1839
[]\TU/lmtt/m/n/10 ## H    0     0                    2.204955e+09 3.4708e+09  5
7.4%     -   41s[] 
 []



[53]
Overfull \hbox (20.25pt too wide) in paragraph at lines 1839--1839
[]\TU/lmtt/m/n/10 ## H    0     0                    2.556370e+09 3.4708e+09  3
5.8%     -   41s[] 
 []


Overfull \hbox (20.25pt too wide) in paragraph at lines 1839--1839
[]\TU/lmtt/m/n/10 ## H    0     0                    2.557841e+09 3.4708e+09  3
5.7%     -   41s[] 
 []


Overfull \hbox (20.25pt too wide) in paragraph at lines 1839--1839
[]\TU/lmtt/m/n/10 ## H    0     0                    2.572801e+09 3.4708e+09  3
4.9%     -   42s[] 
 []


Overfull \hbox (20.25pt too wide) in paragraph at lines 1839--1839
[]\TU/lmtt/m/n/10 ## H    0     0                    2.586045e+09 3.4708e+09  3
4.2%     -   43s[] 
 []


Overfull \hbox (20.25pt too wide) in paragraph at lines 1839--1839
[]\TU/lmtt/m/n/10 ## H    0     0                    2.588703e+09 3.4708e+09  3
4.1%     -   43s[] 
 []


Overfull \hbox (20.25pt too wide) in paragraph at lines 1839--1839
[]\TU/lmtt/m/n/10 ## H    0     0                    2.591809e+09 3.4708e+09  3
3.9%     -   44s[] 
 []


Overfull \hbox (20.25pt too wide) in paragraph at lines 1839--1839
[]\TU/lmtt/m/n/10 ## H    0     0                    2.611111e+09 3.4708e+09  3
2.9%     -   44s[] 
 []


Overfull \hbox (20.25pt too wide) in paragraph at lines 1839--1839
[]\TU/lmtt/m/n/10 ## H    0     0                    2.682935e+09 3.4708e+09  2
9.4%     -   46s[] 
 []


Overfull \hbox (20.25pt too wide) in paragraph at lines 1839--1839
[]\TU/lmtt/m/n/10 ## H    0     0                    2.726931e+09 3.4708e+09  2
7.3%     -   46s[] 
 []


Overfull \hbox (20.25pt too wide) in paragraph at lines 1839--1839
[]\TU/lmtt/m/n/10 ## H    0     0                    2.728997e+09 3.4708e+09  2
7.2%     -   46s[] 
 []


Overfull \hbox (20.25pt too wide) in paragraph at lines 1839--1839
[]\TU/lmtt/m/n/10 ## H    0     0                    2.733977e+09 3.4708e+09  2
7.0%     -   46s[] 
 []


Overfull \hbox (20.25pt too wide) in paragraph at lines 1839--1839
[]\TU/lmtt/m/n/10 ## H    0     0                    2.736554e+09 3.4708e+09  2
6.8%     -   46s[] 
 []


Overfull \hbox (20.25pt too wide) in paragraph at lines 1839--1839
[]\TU/lmtt/m/n/10 ## H    0     0                    2.763775e+09 3.4708e+09  2
5.6%     -   46s[] 
 []


Overfull \hbox (20.25pt too wide) in paragraph at lines 1839--1839
[]\TU/lmtt/m/n/10 ## H    0     0                    2.763930e+09 3.4708e+09  2
5.6%     -   46s[] 
 []


Overfull \hbox (20.25pt too wide) in paragraph at lines 1839--1839
[]\TU/lmtt/m/n/10 ## H    0     0                    2.764138e+09 3.4708e+09  2
5.6%     -   47s[] 
 []


Overfull \hbox (20.25pt too wide) in paragraph at lines 1839--1839
[]\TU/lmtt/m/n/10 ## H    0     0                    2.765702e+09 3.4708e+09  2
5.5%     -   47s[] 
 []


Overfull \hbox (20.25pt too wide) in paragraph at lines 1839--1839
[]\TU/lmtt/m/n/10 ## H    0     0                    2.770590e+09 3.4708e+09  2
5.3%     -   47s[] 
 []


Overfull \hbox (20.25pt too wide) in paragraph at lines 1839--1839
[]\TU/lmtt/m/n/10 ## H    0     0                    2.791031e+09 3.4708e+09  2
4.4%     -   47s[] 
 []


Overfull \hbox (20.25pt too wide) in paragraph at lines 1839--1839
[]\TU/lmtt/m/n/10 ## H    0     0                    2.791716e+09 3.4708e+09  2
4.3%     -   47s[] 
 []


Overfull \hbox (20.25pt too wide) in paragraph at lines 1839--1839
[]\TU/lmtt/m/n/10 ## H    0     0                    2.791887e+09 3.4708e+09  2
4.3%     -   47s[] 
 []


Overfull \hbox (20.25pt too wide) in paragraph at lines 1839--1839
[]\TU/lmtt/m/n/10 ## H    0     0                    2.792736e+09 3.4708e+09  2
4.3%     -   47s[] 
 []


Overfull \hbox (20.25pt too wide) in paragraph at lines 1839--1839
[]\TU/lmtt/m/n/10 ## H    0     0                    2.794726e+09 3.4708e+09  2
4.2%     -   48s[] 
 []


Overfull \hbox (20.25pt too wide) in paragraph at lines 1839--1839
[]\TU/lmtt/m/n/10 ## H    0     0                    2.797504e+09 3.4708e+09  2
4.1%     -   48s[] 
 []


Overfull \hbox (20.25pt too wide) in paragraph at lines 1839--1839
[]\TU/lmtt/m/n/10 ##      0     0 3.4700e+09    0 1171 2.7975e+09 3.4700e+09  2
4.0%     -  133s[] 
 []


Overfull \hbox (20.25pt too wide) in paragraph at lines 1839--1839
[]\TU/lmtt/m/n/10 ## H    0     0                    2.814974e+09 3.4700e+09  2
3.3%     -  147s[] 
 []


Overfull \hbox (20.25pt too wide) in paragraph at lines 1839--1839
[]\TU/lmtt/m/n/10 ## H    0     0                    2.831229e+09 3.4700e+09  2
2.6%     -  147s[] 
 []


Overfull \hbox (20.25pt too wide) in paragraph at lines 1839--1839
[]\TU/lmtt/m/n/10 ## H    0     0                    2.832151e+09 3.4700e+09  2
2.5%     -  147s[] 
 []


Overfull \hbox (20.25pt too wide) in paragraph at lines 1839--1839
[]\TU/lmtt/m/n/10 ## H    0     0                    2.837133e+09 3.4700e+09  2
2.3%     -  147s[] 
 []


Overfull \hbox (20.25pt too wide) in paragraph at lines 1839--1839
[]\TU/lmtt/m/n/10 ## H    0     0                    2.839771e+09 3.4700e+09  2
2.2%     -  147s[] 
 []


Overfull \hbox (20.25pt too wide) in paragraph at lines 1839--1839
[]\TU/lmtt/m/n/10 ## H    0     0                    2.844498e+09 3.4700e+09  2
2.0%     -  147s[] 
 []


Overfull \hbox (20.25pt too wide) in paragraph at lines 1839--1839
[]\TU/lmtt/m/n/10 ## H    0     0                    2.844845e+09 3.4700e+09  2
2.0%     -  148s[] 
 []



[54]
Overfull \hbox (20.25pt too wide) in paragraph at lines 1839--1839
[]\TU/lmtt/m/n/10 ## H    0     0                    2.852702e+09 3.4700e+09  2
1.6%     -  148s[] 
 []


Overfull \hbox (20.25pt too wide) in paragraph at lines 1839--1839
[]\TU/lmtt/m/n/10 ## H    0     0                    2.883902e+09 3.4700e+09  2
0.3%     -  148s[] 
 []


Overfull \hbox (20.25pt too wide) in paragraph at lines 1839--1839
[]\TU/lmtt/m/n/10 ## H    0     0                    2.885893e+09 3.4700e+09  2
0.2%     -  148s[] 
 []


Overfull \hbox (20.25pt too wide) in paragraph at lines 1839--1839
[]\TU/lmtt/m/n/10 ## H    0     0                    2.887281e+09 3.4700e+09  2
0.2%     -  148s[] 
 []


Overfull \hbox (20.25pt too wide) in paragraph at lines 1839--1839
[]\TU/lmtt/m/n/10 ## H    0     0                    2.887921e+09 3.4700e+09  2
0.2%     -  148s[] 
 []


Overfull \hbox (20.25pt too wide) in paragraph at lines 1839--1839
[]\TU/lmtt/m/n/10 ## H    0     0                    2.890277e+09 3.4700e+09  2
0.1%     -  148s[] 
 []


Overfull \hbox (20.25pt too wide) in paragraph at lines 1839--1839
[]\TU/lmtt/m/n/10 ## H    0     0                    2.892462e+09 3.4700e+09  2
0.0%     -  148s[] 
 []


Overfull \hbox (20.25pt too wide) in paragraph at lines 1839--1839
[]\TU/lmtt/m/n/10 ## H    0     0                    2.893650e+09 3.4700e+09  1
9.9%     -  148s[] 
 []


Overfull \hbox (20.25pt too wide) in paragraph at lines 1839--1839
[]\TU/lmtt/m/n/10 ## H    0     0                    3.076478e+09 3.4700e+09  1
2.8%     -  167s[] 
 []


Overfull \hbox (20.25pt too wide) in paragraph at lines 1839--1839
[]\TU/lmtt/m/n/10 ## H    0     0                    3.076597e+09 3.4700e+09  1
2.8%     -  193s[] 
 []


Overfull \hbox (20.25pt too wide) in paragraph at lines 1839--1839
[]\TU/lmtt/m/n/10 ##      0     0 3.4698e+09    0 1156 3.0766e+09 3.4698e+09  1
2.8%     -  216s[] 
 []


Overfull \hbox (20.25pt too wide) in paragraph at lines 1839--1839
[]\TU/lmtt/m/n/10 ##      0     0 3.4697e+09    0 1173 3.0766e+09 3.4697e+09  1
2.8%     -  223s[] 
 []


Overfull \hbox (20.25pt too wide) in paragraph at lines 1839--1839
[]\TU/lmtt/m/n/10 ##      0     0 3.4697e+09    0 1180 3.0766e+09 3.4697e+09  1
2.8%     -  224s[] 
 []


Overfull \hbox (20.25pt too wide) in paragraph at lines 1839--1839
[]\TU/lmtt/m/n/10 ##      0     0 3.4697e+09    0 1179 3.0766e+09 3.4697e+09  1
2.8%     -  225s[] 
 []


Overfull \hbox (20.25pt too wide) in paragraph at lines 1839--1839
[]\TU/lmtt/m/n/10 ##      0     0 3.4688e+09    0 1333 3.0766e+09 3.4688e+09  1
2.7%     -  300s[] 
 []


Overfull \hbox (57.0pt too wide) in paragraph at lines 1839--1839
[]\TU/lmtt/m/n/10 ## Explored 1 nodes (47028 simplex iterations) in 300.13 seco
nds (295.07 work units)[] 
 []


Overfull \hbox (41.25pt too wide) in paragraph at lines 1839--1839
[]\TU/lmtt/m/n/10 ## Best objective 3.076597142976e+09, best bound 3.4687888066
73e+09, gap 12.7476%[] 
 []


Overfull \hbox (83.25pt too wide) in paragraph at lines 1839--1839
[]\TU/lmtt/m/n/10 ## [solve_lp_with_gurobi] Status: TIME_LIMIT | ObjVal: 307659
7142.9760 | Runtime: 300.5 s[] 
 []



[55]
Overfull \hbox (93.75pt too wide) in paragraph at lines 2051--2051
[]\TU/lmtt/m/n/10 ## [solve_lp_with_gurobi] 312907 vars | 27183 constrs | 97732
2 nnz | sense=max | start=none[] 
 []


Overfull \hbox (62.25pt too wide) in paragraph at lines 2051--2051
[]\TU/lmtt/m/n/10 ## Gurobi Optimizer version 12.0.1 build v12.0.1rc0 (win64 - 
Windows 11+.0 (26200.2))[] 
 []


Overfull \hbox (88.5pt too wide) in paragraph at lines 2051--2051
[]\TU/lmtt/m/n/10 ## CPU model: AMD Ryzen AI 9 HX 370 w/ Radeon 890M, instructi
on set [SSE2|AVX|AVX2|AVX512][] 
 []


Overfull \hbox (41.25pt too wide) in paragraph at lines 2051--2051
[]\TU/lmtt/m/n/10 ## Thread count: 12 physical cores, 24 logical processors, us
ing up to 24 threads[] 
 []



[56]
Overfull \hbox (51.75pt too wide) in paragraph at lines 2051--2051
[]\TU/lmtt/m/n/10 ## Deterministic concurrent LP optimizer: primal simplex, dua
l simplex, and barrier[] 
 []


Overfull \hbox (15.0pt too wide) in paragraph at lines 2051--2051
[]\TU/lmtt/m/n/10 ## Iter       Primal          Dual         Primal    Dual    
 Compl     Time[] 
 []


Overfull \hbox (15.0pt too wide) in paragraph at lines 2051--2051
[]\TU/lmtt/m/n/10 ##    0  -2.23836022e+17  2.14024508e+16  2.46e+09 1.44e+03  
7.78e+12     6s[] 
 []


Overfull \hbox (15.0pt too wide) in paragraph at lines 2051--2051
[]\TU/lmtt/m/n/10 ##    1  -9.57549264e+16  1.90182258e+16  1.05e+09 5.18e+05  
3.40e+12     6s[] 
 []


Overfull \hbox (15.0pt too wide) in paragraph at lines 2051--2051
[]\TU/lmtt/m/n/10 ##    2  -1.30530341e+16  1.46965996e+16  1.38e+08 3.02e+04  
4.68e+11     6s[] 
 []


Overfull \hbox (15.0pt too wide) in paragraph at lines 2051--2051
[]\TU/lmtt/m/n/10 ##    3  -2.63338719e+15  8.41757600e+15  2.62e+07 2.35e+03  
9.66e+10     7s[] 
 []



[57]
Overfull \hbox (15.0pt too wide) in paragraph at lines 2051--2051
[]\TU/lmtt/m/n/10 ##    4  -4.65337493e+14  4.26310837e+15  4.34e+06 8.24e+02  
2.07e+10     7s[] 
 []


Overfull \hbox (15.0pt too wide) in paragraph at lines 2051--2051
[]\TU/lmtt/m/n/10 ##    5  -7.46819712e+13  1.51590403e+15  5.47e+05 1.02e-08  
4.61e+09     7s[] 
 []


Overfull \hbox (15.0pt too wide) in paragraph at lines 2051--2051
[]\TU/lmtt/m/n/10 ##    6  -1.28724491e+13  1.02747182e+15  3.32e+04 7.45e-09  
2.16e+09     7s[] 
 []


Overfull \hbox (15.0pt too wide) in paragraph at lines 2051--2051
[]\TU/lmtt/m/n/10 ##    7  -3.91361958e+12  6.48253409e+14  9.48e+03 1.12e-08  
1.25e+09     7s[] 
 []


Overfull \hbox (15.0pt too wide) in paragraph at lines 2051--2051
[]\TU/lmtt/m/n/10 ##    8  -1.65010476e+12  1.83287491e+14  3.53e+03 7.45e-09  
3.50e+08     7s[] 
 []


Overfull \hbox (15.0pt too wide) in paragraph at lines 2051--2051
[]\TU/lmtt/m/n/10 ##    9  -8.19006768e+11  6.25349294e+13  1.37e+03 8.89e-09  
1.19e+08     7s[] 
 []


Overfull \hbox (15.0pt too wide) in paragraph at lines 2051--2051
[]\TU/lmtt/m/n/10 ##   10  -5.74348233e+11  6.93212712e+12  7.65e+02 1.12e-08  
1.46e+07     8s[] 
 []


Overfull \hbox (15.0pt too wide) in paragraph at lines 2051--2051
[]\TU/lmtt/m/n/10 ##   11  -4.91187139e+11  5.00988215e+12  6.00e+02 1.98e-08  
1.08e+07     8s[] 
 []


Overfull \hbox (15.0pt too wide) in paragraph at lines 2051--2051
[]\TU/lmtt/m/n/10 ##   12  -3.69527334e+11  2.42755467e+12  3.71e+02 1.50e-08  
5.61e+06     8s[] 
 []


Overfull \hbox (15.0pt too wide) in paragraph at lines 2051--2051
[]\TU/lmtt/m/n/10 ##   13  -2.49527306e+11  1.48416624e+12  1.75e+02 1.49e-08  
3.42e+06     8s[] 
 []


Overfull \hbox (15.0pt too wide) in paragraph at lines 2051--2051
[]\TU/lmtt/m/n/10 ##   14  -2.04152243e+11  1.26552166e+12  1.22e+02 2.05e-08  
2.87e+06     8s[] 
 []


Overfull \hbox (15.0pt too wide) in paragraph at lines 2051--2051
[]\TU/lmtt/m/n/10 ##   15  -1.58290537e+11  6.95761880e+11  9.58e+01 1.58e-08  
1.71e+06     8s[] 
 []


Overfull \hbox (15.0pt too wide) in paragraph at lines 2051--2051
[]\TU/lmtt/m/n/10 ##   16  -1.22482031e+11  6.75970908e+11  6.76e+01 1.86e-08  
1.57e+06     9s[] 
 []


Overfull \hbox (15.0pt too wide) in paragraph at lines 2051--2051
[]\TU/lmtt/m/n/10 ##   17  -1.02855262e+11  6.11981052e+11  5.83e+01 2.24e-08  
1.40e+06     9s[] 
 []


Overfull \hbox (15.0pt too wide) in paragraph at lines 2051--2051
[]\TU/lmtt/m/n/10 ##   18  -6.75302084e+10  3.05203322e+11  3.87e+01 1.86e-08  
7.41e+05     9s[] 
 []


Overfull \hbox (15.0pt too wide) in paragraph at lines 2051--2051
[]\TU/lmtt/m/n/10 ##   19  -3.41802954e+10  2.51584613e+11  2.07e+01 2.05e-08  
5.52e+05     9s[] 
 []


Overfull \hbox (15.0pt too wide) in paragraph at lines 2051--2051
[]\TU/lmtt/m/n/10 ##   20  -2.09777172e+10  1.33148412e+11  1.36e+01 1.82e-08  
2.98e+05     9s[] 
 []


Overfull \hbox (15.0pt too wide) in paragraph at lines 2051--2051
[]\TU/lmtt/m/n/10 ##   21  -9.28802680e+09  1.02925579e+11  7.10e+00 1.54e-08  
2.12e+05     9s[] 
 []


Overfull \hbox (15.0pt too wide) in paragraph at lines 2051--2051
[]\TU/lmtt/m/n/10 ##   22  -5.08044409e+09  8.05235854e+10  4.74e+00 1.49e-08  
1.60e+05    10s[] 
 []


Overfull \hbox (15.0pt too wide) in paragraph at lines 2051--2051
[]\TU/lmtt/m/n/10 ##   23  -4.69087417e+09  7.45999836e+10  4.48e+00 1.49e-08  
1.48e+05    10s[] 
 []


Overfull \hbox (15.0pt too wide) in paragraph at lines 2051--2051
[]\TU/lmtt/m/n/10 ##   24  -3.42256422e+09  6.14555283e+10  3.65e+00 1.16e-08  
1.21e+05    10s[] 
 []


Overfull \hbox (15.0pt too wide) in paragraph at lines 2051--2051
[]\TU/lmtt/m/n/10 ##   25  -2.54521040e+09  4.49344647e+10  3.08e+00 1.12e-08  
8.77e+04    10s[] 
 []


Overfull \hbox (15.0pt too wide) in paragraph at lines 2051--2051
[]\TU/lmtt/m/n/10 ##   26  -1.38654169e+09  3.26029556e+10  2.33e+00 9.31e-09  
6.23e+04    10s[] 
 []


Overfull \hbox (15.0pt too wide) in paragraph at lines 2051--2051
[]\TU/lmtt/m/n/10 ##   27   6.80286311e+08  2.05721586e+10  9.39e-01 6.52e-09  
3.62e+04    10s[] 
 []


Overfull \hbox (15.0pt too wide) in paragraph at lines 2051--2051
[]\TU/lmtt/m/n/10 ##   28   1.42719236e+09  1.46064445e+10  5.30e-01 5.59e-09  
2.39e+04    10s[] 
 []


Overfull \hbox (15.0pt too wide) in paragraph at lines 2051--2051
[]\TU/lmtt/m/n/10 ##   29   1.60134212e+09  1.30717439e+10  4.45e-01 5.59e-09  
2.08e+04    11s[] 
 []


Overfull \hbox (15.0pt too wide) in paragraph at lines 2051--2051
[]\TU/lmtt/m/n/10 ##   30   1.68461390e+09  1.12578337e+10  4.06e-01 4.66e-09  
1.74e+04    11s[] 
 []


Overfull \hbox (15.0pt too wide) in paragraph at lines 2051--2051
[]\TU/lmtt/m/n/10 ##   31   1.76615164e+09  1.04697545e+10  3.71e-01 5.59e-09  
1.58e+04    11s[] 
 []


Overfull \hbox (15.0pt too wide) in paragraph at lines 2051--2051
[]\TU/lmtt/m/n/10 ##   32   1.87905055e+09  9.76413677e+09  3.21e-01 5.59e-09  
1.43e+04    11s[] 
 []


Overfull \hbox (15.0pt too wide) in paragraph at lines 2051--2051
[]\TU/lmtt/m/n/10 ##   33   2.08918321e+09  8.36788663e+09  2.28e-01 5.59e-09  
1.14e+04    11s[] 
 []


Overfull \hbox (15.0pt too wide) in paragraph at lines 2051--2051
[]\TU/lmtt/m/n/10 ##   34   2.37972389e+09  7.14137539e+09  1.09e-01 6.52e-09  
8.65e+03    11s[] 
 []



[58]
Overfull \hbox (15.0pt too wide) in paragraph at lines 2051--2051
[]\TU/lmtt/m/n/10 ##   35   2.53951280e+09  5.44854564e+09  5.84e-02 3.73e-09  
5.28e+03    12s[] 
 []


Overfull \hbox (15.0pt too wide) in paragraph at lines 2051--2051
[]\TU/lmtt/m/n/10 ##   36   2.61898511e+09  4.53005305e+09  4.24e-02 3.73e-09  
3.47e+03    12s[] 
 []


Overfull \hbox (15.0pt too wide) in paragraph at lines 2051--2051
[]\TU/lmtt/m/n/10 ##   37   2.71111978e+09  4.19958073e+09  2.62e-02 5.12e-09  
2.70e+03    12s[] 
 []


Overfull \hbox (15.0pt too wide) in paragraph at lines 2051--2051
[]\TU/lmtt/m/n/10 ##   38   2.73004415e+09  3.98108765e+09  2.35e-02 4.19e-09  
2.27e+03    12s[] 
 []


Overfull \hbox (15.0pt too wide) in paragraph at lines 2051--2051
[]\TU/lmtt/m/n/10 ##   39   2.74780024e+09  3.80369909e+09  2.12e-02 6.05e-09  
1.92e+03    12s[] 
 []


Overfull \hbox (15.0pt too wide) in paragraph at lines 2051--2051
[]\TU/lmtt/m/n/10 ##   40   2.81379060e+09  3.58967213e+09  1.31e-02 5.59e-09  
1.41e+03    12s[] 
 []


Overfull \hbox (15.0pt too wide) in paragraph at lines 2051--2051
[]\TU/lmtt/m/n/10 ##   41   2.84339904e+09  3.39515915e+09  1.04e-02 4.77e-09  
1.00e+03    13s[] 
 []


Overfull \hbox (15.0pt too wide) in paragraph at lines 2051--2051
[]\TU/lmtt/m/n/10 ##   42   2.86747417e+09  3.27702111e+09  8.45e-03 3.84e-09  
7.44e+02    13s[] 
 []


Overfull \hbox (15.0pt too wide) in paragraph at lines 2051--2051
[]\TU/lmtt/m/n/10 ##   43   2.91557897e+09  3.18868035e+09  4.59e-03 7.28e-09  
4.96e+02    13s[] 
 []


Overfull \hbox (15.0pt too wide) in paragraph at lines 2051--2051
[]\TU/lmtt/m/n/10 ##   44   2.93640792e+09  3.12790829e+09  3.25e-03 4.34e-09  
3.48e+02    13s[] 
 []


Overfull \hbox (15.0pt too wide) in paragraph at lines 2051--2051
[]\TU/lmtt/m/n/10 ##   45   2.95279414e+09  3.08359481e+09  2.30e-03 5.59e-09  
2.38e+02    13s[] 
 []


Overfull \hbox (15.0pt too wide) in paragraph at lines 2051--2051
[]\TU/lmtt/m/n/10 ##   46   2.96686866e+09  3.04982948e+09  1.53e-03 4.42e-09  
1.51e+02    13s[] 
 []


Overfull \hbox (15.0pt too wide) in paragraph at lines 2051--2051
[]\TU/lmtt/m/n/10 ##   47   2.98014374e+09  3.03682746e+09  8.60e-04 4.19e-09  
1.03e+02    14s[] 
 []


Overfull \hbox (15.0pt too wide) in paragraph at lines 2051--2051
[]\TU/lmtt/m/n/10 ##   48   2.98394055e+09  3.02833451e+09  6.72e-04 4.66e-09  
8.07e+01    14s[] 
 []


Overfull \hbox (15.0pt too wide) in paragraph at lines 2051--2051
[]\TU/lmtt/m/n/10 ##   49   2.98770539e+09  3.02065914e+09  4.89e-04 5.50e-09  
5.99e+01    14s[] 
 []


Overfull \hbox (15.0pt too wide) in paragraph at lines 2051--2051
[]\TU/lmtt/m/n/10 ##   50   2.99013286e+09  3.01381935e+09  3.69e-04 6.05e-09  
4.31e+01    14s[] 
 []


Overfull \hbox (15.0pt too wide) in paragraph at lines 2051--2051
[]\TU/lmtt/m/n/10 ##   51   2.99337678e+09  3.00737897e+09  2.23e-04 4.19e-09  
2.54e+01    14s[] 
 []


Overfull \hbox (15.0pt too wide) in paragraph at lines 2051--2051
[]\TU/lmtt/m/n/10 ##   52   2.99554443e+09  3.00403143e+09  1.29e-04 4.09e-09  
1.54e+01    14s[] 
 []


Overfull \hbox (15.0pt too wide) in paragraph at lines 2051--2051
[]\TU/lmtt/m/n/10 ##   53   2.99655093e+09  3.00139892e+09  8.53e-05 4.48e-09  
8.81e+00    15s[] 
 []


Overfull \hbox (15.0pt too wide) in paragraph at lines 2051--2051
[]\TU/lmtt/m/n/10 ##   54   2.99734885e+09  3.00042826e+09  5.23e-05 4.25e-09  
5.60e+00    15s[] 
 []


Overfull \hbox (15.0pt too wide) in paragraph at lines 2051--2051
[]\TU/lmtt/m/n/10 ##   55   2.99782466e+09  2.99988272e+09  3.25e-05 4.42e-09  
3.74e+00    15s[] 
 []


Overfull \hbox (15.0pt too wide) in paragraph at lines 2051--2051
[]\TU/lmtt/m/n/10 ##   56   2.99819194e+09  2.99945264e+09  1.86e-05 5.06e-09  
2.29e+00    15s[] 
 []


Overfull \hbox (15.0pt too wide) in paragraph at lines 2051--2051
[]\TU/lmtt/m/n/10 ##   57   2.99838971e+09  2.99914527e+09  1.13e-05 3.73e-09  
1.37e+00    15s[] 
 []


Overfull \hbox (15.0pt too wide) in paragraph at lines 2051--2051
[]\TU/lmtt/m/n/10 ##   58   2.99852302e+09  2.99899811e+09  6.55e-06 3.99e-09  
8.64e-01    15s[] 
 []


Overfull \hbox (15.0pt too wide) in paragraph at lines 2051--2051
[]\TU/lmtt/m/n/10 ##   59   2.99861659e+09  2.99890031e+09  3.05e-06 4.66e-09  
5.16e-01    15s[] 
 []


Overfull \hbox (15.0pt too wide) in paragraph at lines 2051--2051
[]\TU/lmtt/m/n/10 ##   60   2.99866128e+09  2.99881347e+09  1.66e-06 3.29e-09  
2.77e-01    16s[] 
 []


Overfull \hbox (15.0pt too wide) in paragraph at lines 2051--2051
[]\TU/lmtt/m/n/10 ##   61   2.99869100e+09  2.99875904e+09  9.57e-07 4.66e-09  
1.24e-01    16s[] 
 []


Overfull \hbox (15.0pt too wide) in paragraph at lines 2051--2051
[]\TU/lmtt/m/n/10 ##   62   2.99870236e+09  2.99873123e+09  5.25e-07 7.27e-09  
5.25e-02    16s[] 
 []


Overfull \hbox (15.0pt too wide) in paragraph at lines 2051--2051
[]\TU/lmtt/m/n/10 ##   63   2.99870947e+09  2.99872280e+09  5.58e-07 3.73e-09  
2.42e-02    16s[] 
 []


Overfull \hbox (15.0pt too wide) in paragraph at lines 2051--2051
[]\TU/lmtt/m/n/10 ##   64   2.99871425e+09  2.99871960e+09  2.82e-06 7.50e-09  
9.71e-03    16s[] 
 []


Overfull \hbox (15.0pt too wide) in paragraph at lines 2051--2051
[]\TU/lmtt/m/n/10 ##   65   2.99871643e+09  2.99871821e+09  9.54e-07 3.73e-09  
3.24e-03    16s[] 
 []



[59]
Overfull \hbox (15.0pt too wide) in paragraph at lines 2051--2051
[]\TU/lmtt/m/n/10 ##   66   2.99871722e+09  2.99871777e+09  2.93e-07 5.12e-09  
1.01e-03    16s[] 
 []


Overfull \hbox (15.0pt too wide) in paragraph at lines 2051--2051
[]\TU/lmtt/m/n/10 ##   67   2.99871758e+09  2.99871760e+09  2.99e-09 4.89e-09  
1.87e-05    17s[] 
 []


Overfull \hbox (15.0pt too wide) in paragraph at lines 2051--2051
[]\TU/lmtt/m/n/10 ##   68   2.99871759e+09  2.99871759e+09  3.36e-09 5.59e-09  
2.91e-09    17s[] 
 []


Overfull \hbox (20.25pt too wide) in paragraph at lines 2051--2051
[]\TU/lmtt/m/n/10 ## Barrier solved model in 68 iterations and 16.77 seconds (1
4.09 work units)[] 
 []


Overfull \hbox (109.5pt too wide) in paragraph at lines 2051--2051
[]\TU/lmtt/m/n/10 ## Root relaxation: objective 2.998718e+09, 19238 iterations,
 20.09 seconds (10.31 work units)[] 
 []



[60]
Overfull \hbox (9.75pt too wide) in paragraph at lines 2051--2051
[]\TU/lmtt/m/n/10 ##     Nodes    |    Current Node    |     Objective Bounds  
    |     Work[] 
 []


Overfull \hbox (30.75pt too wide) in paragraph at lines 2051--2051
[]\TU/lmtt/m/n/10 ##  Expl Unexpl |  Obj  Depth IntInf | Incumbent    BestBd   
Gap | It/Node Time[] 
 []


Overfull \hbox (20.25pt too wide) in paragraph at lines 2051--2051
[]\TU/lmtt/m/n/10 ##      0     0 2.9987e+09    0 1064   -0.00000 2.9987e+09   
   -     -   47s[] 
 []


Overfull \hbox (20.25pt too wide) in paragraph at lines 2051--2051
[]\TU/lmtt/m/n/10 ## H    0     0                    1.675607e+09 2.9987e+09  7
9.0%     -   47s[] 
 []


Overfull \hbox (20.25pt too wide) in paragraph at lines 2051--2051
[]\TU/lmtt/m/n/10 ## H    0     0                    1.996396e+09 2.9987e+09  5
0.2%     -   47s[] 
 []


Overfull \hbox (20.25pt too wide) in paragraph at lines 2051--2051
[]\TU/lmtt/m/n/10 ## H    0     0                    2.012783e+09 2.9987e+09  4
9.0%     -   47s[] 
 []


Overfull \hbox (20.25pt too wide) in paragraph at lines 2051--2051
[]\TU/lmtt/m/n/10 ## H    0     0                    2.027420e+09 2.9987e+09  4
7.9%     -   49s[] 
 []


Overfull \hbox (20.25pt too wide) in paragraph at lines 2051--2051
[]\TU/lmtt/m/n/10 ## H    0     0                    2.049300e+09 2.9987e+09  4
6.3%     -   49s[] 
 []


Overfull \hbox (20.25pt too wide) in paragraph at lines 2051--2051
[]\TU/lmtt/m/n/10 ## H    0     0                    2.101456e+09 2.9987e+09  4
2.7%     -   50s[] 
 []


Overfull \hbox (20.25pt too wide) in paragraph at lines 2051--2051
[]\TU/lmtt/m/n/10 ## H    0     0                    2.117499e+09 2.9987e+09  4
1.6%     -   51s[] 
 []


Overfull \hbox (20.25pt too wide) in paragraph at lines 2051--2051
[]\TU/lmtt/m/n/10 ## H    0     0                    2.144168e+09 2.9987e+09  3
9.9%     -   51s[] 
 []


Overfull \hbox (20.25pt too wide) in paragraph at lines 2051--2051
[]\TU/lmtt/m/n/10 ## H    0     0                    2.147679e+09 2.9987e+09  3
9.6%     -   52s[] 
 []


Overfull \hbox (20.25pt too wide) in paragraph at lines 2051--2051
[]\TU/lmtt/m/n/10 ## H    0     0                    2.160926e+09 2.9987e+09  3
8.8%     -   53s[] 
 []


Overfull \hbox (20.25pt too wide) in paragraph at lines 2051--2051
[]\TU/lmtt/m/n/10 ## H    0     0                    2.184323e+09 2.9987e+09  3
7.3%     -   53s[] 
 []


Overfull \hbox (20.25pt too wide) in paragraph at lines 2051--2051
[]\TU/lmtt/m/n/10 ## H    0     0                    2.258573e+09 2.9987e+09  3
2.8%     -   53s[] 
 []


Overfull \hbox (20.25pt too wide) in paragraph at lines 2051--2051
[]\TU/lmtt/m/n/10 ## H    0     0                    2.268774e+09 2.9987e+09  3
2.2%     -   53s[] 
 []


Overfull \hbox (20.25pt too wide) in paragraph at lines 2051--2051
[]\TU/lmtt/m/n/10 ## H    0     0                    2.277223e+09 2.9987e+09  3
1.7%     -   54s[] 
 []


Overfull \hbox (20.25pt too wide) in paragraph at lines 2051--2051
[]\TU/lmtt/m/n/10 ## H    0     0                    2.291178e+09 2.9987e+09  3
0.9%     -   54s[] 
 []


Overfull \hbox (20.25pt too wide) in paragraph at lines 2051--2051
[]\TU/lmtt/m/n/10 ## H    0     0                    2.294975e+09 2.9987e+09  3
0.7%     -   54s[] 
 []


Overfull \hbox (20.25pt too wide) in paragraph at lines 2051--2051
[]\TU/lmtt/m/n/10 ## H    0     0                    2.301497e+09 2.9987e+09  3
0.3%     -   54s[] 
 []


Overfull \hbox (20.25pt too wide) in paragraph at lines 2051--2051
[]\TU/lmtt/m/n/10 ## H    0     0                    2.301576e+09 2.9987e+09  3
0.3%     -   54s[] 
 []


Overfull \hbox (20.25pt too wide) in paragraph at lines 2051--2051
[]\TU/lmtt/m/n/10 ## H    0     0                    2.303263e+09 2.9987e+09  3
0.2%     -   55s[] 
 []


Overfull \hbox (20.25pt too wide) in paragraph at lines 2051--2051
[]\TU/lmtt/m/n/10 ## H    0     0                    2.306486e+09 2.9987e+09  3
0.0%     -   55s[] 
 []


Overfull \hbox (20.25pt too wide) in paragraph at lines 2051--2051
[]\TU/lmtt/m/n/10 ## H    0     0                    2.314636e+09 2.9987e+09  2
9.6%     -   55s[] 
 []


Overfull \hbox (20.25pt too wide) in paragraph at lines 2051--2051
[]\TU/lmtt/m/n/10 ## H    0     0                    2.315561e+09 2.9987e+09  2
9.5%     -   55s[] 
 []


Overfull \hbox (20.25pt too wide) in paragraph at lines 2051--2051
[]\TU/lmtt/m/n/10 ## H    0     0                    2.317962e+09 2.9987e+09  2
9.4%     -   55s[] 
 []


Overfull \hbox (20.25pt too wide) in paragraph at lines 2051--2051
[]\TU/lmtt/m/n/10 ## H    0     0                    2.322088e+09 2.9987e+09  2
9.1%     -   55s[] 
 []


Overfull \hbox (20.25pt too wide) in paragraph at lines 2051--2051
[]\TU/lmtt/m/n/10 ## H    0     0                    2.326215e+09 2.9987e+09  2
8.9%     -   55s[] 
 []


Overfull \hbox (20.25pt too wide) in paragraph at lines 2051--2051
[]\TU/lmtt/m/n/10 ## H    0     0                    2.331662e+09 2.9987e+09  2
8.6%     -   56s[] 
 []



[61]
Overfull \hbox (20.25pt too wide) in paragraph at lines 2051--2051
[]\TU/lmtt/m/n/10 ##      0     0 2.9976e+09    0 1245 2.3317e+09 2.9976e+09  2
8.6%     -  159s[] 
 []


Overfull \hbox (20.25pt too wide) in paragraph at lines 2051--2051
[]\TU/lmtt/m/n/10 ## H    0     0                    2.608509e+09 2.9976e+09  1
4.9%     -  187s[] 
 []


Overfull \hbox (20.25pt too wide) in paragraph at lines 2051--2051
[]\TU/lmtt/m/n/10 ##      0     0 2.9971e+09    0 1217 2.6085e+09 2.9971e+09  1
4.9%     -  217s[] 
 []


Overfull \hbox (20.25pt too wide) in paragraph at lines 2051--2051
[]\TU/lmtt/m/n/10 ##      0     0 2.9971e+09    0 1195 2.6085e+09 2.9971e+09  1
4.9%     -  222s[] 
 []


Overfull \hbox (20.25pt too wide) in paragraph at lines 2051--2051
[]\TU/lmtt/m/n/10 ##      0     0 2.9971e+09    0 1195 2.6085e+09 2.9971e+09  1
4.9%     -  224s[] 
 []


Overfull \hbox (20.25pt too wide) in paragraph at lines 2051--2051
[]\TU/lmtt/m/n/10 ##      0     0 2.9971e+09    0 1205 2.6085e+09 2.9971e+09  1
4.9%     -  224s[] 
 []


Overfull \hbox (20.25pt too wide) in paragraph at lines 2051--2051
[]\TU/lmtt/m/n/10 ##      0     0 2.9959e+09    0 1337 2.6085e+09 2.9959e+09  1
4.9%     -  298s[] 
 []


Overfull \hbox (57.0pt too wide) in paragraph at lines 2051--2051
[]\TU/lmtt/m/n/10 ## Explored 1 nodes (54379 simplex iterations) in 300.05 seco
nds (371.41 work units)[] 
 []


Overfull \hbox (41.25pt too wide) in paragraph at lines 2051--2051
[]\TU/lmtt/m/n/10 ## Best objective 2.608509094927e+09, best bound 2.9959047135
22e+09, gap 14.8512%[] 
 []


Overfull \hbox (83.25pt too wide) in paragraph at lines 2051--2051
[]\TU/lmtt/m/n/10 ## [solve_lp_with_gurobi] Status: TIME_LIMIT | ObjVal: 260850
9094.9269 | Runtime: 300.3 s[] 
 []


Overfull \hbox (0.23203pt too wide) in paragraph at lines 2055--2070
\TU/lmr/m/n/10 biodiversity conservation, and rural income generation on the sa
me hectare of land ([]Toens-
 []



[62]

[63]

LaTeX Warning: Reference `sec:experiments' on page 64 undefined on input line 2
121.



[64]

[65]

[66]

LaTeX Warning: `!h' float specifier changed to `!ht'.



[67]

Package natbib Warning: Citation `Shinozaki1961_CD_Effect' on page 68 undefined
 on input line 2321.



[68]

Package natbib Warning: Citation `Shinozaki1961_CD_Effect' on page 69 undefined
 on input line 2334.

File: figures/growth-asymptote-functions-1.pdf Graphic file (type pdf)
<use figures/growth-asymptote-functions-1.pdf>


[69]
File: figures/afs-model-functions-1.pdf Graphic file (type pdf)
<use figures/afs-model-functions-1.pdf>
File: figures/afs-growth-curves-1.pdf Graphic file (type pdf)
<use figures/afs-growth-curves-1.pdf>


[70]

[71]

[72]

[73]
Overfull \hbox (1.38933pt too wide) in paragraph at lines 2560--2560
[]|\TU/lmr/m/n/7 Uncertainty|  
 []


Overfull \hbox (23.06133pt too wide) in paragraph at lines 2560--2560
[]|\TU/lmr/m/n/7 Strategic/Tactical|  
 []


Overfull \hbox (10.75542pt too wide) in paragraph at lines 2560--2560
[]|\TU/lmr/m/n/7 Cost/GHG/jobs|  
 []


Overfull \hbox (23.06133pt too wide) in paragraph at lines 2560--2560
[]|\TU/lmr/m/n/7 Strategic/Tactical|  
 []


Overfull \hbox (2.55142pt too wide) in paragraph at lines 2560--2560
[]|\TU/lmr/m/n/7 Sustainability|  
 []


Overfull \hbox (11.65132pt too wide) in paragraph at lines 2560--2560
[]|\TU/lmr/m/n/7 Tactical/Oper.|  
 []


Overfull \hbox (23.06133pt too wide) in paragraph at lines 2560--2560
[]|\TU/lmr/m/n/7 Strategic/Tactical|  
 []


Overfull \hbox (7.49332pt too wide) in paragraph at lines 2560--2560
[]|\TU/lmr/bx/n/7 Endogenous|  
 []


Overfull \hbox (23.85233pt too wide) in paragraph at lines 2560--2560
[]|\TU/lmr/bx/n/7 Strategic/Multi- 
 []


LaTeX Warning: `!h' float specifier changed to `!ht'.



[74]

LaTeX Warning: Reference `eq:total-stand-biomass' on page 75 undefined on input
 line 2573.


LaTeX Warning: Reference `eq:component-share' on page 75 undefined on input lin
e 2573.


LaTeX Warning: Reference `eq:biomass-partial' on page 75 undefined on input lin
e 2585.


LaTeX Warning: Reference `eq:component-share' on page 75 undefined on input lin
e 2585.



[75]
File: figures/fig-set-S-tikz-1.pdf Graphic file (type pdf)
<use figures/fig-set-S-tikz-1.pdf>


[76]
File: figures/fig-set-S-path-1.pdf Graphic file (type pdf)
<use figures/fig-set-S-path-1.pdf>

LaTeX Warning: Reference `eq:biomass-partial' on page 77 undefined on input lin
e 2652.


LaTeX Warning: Reference `eq:component-share' on page 77 undefined on input lin
e 2652.


LaTeX Warning: Reference `eq:total-stand-biomass' on page 77 undefined on input
 line 2653.


LaTeX Warning: Reference `tab:tab-notation' on page 77 undefined on input line 
2654.


LaTeX Warning: Reference `eq:total-stand-biomass' on page 77 undefined on input
 line 2706.


LaTeX Warning: Reference `eq:component-share' on page 77 undefined on input lin
e 2706.


LaTeX Warning: `!h' float specifier changed to `!ht'.



[77]

[78]

LaTeX Warning: Reference `eq:biomass-partial' on page 79 undefined on input lin
e 2768.


LaTeX Warning: Reference `eq:component-share' on page 79 undefined on input lin
e 2768.


LaTeX Warning: Reference `eq:C4' on page 79 undefined on input line 2773.



[79]

LaTeX Warning: Reference `eq:total-stand-biomass' on page 80 undefined on input
 line 2829.


LaTeX Warning: Reference `eq:component-share' on page 80 undefined on input lin
e 2830.


LaTeX Warning: Reference `fig:max3-growth' on page 80 undefined on input line 2
835.



[80]
File: figures/fig-supply-chain-network-1.pdf Graphic file (type pdf)
<use figures/fig-supply-chain-network-1.pdf>

LaTeX Warning: Reference `sec-clustering' on page 81 undefined on input line 28
80.



[81]

[82]

[83]

LaTeX Warning: `!h' float specifier changed to `!ht'.

File: figures/fig-consumer-demand-1.pdf Graphic file (type pdf)
<use figures/fig-consumer-demand-1.pdf>

LaTeX Warning: Reference `sec-biomass' on page 84 undefined on input line 3026.




[84]

LaTeX Warning: `!h' float specifier changed to `!ht'.

File: figures/fig-results-sc-map-1.pdf Graphic file (type pdf)
<use figures/fig-results-sc-map-1.pdf>
File: figures/fig-results-harvest-gantt-1.pdf Graphic file (type pdf)
<use figures/fig-results-harvest-gantt-1.pdf>
File: figures/fig-results-product-mix-1.pdf Graphic file (type pdf)
<use figures/fig-results-product-mix-1.pdf>
File: figures/fig-results-harvest-cycle-dist-1.pdf Graphic file (type pdf)
<use figures/fig-results-harvest-cycle-dist-1.pdf>
File: figures/fig-results-cost-profit-breakdown-1.pdf Graphic file (type pdf)
<use figures/fig-results-cost-profit-breakdown-1.pdf>
File: figures/fig-results-site-breakdown-1.pdf Graphic file (type pdf)
<use figures/fig-results-site-breakdown-1.pdf>
File: figures/fig-results-site-scatter-1.pdf Graphic file (type pdf)
<use figures/fig-results-site-scatter-1.pdf>
Missing character: There is no ⁻ in font [lmroman8-regular]:mapping=tex-text;!
Missing character: There is no ⁻ in font [lmroman8-regular]:mapping=tex-text;!
Missing character: There is no ⁻ in font [lmroman8-regular]:mapping=tex-text;!
Missing character: There is no ⁻ in font [lmroman8-regular]:mapping=tex-text;!
Missing character: There is no ⁻ in font [lmroman8-regular]:mapping=tex-text;!
Missing character: There is no ⁻ in font [lmroman8-regular]:mapping=tex-text;!
Missing character: There is no ⁻ in font [lmroman8-regular]:mapping=tex-text;!
Missing character: There is no ⁻ in font [lmroman8-regular]:mapping=tex-text;!
File: figures/fig-results-inventory-1.pdf Graphic file (type pdf)
<use figures/fig-results-inventory-1.pdf>
(paper.bbl

[85]

[86]

[87]

[88]

[89]

[90]

[91]

[92]

[93]
Underfull \hbox (badness 1783) in paragraph at lines 215--222
[]\TU/lmr/m/n/8 Statistisches Bundesamt (Destatis).  Kaufwerte und pachtpreise 
für landwirtschaftliche grund-
 []


Underfull \hbox (badness 10000) in paragraph at lines 215--222
\TU/lmr/m/n/8 2023.  URL []$[][][][][] [] [] [] [][][] [] [][][][][][][][] [] [
][] [] [][] [] [][][][][][] [] [][][][][][][][] [][] [][][][][][][][][][][] [] 
[][][][][][][][][][][][][][] [][]
 []


Underfull \hbox (badness 10000) in paragraph at lines 215--222
[][][][][][][][][][][][][][][] [][] [][][][][][][][][] [] [][][][][][][][][][][
][][][][] [] [][][][][][][][][][][][][] [] [][][][][][][][][] [][] [][][][][][]
[][][][][][][][][] []
 []

)

Package natbib Warning: There were undefined citations.



[94]

[95]

[96]

[97] (paper.aux)
 ***********
LaTeX2e <2025-06-01> patch level 1
L3 programming layer <2025-09-02>
 ***********

LaTeX Warning: There were undefined references.

Package rerunfilecheck Info: File `paper.out' has not changed.
(rerunfilecheck)             Checksum: 7373A304B2BF530B16C0743A632BA148;1567.
 ) 
Here is how much of TeX's memory you used:
 21758 strings out of 403246
 393648 string characters out of 5460781
 906731 words of memory out of 5000000
 49879 multiletter control sequences out of 15000+600000
 671787 words of font info for 90 fonts, out of 8000000 for 9000
 1348 hyphenation exceptions out of 8191
 72i,21n,79p,1169b,1006s stack positions out of 10000i,1000n,20000p,200000b,200000s

Output written on paper.pdf (97 pages).
