col_r,col_cpp,c_r,c_cpp,diff,diff_ind,family_r,family_cpp
41,42,-74322106.7431896,-709506.809742089,-73612599.9334475,-1,z,z
42,43,-71990316.308488,-748923.854727761,-71241392.4537602,-1,z,z
43,44,-133485874.560655,-788340.899713433,-132697533.660941,-1,z,z
44,45,-99022454.089728,-827757.944699104,-98194696.1450289,-1,z,z
45,46,-88756482.1536206,-867174.989684776,-87889307.1639358,-1,z,z
46,47,-53821798.5547367,-906592.034670447,-52915206.5200662,-1,z,z
47,48,-110579796.807201,-946009.079656119,-109633787.727545,-1,z,z
48,49,-116389060.041052,-985426.124641791,-115403633.91641,-1,z,z
49,50,-104631748.794367,-709506.809742089,-103922241.984625,-1,z,z
50,51,-119299587.689834,-748923.854727761,-118550663.835106,-1,z,z
51,52,-98070755.5588907,-788340.899713433,-97282414.6591772,-1,z,z
52,53,-146751611.277688,-827757.944699104,-145923853.332988,-1,z,z
53,54,-36731472.6748625,-867174.989684776,-35864297.6851778,-1,z,z
54,55,-82781836.1508125,-906592.034670447,-81875244.116142,-1,z,z
55,56,-81982755.5673426,-946009.079656119,-81036746.4876865,-1,z,z
56,57,-76757644.2117601,-985426.124641791,-75772218.0871183,-1,z,z
57,58,-129217036.083425,-709506.809742089,-128507529.273683,-1,z,z
58,59,-70625628.1345947,-748923.854727761,-69876704.279867,-1,z,z
59,60,-145717967.793864,-788340.899713433,-144929626.894151,-1,z,z
60,61,-150395719.171041,-827757.944699104,-149567961.226342,-1,z,z
61,62,-79692551.4331886,-867174.989684776,-78825376.4435039,-1,z,z
62,63,-44231640.440357,-906592.034670447,-43325048.4056866,-1,z,z
63,64,-87474897.6384755,-946009.079656119,-86528888.5588194,-1,z,z
64,65,-101392239.347637,-985426.124641791,-100406813.222995,-1,z,z
65,66,-93749646.8744206,-709506.809742089,-93040140.0646785,-1,z,z
66,67,-96307456.413453,-748923.854727761,-95558532.5587253,-1,z,z
67,68,-100855603.331939,-788340.899713433,-100067262.432226,-1,z,z
68,69,-167106672.002675,-827757.944699104,-166278914.057976,-1,z,z
69,70,-89979065.2722072,-867174.989684776,-89111890.2825225,-1,z,z
70,71,-60349109.684154,-906592.034670447,-59442517.6494836,-1,z,z
71,72,-70174162.7793312,-946009.079656119,-69228153.6996751,-1,z,z
72,73,-51708002.8887562,-985426.124641791,-50722576.7641144,-1,z,z
73,74,-119059464.580883,-709506.809742089,-118349957.771141,-1,z,z
74,75,-116062461.616827,-748923.854727761,-115313537.762099,-1,z,z
75,76,-20623150.8731238,-788340.899713433,-19834809.9734104,-1,z,z
76,77,-71057729.5909033,-827757.944699104,-70229971.6462041,-1,z,z
77,78,-61937093.6007377,-867174.989684776,-61069918.6110529,-1,z,z
78,79,-13792272.087226,-906592.034670447,-12885680.0525555,-1,z,z
79,80,-65631879.9011432,-946009.079656119,-64685870.8214871,-1,z,z
80,81,-72366327.6183688,-985426.124641791,-71380901.493727,-1,z,z
81,82,-70095900.0898435,-709506.809742089,-69386393.2801014,-1,z,z
82,83,-129973154.17748,-748923.854727761,-129224230.322752,-1,z,z
83,84,-96416665.8242088,-788340.899713433,-95628324.9244954,-1,z,z
84,85,-86420851.0443148,-827757.944699104,-85593093.0996157,-1,z,z
85,86,-52405501.2243489,-867174.989684776,-51538326.2346641,-1,z,z
86,87,-107669867.943854,-906592.034670447,-106763275.909184,-1,z,z
87,88,-113326255.829445,-946009.079656119,-112380246.749789,-1,z,z
88,89,-101878347.510305,-985426.124641791,-100892921.385663,-1,z,z
89,90,-116160190.645364,-709506.809742089,-115450683.835622,-1,z,z
90,91,-95490011.9915514,-748923.854727761,-94741088.1368237,-1,z,z
91,92,-142889792.559854,-788340.899713433,-142101451.66014,-1,z,z
92,93,-35764920.7623662,-827757.944699104,-34937162.8176671,-1,z,z
93,94,-80603432.5678963,-867174.989684776,-79736257.5782116,-1,z,z
94,95,-79825380.4208336,-906592.034670447,-78918788.3861631,-1,z,z
95,96,-74737771.9956612,-946009.079656119,-73791762.916005,-1,z,z
96,97,-125816653.554914,-985426.124641791,-124831227.430272,-1,z,z
97,98,-68767124.7626317,-709506.809742089,-68057617.9528896,-1,z,z
98,99,-141883350.220341,-748923.854727761,-141134426.365614,-1,z,z
99,100,-146438002.877067,-788340.899713433,-145649661.977353,-1,z,z
100,101,-77595444.8165258,-827757.944699104,-76767686.8718267,-1,z,z
101,102,-43067715.6919266,-867174.989684776,-42200540.7022418,-1,z,z
102,103,-85172992.437463,-906592.034670447,-84266400.4027926,-1,z,z
103,104,-98724088.3121729,-946009.079656119,-97778079.2325168,-1,z,z
104,105,-91282616.6935148,-985426.124641791,-90297190.568873,-1,z,z
105,106,-93773115.4552043,-709506.809742089,-93063608.6454622,-1,z,z
106,107,-98201574.2968882,-748923.854727761,-97452650.4421604,-1,z,z
107,108,-162709193.792078,-788340.899713433,-161920852.892365,-1,z,z
108,109,-87611260.9229386,-827757.944699104,-86783502.9782395,-1,z,z
109,110,-58761041.0082553,-867174.989684776,-57893866.0185705,-1,z,z
110,111,-68327540.074612,-906592.034670447,-67420948.0399415,-1,z,z
111,112,-50347331.7601047,-946009.079656119,-49401322.6804486,-1,z,z
112,113,-115926386.565597,-985426.124641791,-114940960.440955,-1,z,z
113,114,-113008252.100595,-709506.809742089,-112298745.290852,-1,z,z
114,115,-20080502.1659363,-748923.854727761,-19331578.3112086,-1,z,z
115,116,-69187855.1279848,-788340.899713433,-68399514.2282713,-1,z,z
116,117,-60307235.8744025,-827757.944699104,-59479477.9297034,-1,z,z
117,118,-13429383.3480884,-867174.989684776,-12562208.3584037,-1,z,z
118,119,-63858112.876788,-906592.034670447,-62951520.8421176,-1,z,z
119,120,-70410548.493548,-946009.079656119,-69464539.4138919,-1,z,z
120,121,-68201483.8711991,-985426.124641791,-67216057.7465573,-1,z,z
121,122,-126460433.794305,-709506.809742089,-125750926.984562,-1,z,z
122,123,-93810877.5586897,-748923.854727761,-93061953.7039619,-1,z,z
123,124,-84085219.9350089,-788340.899713433,-83296879.0352955,-1,z,z
124,125,-50989203.8939611,-827757.944699104,-50161445.949262,-1,z,z
125,126,-104759939.080507,-867174.989684776,-103892764.090822,-1,z,z
126,127,-110263451.617839,-906592.034670447,-109356859.583168,-1,z,z
127,128,-99124946.2262423,-946009.079656119,-98178937.1465861,-1,z,z
128,129,-113020793.600895,-985426.124641791,-112035367.476253,-1,z,z
129,130,-92909268.4242122,-709506.809742089,-92199761.6144701,-1,z,z
130,131,-139027973.84202,-748923.854727761,-138279049.987292,-1,z,z
131,132,-34798368.8498698,-788340.899713433,-34010027.9501564,-1,z,z
132,133,-78425028.9849802,-827757.944699104,-77597271.0402811,-1,z,z
133,134,-77668005.2743246,-867174.989684776,-76800830.2846398,-1,z,z
134,135,-72717899.7795622,-906592.034670447,-71811307.7448918,-1,z,z
135,136,-122416271.026403,-946009.079656119,-121470261.946747,-1,z,z
136,137,-66908621.3906687,-985426.124641791,-65923195.2660269,-1,z,z
137,138,-138048732.646819,-709506.809742089,-137339225.837076,-1,z,z
138,139,-142480286.583092,-748923.854727761,-141731362.728364,-1,z,z
139,140,-75498338.1998629,-788340.899713433,-74709997.3001495,-1,z,z
140,141,-41903790.9434961,-827757.944699104,-41076032.998797,-1,z,z
141,142,-82871087.2364505,-867174.989684776,-82003912.2467657,-1,z,z
142,143,-96055937.2767088,-906592.034670447,-95149345.2420383,-1,z,z
143,144,-88815586.512609,-946009.079656119,-87869577.4329528,-1,z,z
144,145,-91238774.4969555,-985426.124641791,-90253348.3723137,-1,z,z
145,146,-95547545.2618371,-709506.809742089,-94838038.452095,-1,z,z
146,147,-158311715.581482,-748923.854727761,-157562791.726754,-1,z,z
147,148,-85243456.57367,-788340.899713433,-84455115.6739566,-1,z,z
148,149,-57172972.3323565,-827757.944699104,-56345214.3876574,-1,z,z
149,150,-66480917.3698927,-867174.989684776,-65613742.3802079,-1,z,z
150,151,-48986660.6314532,-906592.034670447,-48080068.5967828,-1,z,z
151,152,-112793308.550311,-946009.079656119,-111847299.470654,-1,z,z
152,153,-109954042.584362,-985426.124641791,-108968616.45972,-1,z,z
153,154,-19537853.4587489,-709506.809742089,-18828346.6490068,-1,z,z
154,155,-67317980.6650662,-748923.854727761,-66569056.8103385,-1,z,z
155,156,-58677378.1480673,-788340.899713433,-57889037.2483538,-1,z,z
156,157,-13066494.6089509,-827757.944699104,-12238736.6642518,-1,z,z
157,158,-709506.809742089,-867174.989684776,157668.179942686,-1,z,z
158,159,-782311.649928311,-906592.034670447,124280.384742136,-1,z,z
159,160,-757766.487457768,-946009.079656119,188242.592198351,-1,z,z
160,161,-1405088.15327005,-985426.124641791,-419662.02862826,-1,z,z
161,162,-1042315.30620766,-709506.809742089,-332808.496465574,-1,z,z
162,163,-934252.443722322,-748923.854727761,-185328.588994561,-1,z,z
163,164,-566518.932155123,-788340.899713433,221821.967558309,-1,z,z
164,165,-1163971.54533896,-827757.944699104,-336213.600639859,-1,z,z
165,166,-1225121.68464265,-867174.989684776,-357946.694957875,-1,z,z
166,167,-1101360.51362491,-906592.034670447,-194768.478954467,-1,z,z
167,168,-1255758.81778772,-946009.079656119,-309749.738131605,-1,z,z
168,169,-1032297.42693569,-985426.124641791,-46871.3022939008,-1,z,z
169,170,-1544727.48713355,-709506.809742089,-835220.677391465,-1,z,z
170,171,-386620.764998553,-748923.854727761,362303.089729208,-1,z,z
171,172,-871361.433166447,-788340.899713433,-83020.5334530146,-1,z,z
172,173,-862950.058603606,-827757.944699104,-35192.1139045024,-1,z,z
173,174,-807948.88643958,-867174.989684776,59226.1032451952,-1,z,z
174,175,-1360153.01140448,-906592.034670447,-453560.976734031,-1,z,z
175,176,-743401.348785208,-946009.079656119,202607.730870911,-1,z,z
176,177,-1533847.0294091,-985426.124641791,-548420.904767305,-1,z,z
177,178,-1583086.51758991,-709506.809742089,-873579.707847821,-1,z,z
178,179,-838842.646665144,-748923.854727761,-89918.7919373828,-1,z,z
179,180,-465569.899372179,-788340.899713433,322771.000341253,-1,z,z
180,181,-920762.080405006,-827757.944699104,-93004.1357059016,-1,z,z
181,182,-1067260.41418565,-867174.989684776,-200085.424500877,-1,z,z
182,183,-986812.072362322,-906592.034670447,-80220.0376918747,-1,z,z
183,184,-1013736.38329951,-946009.079656119,-67727.3036433867,-1,z,z
184,185,-1061611.61402041,-985426.124641791,-76185.489378622,-1,z,z
185,186,-1758991.28423868,-709506.809742089,-1049484.4744966,-1,z,z
186,187,-947121.739707445,-748923.854727761,-198197.884979684,-1,z,z
187,188,-635227.470359516,-788340.899713433,153113.429353916,-1,z,z
188,189,-738649.081887697,-827757.944699104,89108.8628114071,-1,z,z
189,190,-544268.451460591,-867174.989684776,322906.538224185,-1,z,z
190,191,-1253231.20611456,-906592.034670447,-346639.171444114,-1,z,z
191,192,-1221683.80649291,-946009.079656119,-275674.726836795,-1,z,z
192,193,-217059.482874987,-985426.124641791,768366.641766803,-1,z,z
193,194,-747949.785167403,-709506.809742089,-38442.9754253135,-1,z,z
194,195,-651943.090534081,-748923.854727761,96980.7641936801,-1,z,z
195,196,-145155.49565501,-788340.899713433,643185.404058422,-1,z,z
196,197,-62084345.8524328,-827757.944699104,-61256587.9077337,-1,z,z
197,198,-68454769.3687272,-867174.989684776,-67587594.3790424,-1,z,z
198,199,-66307067.6525547,-906592.034670447,-65400475.6178842,-1,z,z
199,200,-122947713.411129,-946009.079656119,-122001704.331473,-1,z,z
200,201,-91205089.2931705,-985426.124641791,-90219663.1685287,-1,z,z
201,202,-81749588.8257031,-709506.809742089,-81040082.0159611,-1,z,z
202,203,-49572906.5635733,-748923.854727761,-48823982.7088455,-1,z,z
203,204,-101850010.217159,-788340.899713433,-101061669.317446,-1,z,z
204,205,-107200647.406232,-827757.944699104,-106372889.461533,-1,z,z
205,206,-96371544.94218,-867174.989684776,-95504369.9524952,-1,z,z
206,207,-109881396.556426,-906592.034670447,-108974804.521755,-1,z,z
207,208,-90328524.856873,-946009.079656119,-89382515.7772169,-1,z,z
208,209,-135166155.124186,-985426.124641791,-134180728.999544,-1,z,z
209,210,-33831816.9373734,-709506.809742089,-33122310.1276313,-1,z,z
210,211,-76246625.4020641,-748923.854727761,-75497701.5473363,-1,z,z
211,212,-75510630.1278156,-788340.899713433,-74722289.2281021,-1,z,z
212,213,-70698027.5634633,-827757.944699104,-69870269.6187642,-1,z,z
213,214,-119015888.497892,-867174.989684776,-118148713.508207,-1,z,z
214,215,-65050118.0187057,-906592.034670447,-64143525.9840352,-1,z,z
215,216,-134214115.073296,-946009.079656119,-133268105.99364,-1,z,z
216,217,-138522570.289117,-985426.124641791,-137537144.164475,-1,z,z
217,218,-73401231.5832001,-709506.809742089,-72691724.773458,-1,z,z
218,219,-40739866.1950657,-748923.854727761,-39990942.3403379,-1,z,z
219,220,-80569182.035438,-788340.899713433,-79780841.1357246,-1,z,z
220,221,-93387786.2412446,-827757.944699104,-92560028.2965455,-1,z,z
221,222,-86348556.3317031,-867174.989684776,-85481381.3420184,-1,z,z
222,223,-88704433.5387067,-906592.034670447,-87797841.5040363,-1,z,z
223,224,-92893516.2267861,-946009.079656119,-91947507.14713,-1,z,z
224,225,-153914237.370885,-985426.124641791,-152928811.246243,-1,z,z
225,226,-82875652.2244014,-709506.809742089,-82166145.4146593,-1,z,z
226,227,-55584903.6564577,-748923.854727761,-54835979.8017299,-1,z,z
227,228,-64634294.6651735,-788340.899713433,-63845953.76546,-1,z,z
228,229,-47625989.5028017,-827757.944699104,-46798231.5581026,-1,z,z
229,230,-109660230.535024,-867174.989684776,-108793055.545339,-1,z,z
230,231,-106899833.06813,-906592.034670447,-105993241.033459,-1,z,z
231,232,-18995204.7515614,-946009.079656119,-18049195.6719053,-1,z,z
232,233,-65448106.2021477,-985426.124641791,-64462680.077506,-1,z,z
233,234,-57047520.4217321,-709506.809742089,-56338013.61199,-1,z,z
234,235,-12703605.8698134,-748923.854727761,-11954682.0150856,-1,z,z
235,236,-748923.854727761,-788340.899713433,39417.0449856716,-1,z,z
236,237,-825773.408257662,-827757.944699104,1984.53644144221,-1,z,z
237,238,-799864.625649866,-867174.989684776,67310.3640349095,-1,z,z
238,239,-1483148.6062295,-906592.034670447,-576556.57155905,-1,z,z
239,240,-1100221.71210809,-946009.079656119,-154212.63245197,-1,z,z
240,241,-986155.357262451,-985426.124641791,-729.232620660216,-1,z,z
241,242,-597992.206163741,-709506.809742089,111514.603578348,-1,z,z
242,243,-1228636.63119113,-748923.854727761,-479712.776463367,-1,z,z
243,244,-1293184.00045613,-788340.899713433,-504843.100742699,-1,z,z
244,245,-1162547.2088263,-827757.944699104,-334789.264127194,-1,z,z
245,246,-1325523.19655371,-867174.989684776,-458348.206868933,-1,z,z
246,247,-1089647.28398767,-906592.034670447,-183055.249317227,-1,z,z
247,248,-1630545.6808632,-946009.079656119,-684536.601207077,-1,z,z
248,249,-408099.696387362,-985426.124641791,577326.428254429,-1,z,z
249,250,-919770.401675694,-709506.809742089,-210263.591933605,-1,z,z
250,251,-910891.728526029,-748923.854727761,-161967.873798268,-1,z,z
251,252,-852834.935686224,-788340.899713433,-64494.0359727913,-1,z,z
252,253,-1435717.06759362,-827757.944699104,-607959.122894512,-1,z,z
253,254,-784701.42371772,-867174.989684776,82473.5659670562,-1,z,z
254,255,-1619060.75326516,-906592.034670447,-712468.718594709,-1,z,z
255,256,-1671035.76856713,-946009.079656119,-725026.688911009,-1,z,z
256,257,-885445.015924318,-985426.124641791,99981.1087174723,-1,z,z
257,258,-491434.893781745,-709506.809742089,218071.915960344,-1,z,z
258,259,-971915.529316395,-748923.854727761,-222991.674588634,-1,z,z
259,260,-1126552.65941819,-788340.899713433,-338211.759704757,-1,z,z
260,261,-1041634.96527134,-827757.944699104,-213877.020572236,-1,z,z
261,262,-1070055.07126059,-867174.989684776,-202880.081575814,-1,z,z
262,263,-1120590.03702155,-906592.034670447,-213998.002351099,-1,z,z
263,264,-1856713.02225194,-946009.079656119,-910703.942595826,-1,z,z
264,265,-999739.614135636,-985426.124641791,-14313.4894938455,-1,z,z
265,266,-670517.885379489,-709506.809742089,38988.9243625997,-1,z,z
266,267,-779685.141992569,-748923.854727761,-30761.2872648081,-1,z,z
267,268,-574505.587652846,-788340.899713433,213835.312060586,-1,z,z
268,269,-1322855.16200982,-827757.944699104,-495097.217310711,-1,z,z
269,270,-1289555.12907585,-867174.989684776,-422380.139391078,-1,z,z
270,271,-229118.343034709,-906592.034670447,677473.691635739,-1,z,z
271,272,-789502.551010036,-946009.079656119,156506.528646083,-1,z,z
272,273,-688162.151119307,-985426.124641791,297263.973522483,-1,z,z
273,274,-153219.689858066,-709506.809742089,556287.119884023,-1,z,z
274,275,-709506.809742089,-748923.854727761,39417.0449856716,-1,z,z
275,276,-782311.649928311,-788340.899713433,6029.2497851213,-1,z,z
276,277,-757766.487457768,-827757.944699104,69991.4572413361,-1,z,z
277,278,-1405088.15327005,-867174.989684776,-537913.163585275,-1,z,z
278,279,-1042315.30620766,-906592.034670447,-135723.271537216,-1,z,z
279,280,-934252.443722322,-946009.079656119,11756.6359337972,-1,z,z
280,281,-566518.932155123,-985426.124641791,418907.192486668,-1,z,z
281,282,-1163971.54533896,-709506.809742089,-454464.735596874,-1,z,z
282,283,-1225121.68464265,-748923.854727761,-476197.82991489,-1,z,z
283,284,-1101360.51362491,-788340.899713433,-313019.613911482,-1,z,z
284,285,-1255758.81778772,-827757.944699104,-428000.87308862,-1,z,z
285,286,-1032297.42693569,-867174.989684776,-165122.437250916,-1,z,z
286,287,-1544727.48713355,-906592.034670447,-638135.452463106,-1,z,z
287,288,-386620.764998553,-946009.079656119,559388.314657566,-1,z,z
288,290,-871361.433166447,-709506.809742089,-161854.623424358,-2,z,z
289,291,-862950.058603606,-748923.854727761,-114026.203875846,-2,z,z
290,292,-807948.88643958,-788340.899713433,-19607.9867261479,-2,z,z
291,293,-1360153.01140448,-827757.944699104,-532395.066705374,-2,z,z
292,294,-743401.348785208,-867174.989684776,123773.640899568,-2,z,z
293,295,-1533847.0294091,-906592.034670447,-627254.994738648,-2,z,z
294,297,-1583086.51758991,-709506.809742089,-873579.707847821,-3,z,z
295,298,-838842.646665144,-748923.854727761,-89918.7919373828,-3,z,z
296,299,-465569.899372179,-788340.899713433,322771.000341253,-3,z,z
297,300,-920762.080405006,-827757.944699104,-93004.1357059016,-3,z,z
298,301,-1067260.41418565,-867174.989684776,-200085.424500877,-3,z,z
299,303,-986812.072362322,-709506.809742089,-277305.262620233,-4,z,z
300,304,-1013736.38329951,-748923.854727761,-264812.528571745,-4,z,z
301,305,-1061611.61402041,-788340.899713433,-273270.71430698,-4,z,z
302,306,-1758991.28423868,-827757.944699104,-931233.339539581,-4,z,z
303,308,-947121.739707445,-709506.809742089,-237614.929965356,-5,z,z
304,309,-635227.470359516,-748923.854727761,113696.384368244,-5,z,z
305,310,-738649.081887697,-788340.899713433,49691.8178257356,-5,z,z
306,312,-544268.451460591,-709506.809742089,165238.358281498,-6,z,z
307,313,-1253231.20611456,-748923.854727761,-504307.351386801,-6,z,z
308,315,-1221683.80649291,-709506.809742089,-512176.996750825,-7,z,z
309,318,-217059.482874987,-76277885.8680103,76060826.3851353,-9,z,z
310,319,-747949.785167403,-74322106.7431896,73574156.9580222,-9,z,z
311,320,-651943.090534081,-72366327.6183688,71714384.5278347,-9,z,z
312,321,-145155.49565501,-70410548.493548,70265392.997893,-9,z,z
313,322,-60310578.8280776,-68454769.3687272,8144190.54064964,-9,z,z
314,323,-66498990.2439064,-66498990.2439064,0,-9,z,z
315,324,-64412651.4339103,-64543211.1190857,130559.685175397,-9,z,z
316,325,-119434993.027954,-62587431.9942649,-56847561.0336894,-9,z,z
317,326,-88599301.0276514,-60631652.8694441,-27967648.1582073,-9,z,z
318,327,-79413957.7163973,-58675873.7446233,-20738083.971774,-9,z,z
319,328,-48156609.2331855,-56720094.6198026,8563485.38661709,-9,z,z
320,329,-98940081.3538119,-54764315.4949818,-44175765.8588301,-9,z,z
321,330,-104137843.194625,-52808536.370161,-51329306.8244643,-9,z,z
322,331,-93618143.6581177,-50852757.2453402,-42765386.4127775,-9,z,z
323,332,-106741999.511957,-48896978.1205194,-57845021.3914371,-9,z,z
324,333,-87747781.2895337,-46941198.9956987,-40806582.2938351,-9,z,z
325,334,-131304336.406352,-44985419.8708779,-86318916.5354742,-9,z,z
326,335,-32865265.024877,-43029640.7460571,10164375.7211801,-9,z,z
327,336,-74068221.819148,-41073861.6212363,-32994360.1979117,-9,z,z
328,337,-73353254.9813065,-39118082.4964156,-34235172.484891,-9,z,z
329,338,-68678155.3473643,-37162303.3715948,-31515851.9757695,-9,z,z
330,339,-115615505.969381,-35206524.246774,-80408981.7226066,-9,z,z
331,340,-63191614.6467427,-33250745.1219532,-29940869.5247894,-9,z,z
332,341,-130379497.499773,-31294965.9971324,-99084531.5026406,-9,z,z
333,342,-134564853.995142,-29339186.8723117,-105225667.122831,-9,z,z
334,343,-71304124.9665372,-27383407.7474909,-43920717.2190463,-9,z,z
335,344,-39575941.4466352,-25427628.6226701,-14148312.8239651,-9,z,z
336,345,-78267276.8344255,-23471849.4978493,-54795427.3365761,-9,z,z
337,346,-90719635.2057805,-21516070.3730286,-69203564.8327519,-9,z,z
338,347,-83881526.1507974,-19560291.2482078,-64321234.9025896,-9,z,z
339,348,-86170092.580458,-17604512.123387,-68565580.457071,-9,z,z
340,349,-90239487.1917351,-15648732.9985662,-74590754.1931689,-9,z,z
341,350,-149516759.160288,-13692953.8737454,-135823805.286543,-9,z,z
342,351,-80507847.8751328,-11737174.7489247,-68770673.1262081,-9,z,z
343,352,-53996834.9805589,-9781395.62410389,-44215439.356455,-9,z,z
344,353,-62787671.9604542,-7825616.49928311,-54962055.4611711,-9,z,z
345,354,-46265318.3741502,-5869837.37446233,-40395480.9996879,-9,z,z
346,355,-106527152.519738,-3914058.24964156,-102613094.270096,-9,z,z
347,356,-103845623.551898,-1958279.12482078,-101887344.427077,-9,z,z
348,357,-18452556.0443739,-2500,-18450056.0443739,-9,z,z
349,359,-63578231.7392292,-782311.649928311,-62795920.0893009,-10,z,z
350,360,-55417662.6953969,-825773.408257662,-54591889.2871392,-10,z,z
351,361,-12340717.1306759,-869235.166587012,-11471481.9640889,-10,z,z
352,362,-788340.899713433,-912696.924916363,124356.025202931,-10,z,z
353,363,-869235.166587012,-956158.683245714,86923.5166587012,-10,z,z
354,364,-841962.763841964,-999620.441575064,157657.6777331,-10,z,z
355,365,-1561209.05918895,-1043082.19990441,-518126.85928453,-10,z,z
356,366,-1158128.11800851,-1086543.95823377,-71584.1597747493,-10,z,z
357,367,-1038058.27080258,-782311.649928311,-255746.620874268,-10,z,z
358,368,-629465.480172359,-825773.408257662,196307.928085303,-10,z,z
359,369,-1293301.71704329,-869235.166587012,-424066.55045628,-10,z,z
360,370,-1361246.31626961,-912696.924916363,-448549.391353249,-10,z,z
361,371,-1223733.90402768,-956158.683245714,-267575.220781969,-10,z,z
362,372,-1395287.57531969,-999620.441575064,-395667.133744629,-10,z,z
363,373,-1146997.14103966,-1043082.19990441,-103914.941135242,-10,z,z
364,374,-1716363.87459284,-1086543.95823377,-629819.916359072,-10,z,z
365,375,-429578.62777617,-782311.649928311,352733.022152141,-10,z,z
366,376,-968179.370184941,-825773.408257662,-142405.961927279,-10,z,z
367,377,-958833.398448452,-869235.166587012,-89598.2318614391,-10,z,z
368,378,-897720.984932867,-912696.924916363,14975.939983496,-10,z,z
369,379,-1511281.12378275,-956158.683245714,-555122.44053704,-10,z,z
370,380,-826001.498650231,-999620.441575064,173618.942924833,-10,z,z
371,381,-1704274.47712122,-1043082.19990441,-661192.277216802,-10,z,z
372,382,-1758985.01954434,-1086543.95823377,-672441.06131058,-10,z,z
373,383,-932047.385183493,-782311.649928311,-149735.735255182,-10,z,z
374,384,-517299.88819131,-825773.408257662,308473.520066352,-10,z,z
375,385,-1023068.97822778,-869235.166587012,-153833.811640772,-10,z,z
376,386,-1185844.90465073,-912696.924916363,-273147.979734362,-10,z,z
377,387,-1096457.85818036,-956158.683245714,-140299.174934644,-10,z,z
378,388,-1126373.75922167,-999620.441575064,-126753.317646609,-10,z,z
379,389,-1179568.46002268,-1043082.19990441,-136486.260118266,-10,z,z
380,390,-1954434.76026521,-1086543.95823377,-867890.80203144,-10,z,z
381,391,-1052357.48856383,-782311.649928311,-270045.838635516,-10,z,z
382,392,-705808.300399463,-825773.408257662,119965.107858199,-10,z,z
383,393,-820721.202097441,-869235.166587012,48513.9644895714,-10,z,z
384,394,-604742.723845101,-912696.924916363,307954.201071262,-10,z,z
385,395,-1392479.11790507,-956158.683245714,-436320.434659355,-10,z,z
386,396,-1357426.45165879,-999620.441575064,-357806.010083729,-10,z,z
387,397,-241177.20319443,-1043082.19990441,801904.996709985,-10,z,z
388,398,-831055.31685267,-1086543.95823377,255488.641381096,-10,z,z
389,399,-724381.211704534,-782311.649928311,57930.4382237771,-10,z,z
390,400,-161283.884061122,-825773.408257662,664489.524196539,-10,z,z
391,401,-748923.854727761,-869235.166587012,120311.311859252,-10,z,z
392,402,-825773.408257662,-912696.924916363,86923.5166587012,-10,z,z
393,403,-799864.625649866,-956158.683245714,156294.057595848,-10,z,z
394,404,-1483148.6062295,-999620.441575064,-483528.164654433,-10,z,z
395,405,-1100221.71210809,-1043082.19990441,-57139.5122036741,-10,z,z
396,406,-986155.357262451,-1086543.95823377,100388.600971315,-10,z,z
397,407,-597992.206163741,-782311.649928311,184319.44376457,-10,z,z
398,408,-1228636.63119113,-825773.408257662,-402863.222933466,-10,z,z
399,409,-1293184.00045613,-869235.166587012,-423948.833869119,-10,z,z
400,410,-1162547.2088263,-912696.924916363,-249850.283909935,-10,z,z
401,411,-1325523.19655371,-956158.683245714,-369364.513307995,-10,z,z
402,412,-1089647.28398767,-999620.441575064,-90026.84241261,-10,z,z
403,413,-1630545.6808632,-1043082.19990441,-587463.480958781,-10,z,z
404,414,-408099.696387362,-1086543.95823377,678444.261846404,-10,z,z
405,415,-919770.401675694,-782311.649928311,-137458.751747383,-10,z,z
406,416,-910891.728526029,-825773.408257662,-85118.3202683671,-10,z,z
407,417,-852834.935686224,-869235.166587012,16400.2309007887,-10,z,z
408,418,-1435717.06759362,-912696.924916363,-523020.142677253,-10,z,z
409,419,-784701.42371772,-956158.683245714,171457.259527994,-10,z,z
410,420,-1619060.75326516,-999620.441575064,-619440.311690092,-10,z,z
411,421,-1671035.76856713,-1043082.19990441,-627953.568662713,-10,z,z
412,422,-885445.015924318,-1086543.95823377,201098.942309447,-10,z,z
413,423,-491434.893781745,-782311.649928311,290876.756146566,-10,z,z
414,424,-971915.529316395,-825773.408257662,-146142.121058733,-10,z,z
415,425,-1126552.65941819,-869235.166587012,-257317.492831177,-10,z,z
416,426,-1041634.96527134,-912696.924916363,-128938.040354977,-10,z,z
417,427,-1070055.07126059,-956158.683245714,-113896.388014876,-10,z,z
418,428,-1120590.03702155,-999620.441575064,-120969.595446482,-10,z,z
419,429,-1856713.02225194,-1043082.19990441,-813630.82234753,-10,z,z
420,430,-999739.614135636,-1086543.95823377,86804.3440981293,-10,z,z
421,431,-670517.885379489,-782311.649928311,111793.764548822,-10,z,z
422,432,-779685.141992569,-825773.408257662,46088.2662650929,-10,z,z
423,433,-574505.587652846,-869235.166587012,294729.578934166,-10,z,z
424,434,-1322855.16200982,-912696.924916363,-410158.237093452,-10,z,z
425,435,-1289555.12907585,-956158.683245714,-333396.44583014,-10,z,z
426,436,-229118.343034709,-999620.441575064,770502.098540355,-10,z,z
427,437,-789502.551010036,-1043082.19990441,253579.648894379,-10,z,z
428,438,-688162.151119307,-1086543.95823377,398381.807114458,-10,z,z
429,439,-153219.689858066,-782311.649928311,629091.960070245,-10,z,z
430,440,-709506.809742089,-825773.408257662,116266.598515573,-10,z,z
431,441,-782311.649928311,-869235.166587012,86923.5166587012,-10,z,z
432,442,-757766.487457768,-912696.924916363,154930.437458595,-10,z,z
433,443,-1405088.15327005,-956158.683245714,-448929.470024337,-10,z,z
434,444,-1042315.30620766,-999620.441575064,-42694.8646325991,-10,z,z
435,445,-934252.443722322,-1043082.19990441,108829.756182093,-10,z,z
436,446,-566518.932155123,-1086543.95823377,520025.026078642,-10,z,z
437,447,-1163971.54533896,-782311.649928311,-381659.895410652,-10,z,z
438,448,-1225121.68464265,-825773.408257662,-399348.276384989,-10,z,z
439,449,-1101360.51362491,-869235.166587012,-232125.347037902,-10,z,z
440,450,-1255758.81778772,-912696.924916363,-343061.892871361,-10,z,z
441,451,-1032297.42693569,-956158.683245714,-76138.7436899777,-10,z,z
442,452,-1544727.48713355,-999620.441575064,-545107.045558489,-10,z,z
443,453,-386620.764998553,-1043082.19990441,656461.434905862,-10,z,z
444,454,-871361.433166447,-1086543.95823377,215182.525067318,-10,z,z
445,455,-862950.058603606,-782311.649928311,-80638.4086752952,-10,z,z
446,456,-807948.88643958,-825773.408257662,17824.5218180814,-10,z,z
447,457,-1360153.01140448,-869235.166587012,-490917.844817466,-10,z,z
448,458,-743401.348785208,-912696.924916363,169295.576131155,-10,z,z
449,459,-1533847.0294091,-956158.683245714,-577688.346163382,-10,z,z
450,460,-1583086.51758991,-999620.441575064,-583466.076014846,-10,z,z
451,461,-838842.646665144,-1043082.19990441,204239.553239271,-10,z,z
452,462,-465569.899372179,-1086543.95823377,620974.058861586,-10,z,z
453,463,-920762.080405006,-782311.649928311,-138450.430476694,-10,z,z
454,464,-1067260.41418565,-825773.408257662,-241487.005927991,-10,z,z
455,465,-986812.072362322,-869235.166587012,-117576.90577531,-10,z,z
456,466,-1013736.38329951,-912696.924916363,-101039.458383143,-10,z,z
457,467,-1061611.61402041,-956158.683245714,-105452.930774699,-10,z,z
458,468,-1758991.28423868,-999620.441575064,-759370.84266362,-10,z,z
459,469,-947121.739707445,-1043082.19990441,95960.4601969701,-10,z,z
460,470,-635227.470359516,-1086543.95823377,451316.487874249,-10,z,z
461,471,-738649.081887697,-782311.649928311,43662.5680406143,-10,z,z
462,472,-544268.451460591,-825773.408257662,281504.956797071,-10,z,z
463,473,-1253231.20611456,-869235.166587012,-383996.039527549,-10,z,z
464,474,-1221683.80649291,-912696.924916363,-308986.881576551,-10,z,z
465,475,-217059.482874987,-956158.683245714,739099.200370726,-10,z,z
466,476,-747949.785167403,-999620.441575064,251670.656407662,-10,z,z
467,477,-651943.090534081,-1043082.19990441,391139.109370334,-10,z,z
468,478,-145155.49565501,-1086543.95823377,941388.462578755,-10,z,z
469,479,-58536811.8037224,-782311.649928311,-57754500.1537941,-10,z,z
470,480,-64543211.1190857,-825773.408257662,-63717437.710828,-10,z,z
471,481,-62518235.2152658,-869235.166587012,-61649000.0486788,-10,z,z
472,482,-115922272.644779,-912696.924916363,-115009575.719863,-10,z,z
473,483,-85993512.7621322,-956158.683245714,-85037354.0788865,-10,z,z
474,484,-77078326.6070915,-999620.441575064,-76078706.1655165,-10,z,z
475,485,-46740311.9027977,-1043082.19990441,-45697229.7028932,-10,z,z
476,486,-96030152.4904645,-1086543.95823377,-94943608.5322307,-10,z,z
477,487,-101075038.983019,-782311.649928311,-100292727.33309,-10,z,z
478,488,-90864742.3740554,-825773.408257662,-90038968.9657978,-10,z,z
479,489,-103602602.467487,-869235.166587012,-102733367.3009,-10,z,z
480,490,-85167037.7221945,-912696.924916363,-84254340.7972782,-10,z,z
481,491,-127442517.688518,-956158.683245714,-126486359.005272,-10,z,z
482,492,-31898713.1123806,-999620.441575064,-30899092.6708056,-10,z,z
483,493,-71889818.2362319,-1043082.19990441,-70846736.0363275,-10,z,z
484,494,-71195879.8347975,-1086543.95823377,-70109335.8765638,-10,z,z
485,495,-66658283.1312654,-782311.649928311,-65875971.4813371,-10,z,z
486,496,-112215123.440869,-825773.408257662,-111389350.032612,-10,z,z
487,497,-61333111.2747796,-869235.166587012,-60463876.1081926,-10,z,z
488,498,-126544879.92625,-912696.924916363,-125632183.001334,-10,z,z
489,499,-130607137.701168,-956158.683245714,-129650979.017922,-10,z,z
490,500,-69207018.3498743,-999620.441575064,-68207397.9082993,-10,z,z
491,501,-38412016.6982048,-1043082.19990441,-37368934.4983004,-10,z,z
492,502,-75965371.6334129,-1086543.95823377,-74878827.6751792,-10,z,z
493,503,-88051484.1703164,-782311.649928311,-87269172.520388,-10,z,z
494,504,-81414495.9698916,-825773.408257662,-80588722.5616339,-10,z,z
495,505,-83635751.6222092,-869235.166587012,-82766516.4556222,-10,z,z
496,506,-87585458.156684,-912696.924916363,-86672761.2317677,-10,z,z
497,507,-145119280.949691,-956158.683245714,-144163122.266446,-10,z,z
498,508,-78140043.5258642,-999620.441575064,-77140423.0842891,-10,z,z
499,509,-52408766.3046601,-1043082.19990441,-51365684.1047557,-10,z,z
500,510,-60941049.255735,-1086543.95823377,-59854505.2975012,-10,z,z
501,511,-44904647.2454988,-782311.649928311,-44122335.5955705,-10,z,z
502,512,-103394074.504451,-825773.408257662,-102568301.096194,-10,z,z
503,513,-100791414.035665,-869235.166587012,-99922178.8690783,-10,z,z
504,514,-17909907.3371865,-912696.924916363,-16997210.4122701,-10,z,z
505,515,-61708357.2763107,-956158.683245714,-60752198.593065,-10,z,z
506,516,-53787804.9690616,-999620.441575064,-52788184.5274866,-10,z,z
507,517,-11977828.3915383,-1043082.19990441,-10934746.1916339,-10,z,z
508,518,-827757.944699104,-1086543.95823377,258786.013534661,-10,z,z
509,519,-912696.924916363,-782311.649928311,-130385.274988052,-10,z,z
510,520,-884060.902034063,-825773.408257662,-58287.4937764007,-10,z,z
511,521,-1639269.51214839,-869235.166587012,-770034.34556138,-10,z,z
512,522,-1216034.52390894,-912696.924916363,-303337.598992577,-10,z,z
513,523,-1089961.18434271,-956158.683245714,-133802.501096995,-10,z,z
514,524,-660938.754180977,-999620.441575064,338681.687394087,-10,z,z
515,525,-1357966.80289546,-1043082.19990441,-314884.602991042,-10,z,z
516,526,-1429308.63208309,-1086543.95823377,-342764.673849327,-10,z,z
517,527,-1284920.59922907,-782311.649928311,-502608.949300756,-10,z,z
518,528,-1465051.95408568,-825773.408257662,-639278.545828016,-10,z,z
519,529,-1204346.99809164,-869235.166587012,-335111.831504627,-10,z,z
520,530,-1802182.06832248,-912696.924916363,-889485.143406116,-10,z,z
521,531,-451057.559164979,-956158.683245714,505101.124080735,-10,z,z
522,532,-1016588.33869419,-999620.441575064,-16967.8971191238,-10,z,z
523,533,-1006775.06837087,-1043082.19990441,36307.1315335408,-10,z,z
524,534,-942607.03417951,-1086543.95823377,143936.924054255,-10,z,z
525,535,-1586845.17997189,-782311.649928311,-804533.53004358,-10,z,z
526,536,-867301.573582743,-825773.408257662,-41528.1653250807,-10,z,z
527,537,-1789488.20097728,-869235.166587012,-920253.034390266,-10,z,z
528,538,-1846934.27052156,-912696.924916363,-934237.345605199,-10,z,z
529,539,-978649.754442668,-956158.683245714,-22491.0711969539,-10,z,z
530,540,-543164.882600876,-999620.441575064,456455.558974188,-10,z,z
531,541,-1074222.42713917,-1043082.19990441,-31140.2272347584,-10,z,z
532,542,-1245137.14988326,-1086543.95823377,-158593.191649496,-10,z,z
533,543,-1151280.75108938,-782311.649928311,-368969.101161064,-10,z,z
534,544,-1182692.44718276,-825773.408257662,-356919.038925095,-10,z,z
535,545,-1238546.88302381,-869235.166587012,-369311.716436802,-10,z,z
536,546,-2052156.49827847,-912696.924916363,-1139459.5733621,-10,z,z
537,547,-1104975.36299202,-956158.683245714,-148816.679746305,-10,z,z
538,548,-741098.715419436,-999620.441575064,258521.726155629,-10,z,z
539,549,-861757.262202313,-1043082.19990441,181324.937702102,-10,z,z
540,550,-634979.860037356,-1086543.95823377,451564.098196409,-10,z,z
541,551,-1462103.07380032,-782311.649928311,-679791.423872011,-10,z,z
542,552,-1425297.77424173,-825773.408257662,-599524.365984071,-10,z,z
543,553,-253236.063354152,-869235.166587012,615999.103232861,-10,z,z
544,554,-872608.082695303,-912696.924916363,40088.84222106,-10,z,z
545,555,-760600.272289761,-956158.683245714,195558.410955953,-10,z,z
546,556,-169348.078264179,-999620.441575064,830272.363310886,-10,z,z
547,557,-788340.899713433,-1043082.19990441,254741.300190982,-10,z,z
548,558,-869235.166587012,-1086543.95823377,217308.791646753,-10,z,z
549,559,-841962.763841964,-782311.649928311,-59651.1139136532,-10,z,z
550,560,-1561209.05918895,-825773.408257662,-735435.650931283,-10,z,z
551,561,-1158128.11800851,-869235.166587012,-288892.951421502,-10,z,z
552,562,-1038058.27080258,-912696.924916363,-125361.345886217,-10,z,z
553,563,-629465.480172359,-956158.683245714,326693.203073355,-10,z,z
554,564,-1293301.71704329,-999620.441575064,-293681.275468228,-10,z,z
555,565,-1361246.31626961,-1043082.19990441,-318164.116365197,-10,z,z
556,566,-1223733.90402768,-1086543.95823377,-137189.945793917,-10,z,z
557,567,-1395287.57531969,-782311.649928311,-612975.925391382,-10,z,z
558,568,-1146997.14103966,-825773.408257662,-321223.732781995,-10,z,z
559,569,-1716363.87459284,-869235.166587012,-847128.708005825,-10,z,z
560,570,-429578.62777617,-912696.924916363,483118.297140193,-10,z,z
561,571,-968179.370184941,-956158.683245714,-12020.6869392275,-10,z,z
562,572,-958833.398448452,-999620.441575064,40787.0431266128,-10,z,z
563,573,-897720.984932867,-1043082.19990441,145361.214971548,-10,z,z
564,574,-1511281.12378275,-1086543.95823377,-424737.165548988,-10,z,z
565,575,-826001.498650231,-782311.649928311,-43689.8487219198,-10,z,z
566,576,-1704274.47712122,-825773.408257662,-878501.068863555,-10,z,z
567,577,-1758985.01954434,-869235.166587012,-889749.852957333,-10,z,z
568,578,-932047.385183493,-912696.924916363,-19350.4602671298,-10,z,z
569,579,-517299.88819131,-956158.683245714,438858.795054403,-10,z,z
570,580,-1023068.97822778,-999620.441575064,-23448.5366527197,-10,z,z
571,581,-1185844.90465073,-1043082.19990441,-142762.704746311,-10,z,z
572,582,-1096457.85818036,-1086543.95823377,-9913.89994659228,-10,z,z
573,583,-1126373.75922167,-782311.649928311,-344062.109293362,-10,z,z
574,584,-1179568.46002268,-825773.408257662,-353795.051765019,-10,z,z
575,585,-1954434.76026521,-869235.166587012,-1085199.59367819,-10,z,z
576,586,-1052357.48856383,-912696.924916363,-139660.563647464,-10,z,z
577,587,-705808.300399463,-956158.683245714,250350.382846251,-10,z,z
578,588,-820721.202097441,-999620.441575064,178899.239477623,-10,z,z
579,589,-604742.723845101,-1043082.19990441,438339.476059314,-10,z,z
580,590,-1392479.11790507,-1086543.95823377,-305935.159671303,-10,z,z
581,591,-1357426.45165879,-782311.649928311,-575114.801730482,-10,z,z
582,592,-241177.20319443,-825773.408257662,584596.205063231,-10,z,z
583,593,-831055.31685267,-869235.166587012,38179.8497343428,-10,z,z
584,594,-724381.211704534,-912696.924916363,188315.713211829,-10,z,z
585,595,-161283.884061122,-956158.683245714,794874.799184591,-10,z,z
586,596,-748923.854727761,-999620.441575064,250696.586847303,-10,z,z
587,597,-825773.408257662,-1043082.19990441,217308.791646753,-10,z,z
588,598,-799864.625649866,-1086543.95823377,286679.332583899,-10,z,z
589,599,-1483148.6062295,-782311.649928311,-700836.956301187,-10,z,z
590,600,-1100221.71210809,-825773.408257662,-274448.303850427,-10,z,z
591,601,-986155.357262451,-869235.166587012,-116920.190675438,-10,z,z
592,602,-597992.206163741,-912696.924916363,314704.718752622,-10,z,z
593,603,-1228636.63119113,-956158.683245714,-272477.947945414,-10,z,z
594,604,-1293184.00045613,-999620.441575064,-293563.558881067,-10,z,z
595,605,-1162547.2088263,-1043082.19990441,-119465.008921884,-10,z,z
596,607,-1325523.19655371,-782311.649928311,-543211.546625397,-11,z,z
597,608,-1089647.28398767,-825773.408257662,-263873.875730012,-11,z,z
598,609,-1630545.6808632,-869235.166587012,-761310.514276183,-11,z,z
599,610,-408099.696387362,-912696.924916363,504597.228529001,-11,z,z
600,611,-919770.401675694,-956158.683245714,36388.2815700196,-11,z,z
601,612,-910891.728526029,-999620.441575064,88728.7130490354,-11,z,z
602,614,-852834.935686224,-782311.649928311,-70523.2857579126,-12,z,z
603,615,-1435717.06759362,-825773.408257662,-609943.659335954,-12,z,z
604,616,-784701.42371772,-869235.166587012,84533.742869293,-12,z,z
605,617,-1619060.75326516,-912696.924916363,-706363.828348793,-12,z,z
606,618,-1671035.76856713,-956158.683245714,-714877.085321414,-12,z,z
607,620,-885445.015924318,-782311.649928311,-103133.365996007,-13,z,z
608,621,-491434.893781745,-825773.408257662,334338.514475917,-13,z,z
609,622,-971915.529316395,-869235.166587012,-102680.362729382,-13,z,z
610,623,-1126552.65941819,-912696.924916363,-213855.734501826,-13,z,z
611,625,-1041634.96527134,-782311.649928311,-259323.315343029,-14,z,z
612,626,-1070055.07126059,-825773.408257662,-244281.663002927,-14,z,z
613,627,-1120590.03702155,-869235.166587012,-251354.870434534,-14,z,z
614,629,-1856713.02225194,-782311.649928311,-1074401.37232363,-15,z,z
615,630,-999739.614135636,-825773.408257662,-173966.205877974,-15,z,z
616,632,-670517.885379489,-782311.649928311,111793.764548822,-16,z,z
617,635,-779685.141992569,-73884732.5271324,73105047.3851398,-18,z,z
618,636,-574505.587652846,-71990316.308488,71415810.7208351,-18,z,z
619,637,-1322855.16200982,-70095900.0898435,68773044.9278337,-18,z,z
620,638,-1289555.12907585,-68201483.8711991,66911928.7421232,-18,z,z
621,639,-229118.343034709,-66307067.6525547,66077949.30952,-18,z,z
622,640,-789502.551010036,-64412651.4339103,63623148.8829002,-18,z,z
623,641,-688162.151119307,-62518235.2152658,61830073.0641465,-18,z,z
624,642,-153219.689858066,-60623818.9966214,60470599.3067634,-18,z,z
625,643,-709506.809742089,-58729402.777977,58019895.9682349,-18,z,z
626,644,-782311.649928311,-56834986.5593326,56052674.9094043,-18,z,z
627,645,-757766.487457768,-54940570.3406882,54182803.8532304,-18,z,z
628,646,-1405088.15327005,-53046154.1220438,51641065.9687737,-18,z,z
629,647,-1042315.30620766,-51151737.9033993,50109422.5971917,-18,z,z
630,648,-934252.443722322,-49257321.6847549,48323069.2410326,-18,z,z
631,649,-566518.932155123,-47362905.4661105,46796386.5339554,-18,z,z
632,650,-1163971.54533896,-45468489.2474661,44304517.7021271,-18,z,z
633,651,-1225121.68464265,-43574073.0288217,42348951.344179,-18,z,z
634,652,-1101360.51362491,-41679656.8101772,40578296.2965523,-18,z,z
635,653,-1255758.81778772,-39785240.5915328,38529481.7737451,-18,z,z
636,654,-1032297.42693569,-37890824.3728884,36858526.9459527,-18,z,z
637,655,-1544727.48713355,-35996408.154244,34451680.6671104,-18,z,z
638,656,-386620.764998553,-34101991.9355995,33715371.170601,-18,z,z
639,657,-871361.433166447,-32207575.7169551,31336214.2837887,-18,z,z
640,658,-862950.058603606,-30313159.4983107,29450209.4397071,-18,z,z
641,659,-807948.88643958,-28418743.2796663,27610794.3932267,-18,z,z
642,660,-1360153.01140448,-26524327.0610219,25164174.0496174,-18,z,z
643,661,-743401.348785208,-24629910.8423775,23886509.4935922,-18,z,z
644,662,-1533847.0294091,-22735494.623733,21201647.5943239,-18,z,z
645,663,-1583086.51758991,-20841078.4050886,19257991.8874987,-18,z,z
646,664,-838842.646665144,-18946662.1864442,18107819.5397791,-18,z,z
647,665,-465569.899372179,-17052245.9677998,16586676.0684276,-18,z,z
648,666,-920762.080405006,-15157829.7491554,14237067.6687504,-18,z,z
649,667,-1067260.41418565,-13263413.5305109,12196153.1163253,-18,z,z
650,668,-986812.072362322,-11368997.3118665,10382185.2395042,-18,z,z
651,669,-1013736.38329951,-9474581.0932221,8460844.70992259,-18,z,z
652,670,-1061611.61402041,-7580164.87457768,6518553.26055727,-18,z,z
653,671,-1758991.28423868,-5685748.65593326,3926757.37169457,-18,z,z
654,672,-947121.739707445,-3791332.43728884,2844210.69758139,-18,z,z
655,673,-635227.470359516,-1896916.21864442,1261688.7482849,-18,z,z
656,674,-738649.081887697,-2500,-736149.081887697,-18,z,z
657,676,-544268.451460591,-757766.487457768,213498.035997177,-19,z,z
658,677,-1253231.20611456,-799864.625649866,-453366.580464696,-19,z,z
659,678,-1221683.80649291,-841962.763841964,-379721.042650949,-19,z,z
660,679,-217059.482874987,-884060.902034063,667001.419159075,-19,z,z
661,680,-747949.785167403,-926159.040226161,178209.255058758,-19,z,z
662,681,-651943.090534081,-968257.178418259,316314.087884178,-19,z,z
663,682,-145155.49565501,-1010355.31661036,865199.820955347,-19,z,z
664,683,-56763044.7793671,-1052453.45480246,-55710591.3245647,-19,z,z
665,684,-62587431.9942649,-757766.487457768,-61829665.5068071,-19,z,z
666,685,-60623818.9966214,-799864.625649866,-59823954.3709716,-19,z,z
667,686,-112409552.261604,-841962.763841964,-111567589.497762,-19,z,z
668,687,-83387724.4966131,-884060.902034063,-82503663.594579,-19,z,z
669,688,-74742695.4977857,-926159.040226161,-73816536.4575596,-19,z,z
670,689,-45324014.5724098,-968257.178418259,-44355757.3939916,-19,z,z
671,690,-93120223.627117,-1010355.31661036,-92109868.3105067,-19,z,z
672,691,-98012234.7714121,-1052453.45480246,-96959781.3166096,-19,z,z
673,692,-88111341.0899931,-757766.487457768,-87353574.6025354,-19,z,z
674,693,-100463205.423018,-799864.625649866,-99663340.797368,-19,z,z
675,694,-82586294.1548553,-841962.763841964,-81744331.3910133,-19,z,z
676,695,-123580698.970684,-884060.902034063,-122696638.06865,-19,z,z
677,696,-30932161.1998843,-926159.040226161,-30006002.1596581,-19,z,z
678,697,-69711414.6533158,-968257.178418259,-68743157.4748975,-19,z,z
679,698,-69038504.6882885,-1010355.31661036,-68028149.3716781,-19,z,z
680,699,-64638410.9151664,-1052453.45480246,-63585957.460364,-19,z,z
681,700,-108814740.912358,-757766.487457768,-108056974.4249,-19,z,z
682,701,-59474607.9028166,-799864.625649866,-58674743.2771668,-19,z,z
683,702,-122710262.352728,-841962.763841964,-121868299.588886,-19,z,z
684,703,-126649421.407193,-884060.902034063,-125765360.505159,-19,z,z
685,704,-67109911.7332115,-926159.040226161,-66183752.6929853,-19,z,z
686,705,-37248091.9497743,-968257.178418259,-36279834.7713561,-19,z,z
687,706,-73663466.4324004,-1010355.31661036,-72653111.1157901,-19,z,z
688,707,-85383333.1348522,-1052453.45480246,-84330879.6800498,-19,z,z
689,708,-78947465.7889857,-757766.487457768,-78189699.301528,-19,z,z
690,709,-81101410.6639605,-799864.625649866,-80301546.0383106,-19,z,z
691,710,-84931429.121633,-841962.763841964,-84089466.357791,-19,z,z
692,711,-140721802.739095,-884060.902034063,-139837741.837061,-19,z,z
693,712,-75772239.1765956,-926159.040226161,-74846080.1363694,-19,z,z
694,713,-50820697.6287613,-968257.178418259,-49852440.450343,-19,z,z
695,714,-59094426.5510158,-1010355.31661036,-58084071.2344054,-19,z,z
696,715,-43543976.1168473,-1052453.45480246,-42491522.6620448,-19,z,z
697,716,-100260996.489165,-757766.487457768,-99503230.0017071,-19,z,z
698,717,-97737204.5194331,-799864.625649866,-96937339.8937832,-19,z,z
699,718,-17367258.629999,-841962.763841964,-16525295.866157,-19,z,z
700,719,-59838482.8133922,-884060.902034063,-58954421.9113582,-19,z,z
701,720,-52157947.2427264,-926159.040226161,-51231788.2025003,-19,z,z
702,721,-11614939.6524008,-968257.178418259,-10646682.4739826,-19,z,z
703,722,-867174.989684776,-1010355.31661036,143180.326925582,-19,z,z
704,723,-956158.683245714,-1052453.45480246,96294.7715567418,-19,z,z
705,724,-926159.040226161,-757766.487457768,-168392.552768393,-19,z,z
706,725,-1717329.96510784,-799864.625649866,-917465.339457974,-19,z,z
707,726,-1273940.92980937,-841962.763841964,-431978.165967402,-19,z,z
708,727,-1141864.09788284,-884060.902034063,-257803.195848775,-19,z,z
709,728,-692412.028189595,-926159.040226161,233747.012036566,-19,z,z
710,729,-1422631.88874762,-968257.178418259,-454374.710329363,-19,z,z
711,730,-1497370.94789657,-1010355.31661036,-487015.631286216,-19,z,z
712,731,-1346107.29443045,-1052453.45480246,-293653.839627995,-19,z,z
713,732,-1534816.33285166,-757766.487457768,-777049.845393895,-19,z,z
714,733,-1261696.85514362,-799864.625649866,-461832.229493757,-19,z,z
715,734,-1888000.26205212,-841962.763841964,-1046037.49821016,-19,z,z
716,735,-472536.490553787,-884060.902034063,411524.411480275,-19,z,z
717,736,-1064997.30720344,-926159.040226161,-138838.266977274,-19,z,z
718,737,-1054716.7382933,-968257.178418259,-86459.5598750378,-19,z,z
719,738,-987493.083426154,-1010355.31661036,22862.2331842034,-19,z,z
720,739,-1662409.23616103,-1052453.45480246,-609955.781358573,-19,z,z
721,740,-908601.648515254,-757766.487457768,-150835.161057486,-19,z,z
722,741,-1874701.92483334,-799864.625649866,-1074837.29918347,-19,z,z
723,742,-1934883.52149878,-841962.763841964,-1092920.75765682,-19,z,z
724,743,-1025252.12370184,-884060.902034063,-141191.22166778,-19,z,z
725,744,-569029.877010441,-926159.040226161,357129.163215719,-19,z,z
726,745,-1125375.87605056,-968257.178418259,-157118.697632303,-19,z,z
727,746,-1304429.3951158,-1010355.31661036,-294074.078505441,-19,z,z
728,747,-1206103.64399839,-1052453.45480246,-153650.189195938,-19,z,z
729,748,-1239011.13514384,-757766.487457768,-481244.647686073,-19,z,z
730,749,-1297525.30602495,-799864.625649866,-497660.680375083,-19,z,z
731,750,-2149878.23629173,-841962.763841964,-1307915.47244976,-19,z,z
732,751,-1157593.23742021,-884060.902034063,-273532.335386148,-19,z,z
733,752,-776389.130439409,-926159.040226161,149769.909786752,-19,z,z
734,753,-902793.322307185,-968257.178418259,65463.8561110739,-19,z,z
735,754,-665216.996229611,-1010355.31661036,345138.320380746,-19,z,z
736,755,-1531727.02969558,-1052453.45480246,-479273.57489312,-19,z,z
737,756,-1493169.09682467,-757766.487457768,-735402.609366904,-19,z,z
738,757,-265294.923513874,-799864.625649866,534569.702135993,-19,z,z
739,758,-914160.848537937,-841962.763841964,-72198.0846959723,-19,z,z
740,759,-796819.332874988,-884060.902034063,87241.569159075,-19,z,z
741,760,-177412.272467235,-926159.040226161,748746.767758926,-19,z,z
742,761,-827757.944699104,-968257.178418259,140499.233719155,-19,z,z
743,762,-912696.924916363,-1010355.31661036,97658.3916939942,-19,z,z
744,763,-884060.902034063,-1052453.45480246,168392.552768393,-19,z,z
745,764,-1639269.51214839,-757766.487457768,-881503.024690624,-19,z,z
746,765,-1216034.52390894,-799864.625649866,-416169.898259074,-19,z,z
747,766,-1089961.18434271,-841962.763841964,-247998.420500744,-19,z,z
748,767,-660938.754180977,-884060.902034063,223122.147853086,-19,z,z
749,768,-1357966.80289546,-926159.040226161,-431807.762669296,-19,z,z
750,769,-1429308.63208309,-968257.178418259,-461051.453664834,-19,z,z
751,770,-1284920.59922907,-1010355.31661036,-274565.28261871,-19,z,z
752,771,-1465051.95408568,-1052453.45480246,-412598.499283222,-19,z,z
753,772,-1204346.99809164,-757766.487457768,-446580.510633872,-19,z,z
754,773,-1802182.06832248,-799864.625649866,-1002317.44267261,-19,z,z
755,774,-451057.559164979,-841962.763841964,390905.204676986,-19,z,z
756,775,-1016588.33869419,-884060.902034063,-132527.436660126,-19,z,z
757,776,-1006775.06837087,-926159.040226161,-80616.0281447134,-19,z,z
758,777,-942607.03417951,-968257.178418259,25650.1442387486,-19,z,z
759,778,-1586845.17997189,-1010355.31661036,-576489.863361534,-19,z,z
760,779,-867301.573582743,-1052453.45480246,185151.881219713,-19,z,z
761,780,-1789488.20097728,-757766.487457768,-1031721.71351951,-19,z,z
762,781,-1846934.27052156,-799864.625649866,-1047069.6448717,-19,z,z
763,782,-978649.754442668,-841962.763841964,-136686.990600703,-19,z,z
764,783,-543164.882600876,-884060.902034063,340896.019433187,-19,z,z
765,784,-1074222.42713917,-926159.040226161,-148063.386913013,-19,z,z
766,785,-1245137.14988326,-968257.178418259,-276879.971465003,-19,z,z
767,786,-1151280.75108938,-1010355.31661036,-140925.434479018,-19,z,z
768,787,-1182692.44718276,-1052453.45480246,-130238.992380301,-19,z,z
769,788,-1238546.88302381,-757766.487457768,-480780.395566047,-19,z,z
770,789,-2052156.49827847,-799864.625649866,-1252291.8726286,-19,z,z
771,790,-1104975.36299202,-841962.763841964,-263012.599150054,-19,z,z
772,791,-741098.715419436,-884060.902034063,142962.186614627,-19,z,z
773,792,-861757.262202313,-926159.040226161,64401.7780238477,-19,z,z
774,793,-634979.860037356,-968257.178418259,333277.318380903,-19,z,z
775,794,-1462103.07380032,-1010355.31661036,-451747.757189965,-19,z,z
776,795,-1425297.77424173,-1052453.45480246,-372844.319439277,-19,z,z
777,796,-253236.063354152,-757766.487457768,504530.424103616,-19,z,z
778,797,-872608.082695303,-799864.625649866,-72743.457045437,-19,z,z
779,798,-760600.272289761,-841962.763841964,81362.4915522037,-19,z,z
780,799,-169348.078264179,-884060.902034063,714712.823769884,-19,z,z
781,800,-788340.899713433,-926159.040226161,137818.140512728,-19,z,z
782,801,-869235.166587012,-968257.178418259,99022.0118312465,-19,z,z
783,802,-841962.763841964,-1010355.31661036,168392.552768393,-19,z,z
784,803,-1561209.05918895,-1052453.45480246,-508755.60438649,-19,z,z
785,804,-1158128.11800851,-757766.487457768,-400361.630550747,-19,z,z
786,805,-1038058.27080258,-799864.625649866,-238193.645152714,-19,z,z
787,806,-629465.480172359,-841962.763841964,212497.283669605,-19,z,z
788,807,-1293301.71704329,-884060.902034063,-409240.81500923,-19,z,z
789,808,-1361246.31626961,-926159.040226161,-435087.276043451,-19,z,z
790,809,-1223733.90402768,-968257.178418259,-255476.725609424,-19,z,z
791,810,-1395287.57531969,-1010355.31661036,-384932.258709336,-19,z,z
792,811,-1146997.14103966,-1052453.45480246,-94543.6862372016,-19,z,z
793,812,-1716363.87459284,-757766.487457768,-958597.387135069,-19,z,z
794,813,-429578.62777617,-799864.625649866,370285.997873696,-19,z,z
795,814,-968179.370184941,-841962.763841964,-126216.606342977,-19,z,z
796,815,-958833.398448452,-884060.902034063,-74772.496414389,-19,z,z
797,816,-897720.984932867,-926159.040226161,28438.0552932937,-19,z,z
798,817,-1511281.12378275,-968257.178418259,-543023.945364494,-19,z,z
799,818,-826001.498650231,-1010355.31661036,184353.817960126,-19,z,z
800,819,-1704274.47712122,-1052453.45480246,-651821.022318761,-19,z,z
801,820,-1758985.01954434,-757766.487457768,-1001218.53208658,-19,z,z
802,821,-932047.385183493,-799864.625649866,-132182.759533627,-19,z,z
803,822,-517299.88819131,-841962.763841964,324662.875650654,-19,z,z
804,823,-1023068.97822778,-884060.902034063,-139008.076193722,-19,z,z
805,824,-1185844.90465073,-926159.040226161,-259685.864424565,-19,z,z
806,825,-1096457.85818036,-968257.178418259,-128200.679762099,-19,z,z
807,826,-1126373.75922167,-1010355.31661036,-116018.442611316,-19,z,z
808,827,-1179568.46002268,-1052453.45480246,-127115.005220225,-19,z,z
809,828,-1954434.76026521,-757766.487457768,-1196668.27280744,-19,z,z
810,829,-1052357.48856383,-799864.625649866,-252492.862913961,-19,z,z
811,830,-705808.300399463,-841962.763841964,136154.463442502,-19,z,z
812,831,-820721.202097441,-884060.902034063,63339.6999366215,-19,z,z
813,832,-604742.723845101,-926159.040226161,321416.31638106,-19,z,z
814,833,-1392479.11790507,-968257.178418259,-424221.93948681,-19,z,z
815,834,-1357426.45165879,-1010355.31661036,-347071.135048436,-19,z,z
816,835,-241177.20319443,-1052453.45480246,811276.251608025,-19,z,z
817,836,-831055.31685267,-757766.487457768,-73288.8293949018,-19,z,z
818,837,-724381.211704534,-799864.625649866,75483.4139453321,-19,z,z
819,838,-161283.884061122,-841962.763841964,680678.879780842,-19,z,z
820,839,-748923.854727761,-884060.902034063,135137.047306302,-19,z,z
821,840,-825773.408257662,-926159.040226161,100385.631968499,-19,z,z
822,841,-799864.625649866,-968257.178418259,168392.552768393,-19,z,z
823,842,-1483148.6062295,-1010355.31661036,-472793.289619141,-19,z,z
824,843,-1100221.71210809,-1052453.45480246,-47768.2573056335,-19,z,z
825,844,-986155.357262451,-757766.487457768,-228388.869804683,-19,z,z
826,845,-597992.206163741,-799864.625649866,201872.419486125,-19,z,z
827,846,-1228636.63119113,-841962.763841964,-386673.867349163,-19,z,z
828,847,-1293184.00045613,-884060.902034063,-409123.098422069,-19,z,z
829,848,-1162547.2088263,-926159.040226161,-236388.168600138,-19,z,z
830,849,-1325523.19655371,-968257.178418259,-357266.018135449,-19,z,z
831,850,-1089647.28398767,-1010355.31661036,-79291.967377317,-19,z,z
832,851,-1630545.6808632,-1052453.45480246,-578092.22606074,-19,z,z
833,852,-408099.696387362,-757766.487457768,349666.791070406,-19,z,z
834,853,-919770.401675694,-799864.625649866,-119905.776025828,-19,z,z
835,854,-910891.728526029,-841962.763841964,-68928.9646840645,-19,z,z
836,855,-852834.935686224,-884060.902034063,31225.9663478388,-19,z,z
837,856,-1435717.06759362,-926159.040226161,-509558.027367455,-19,z,z
838,857,-784701.42371772,-968257.178418259,183555.75470054,-19,z,z
839,858,-1619060.75326516,-1010355.31661036,-608705.436654799,-19,z,z
840,859,-1671035.76856713,-1052453.45480246,-618582.313764672,-19,z,z
841,860,-885445.015924318,-757766.487457768,-127678.52846655,-19,z,z
842,861,-491434.893781745,-799864.625649866,308429.731868121,-19,z,z
843,862,-971915.529316395,-841962.763841964,-129952.76547443,-19,z,z
844,863,-1126552.65941819,-884060.902034063,-242491.757384127,-19,z,z
845,864,-1041634.96527134,-926159.040226161,-115475.925045179,-19,z,z
846,865,-1070055.07126059,-968257.178418259,-101797.89284233,-19,z,z
847,866,-1120590.03702155,-1010355.31661036,-110234.720411189,-19,z,z
848,867,-1856713.02225194,-1052453.45480246,-804259.567449489,-19,z,z
849,868,-999739.614135636,-757766.487457768,-241973.126677868,-19,z,z
850,869,-670517.885379489,-799864.625649866,129346.740270377,-19,z,z
851,870,-779685.141992569,-841962.763841964,62277.6218493955,-19,z,z
852,871,-574505.587652846,-884060.902034063,309555.314381216,-19,z,z
853,872,-1322855.16200982,-926159.040226161,-396696.121783654,-19,z,z
854,873,-1289555.12907585,-968257.178418259,-321297.950657594,-19,z,z
855,874,-229118.343034709,-1010355.31661036,781236.973575648,-19,z,z
856,875,-789502.551010036,-1052453.45480246,262950.903792419,-19,z,z
857,876,-688162.151119307,-757766.487457768,69604.3363384606,-19,z,z
858,877,-153219.689858066,-799864.625649866,646644.9357918,-19,z,z
859,878,-709506.809742089,-841962.763841964,132455.954099875,-19,z,z
860,879,-782311.649928311,-884060.902034063,101749.252105751,-19,z,z
861,880,-757766.487457768,-926159.040226161,168392.552768393,-19,z,z
862,881,-1405088.15327005,-968257.178418259,-436830.974851792,-19,z,z
863,882,-1042315.30620766,-1010355.31661036,-31959.9895973061,-19,z,z
864,883,-934252.443722322,-1052453.45480246,118201.011080134,-19,z,z
865,884,-566518.932155123,-757766.487457768,191247.555302645,-19,z,z
866,885,-1163971.54533896,-799864.625649866,-364106.919689097,-19,z,z
867,886,-1225121.68464265,-841962.763841964,-383158.920800686,-19,z,z
868,887,-1101360.51362491,-884060.902034063,-217299.611590852,-19,z,z
869,888,-1255758.81778772,-926159.040226161,-329599.777561563,-19,z,z
870,889,-1032297.42693569,-968257.178418259,-64040.2485174324,-19,z,z
871,890,-1544727.48713355,-1010355.31661036,-534372.170523196,-19,z,z
872,891,-386620.764998553,-1052453.45480246,665832.689803902,-19,z,z
873,892,-871361.433166447,-757766.487457768,-113594.945708679,-19,z,z
874,893,-862950.058603606,-799864.625649866,-63085.4329537402,-19,z,z
875,894,-807948.88643958,-841962.763841964,34013.877402384,-19,z,z
876,895,-1360153.01140448,-884060.902034063,-476092.109370415,-19,z,z
877,896,-743401.348785208,-926159.040226161,182757.691440953,-19,z,z
878,897,-1533847.0294091,-968257.178418259,-565589.850990836,-19,z,z
879,898,-1583086.51758991,-1010355.31661036,-572731.200979553,-19,z,z
880,899,-838842.646665144,-1052453.45480246,213610.808137312,-19,z,z
881,900,-465569.899372179,-757766.487457768,292196.588085589,-19,z,z
882,901,-920762.080405006,-799864.625649866,-120897.454755139,-19,z,z
883,902,-1067260.41418565,-841962.763841964,-225297.650343689,-19,z,z
884,903,-986812.072362322,-884060.902034063,-102751.170328259,-19,z,z
885,904,-1013736.38329951,-926159.040226161,-87577.3430733449,-19,z,z
886,905,-1061611.61402041,-968257.178418259,-93354.4356021537,-19,z,z
887,906,-1758991.28423868,-1010355.31661036,-748635.967628327,-19,z,z
888,907,-947121.739707445,-1052453.45480246,105331.715095011,-19,z,z
889,908,-635227.470359516,-757766.487457768,122539.017098252,-19,z,z
890,909,-738649.081887697,-799864.625649866,61215.5437621692,-19,z,z
891,910,-544268.451460591,-841962.763841964,297694.312381373,-19,z,z
892,911,-1253231.20611456,-884060.902034063,-369170.304080499,-19,z,z
893,912,-1221683.80649291,-926159.040226161,-295524.766266753,-19,z,z
894,913,-217059.482874987,-968257.178418259,751197.695543272,-19,z,z
895,914,-747949.785167403,-1010355.31661036,262405.531442955,-19,z,z
896,915,-651943.090534081,-1052453.45480246,400510.364268375,-19,z,z
897,916,-145155.49565501,-757766.487457768,612610.991802758,-19,z,z
898,917,-54989277.7550119,-799864.625649866,-54189413.129362,-19,z,z
899,918,-60631652.8694441,-841962.763841964,-59789690.1056021,-19,z,z
900,919,-58729402.777977,-884060.902034063,-57845341.875943,-19,z,z
901,920,-108896831.878429,-926159.040226161,-107970672.838203,-19,z,z
902,921,-80781936.2310939,-968257.178418259,-79813679.0526756,-19,z,z
903,922,-72407064.3884799,-1010355.31661036,-71396709.0718696,-19,z,z
904,924,-43907717.242022,-757766.487457768,-43149950.7545643,-20,z,z
905,925,-90210294.7637696,-799864.625649866,-89410430.1381198,-20,z,z
906,926,-94949430.5598054,-841962.763841964,-94107467.7959635,-20,z,z
907,927,-85357939.8059308,-884060.902034063,-84473878.9038968,-20,z,z
908,928,-97323808.3785486,-926159.040226161,-96397649.3383224,-20,z,z
909,929,-80005550.5875161,-968257.178418259,-79037293.4090978,-20,z,z
910,931,-119718880.25285,-757766.487457768,-118961113.765393,-21,z,z
911,932,-29965609.2873879,-799864.625649866,-29165744.661738,-21,z,z
912,933,-67533011.0703996,-841962.763841964,-66691048.3065577,-21,z,z
913,934,-66881129.5417795,-884060.902034063,-65997068.6397454,-21,z,z
914,935,-62618538.6990675,-926159.040226161,-61692379.6588413,-21,z,z
915,937,-105414358.383847,-757766.487457768,-104656591.896389,-22,z,z
916,938,-57616104.5308536,-799864.625649866,-56816239.9052037,-22,z,z
917,939,-118875644.779205,-841962.763841964,-118033682.015363,-22,z,z
918,940,-122691705.113218,-884060.902034063,-121807644.211184,-22,z,z
919,942,-65012805.1165486,-757766.487457768,-64255038.6290909,-23,z,z
920,943,-36084167.2013439,-799864.625649866,-35284302.575694,-23,z,z
921,944,-71361561.2313879,-841962.763841964,-70519598.467546,-23,z,z
922,946,-82715182.0993881,-757766.487457768,-81957415.6119303,-24,z,z
923,947,-76480435.6080799,-799864.625649866,-75680570.9824301,-24,z,z
924,949,-78567069.7057117,-757766.487457768,-77809303.2182539,-25,z,z
925,952,-82277400.086582,-136998594.94383,54721194.857248,-27,z,z
926,953,-136324324.528498,-133485874.560655,-2838449.96784325,-27,z,z
927,954,-73404434.827327,-129973154.17748,56568719.3501527,-27,z,z
928,955,-49232628.9528625,-126460433.794305,77227804.8414421,-27,z,z
929,956,-57247803.8462965,-122947713.411129,65699909.5648329,-27,z,z
930,957,-42183304.9881958,-119434993.027954,77251688.0397585,-27,z,z
931,958,-97127918.4738785,-115922272.644779,18794354.1709006,-27,z,z
932,959,-94682995.0032008,-112409552.261604,17726557.2584032,-27,z,z
933,960,-16824609.9228115,-108896831.878429,92072221.9556174,-27,z,z
934,961,-57968608.3504737,-105384111.495254,47415503.1447801,-27,z,z
935,962,-50528089.5163913,-101871391.112079,51343301.5956874,-27,z,z
936,963,-11252050.9132633,-98358670.7289035,87106619.8156402,-27,z,z
937,964,-906592.034670447,-94845950.3457284,93939358.311058,-27,z,z
938,965,-999620.441575064,-91333229.9625533,90333609.5209782,-27,z,z
939,966,-968257.178418259,-87820509.5793782,86852252.4009599,-27,z,z
940,967,-1795390.41806729,-84307789.196203,82512398.7781357,-27,z,z
941,968,-1331847.33570979,-80795068.8130279,79463221.4773181,-27,z,z
942,969,-1193767.01142297,-77282348.4298528,76088581.4184298,-27,z,z
943,970,-723885.302198213,-73769628.0466776,73045742.7444794,-27,z,z
944,971,-1487296.97459979,-70256907.6635025,68769610.6889027,-27,z,z
945,972,-1565433.26371005,-66744187.2803274,65178754.0166174,-27,z,z
946,973,-1407293.98963183,-63231466.8971523,61824172.9075204,-27,z,z
947,974,-1604580.71161765,-59718746.5139771,58114165.8023595,-27,z,z
948,975,-1319046.71219561,-56206026.130802,54886979.4186064,-27,z,z
949,976,-1973818.45578176,-52693305.7476269,50719487.2918451,-27,z,z
950,977,-494015.421942596,-49180585.3644518,48686569.9425092,-27,z,z
951,978,-1113406.27571268,-45667864.9812766,44554458.705564,-27,z,z
952,979,-1102658.40821572,-42155144.5981015,41052486.1898858,-27,z,z
953,980,-1032379.1326728,-38642424.2149264,37610045.0822536,-27,z,z
954,981,-1737973.29235017,-35129703.8317513,33391730.5394011,-27,z,z
955,982,-949901.723447766,-31616983.4485761,30667081.7251284,-27,z,z
956,983,-1959915.6486894,-28104263.065401,26144347.4167116,-27,z,z
957,984,-2022832.772476,-24591542.6822259,22568709.9097499,-27,z,z
958,985,-1071854.49296102,-21078822.2990508,20006967.8060897,-27,z,z
959,986,-594894.871420007,-17566101.9158756,16971207.0444556,-27,z,z
960,987,-1176529.32496195,-14053381.5327005,12876852.2077386,-27,z,z
961,988,-1363721.64034833,-10540661.1495254,9176939.50917704,-27,z,z
962,989,-1260926.53690741,-7027940.76635025,5767014.22944284,-27,z,z
963,990,-1295329.82310492,-3515220.38317513,2219890.5600702,-27,z,z
964,991,-1356503.72902608,-2500,-1354003.72902608,-27,z,z
965,993,-2247599.97430499,-1405088.15327005,-842511.821034935,-28,z,z
966,994,-1210211.1118484,-1483148.6062295,272937.494381096,-28,z,z
967,995,-811679.545459382,-1561209.05918895,749529.513729563,-28,z,z
968,996,-943829.382412057,-1639269.51214839,695440.129736335,-28,z,z
969,997,-695454.132421866,-1717329.96510784,1021875.83268597,-28,z,z
970,998,-1601350.98559083,-1795390.41806729,194039.432476458,-28,z,z
971,999,-1561040.41940761,-1873450.87102673,312410.451619122,-28,z,z
972,1000,-277353.783673595,-1951511.32398618,1674157.54031259,-28,z,z
973,1001,-955713.61438057,-1405088.15327005,449374.53888948,-28,z,z
974,1002,-833038.393460214,-1483148.6062295,650110.212769284,-28,z,z
975,1003,-185476.466670291,-1561209.05918895,1375732.59251865,-28,z,z
976,1004,-867174.989684776,-1639269.51214839,772094.522463617,-28,z,z
977,1005,-956158.683245714,-1717329.96510784,761171.281862126,-28,z,z
978,1006,-926159.040226161,-1795390.41806729,869231.377841126,-28,z,z
979,1007,-1717329.96510784,-1873450.87102673,156120.905918894,-28,z,z
980,1008,-1273940.92980937,-1951511.32398618,677570.394176815,-28,z,z
981,1009,-1141864.09788284,-1405088.15327005,263224.055387213,-28,z,z
982,1010,-692412.028189595,-1483148.6062295,790736.578039903,-28,z,z
983,1011,-1422631.88874762,-1561209.05918895,138577.170441323,-28,z,z
984,1012,-1497370.94789657,-1639269.51214839,141898.564251819,-28,z,z
985,1013,-1346107.29443045,-1717329.96510784,371222.670677389,-28,z,z
986,1014,-1534816.33285166,-1795390.41806729,260574.085215624,-28,z,z
987,1015,-1261696.85514362,-1873450.87102673,611754.015883111,-28,z,z
988,1016,-1888000.26205212,-1951511.32398618,63511.0619340602,-28,z,z
989,1017,-472536.490553787,-1405088.15327005,932551.662716263,-28,z,z
990,1018,-1064997.30720344,-1483148.6062295,418151.299026063,-28,z,z
991,1019,-1054716.7382933,-1561209.05918895,506492.320895648,-28,z,z
992,1020,-987493.083426154,-1639269.51214839,651776.428722238,-28,z,z
993,1021,-1662409.23616103,-1717329.96510784,54920.7289468111,-28,z,z
994,1022,-908601.648515254,-1795390.41806729,886788.769552033,-28,z,z
995,1023,-1874701.92483334,-1873450.87102673,-1251.05380660458,-28,z,z
996,1024,-1934883.52149878,-1951511.32398618,16627.8024874018,-28,z,z
997,1025,-1025252.12370184,-1405088.15327005,379836.029568208,-28,z,z
998,1026,-569029.877010441,-1483148.6062295,914118.729219056,-28,z,z
999,1027,-1125375.87605056,-1561209.05918895,435833.183138383,-28,z,z
1000,1028,-1304429.3951158,-1639269.51214839,334840.117032594,-28,z,z
1001,1029,-1206103.64399839,-1717329.96510784,511226.321109446,-28,z,z
1002,1030,-1239011.13514384,-1795390.41806729,556379.282923447,-28,z,z
1003,1031,-1297525.30602495,-1873450.87102673,575925.565001785,-28,z,z
1004,1032,-2149878.23629173,-1951511.32398618,-198366.912305544,-28,z,z
1005,1033,-1157593.23742021,-1405088.15327005,247494.91584984,-28,z,z
1006,1034,-776389.130439409,-1483148.6062295,706759.475790089,-28,z,z
1007,1035,-902793.322307185,-1561209.05918895,658415.73688176,-28,z,z
1008,1036,-665216.996229611,-1639269.51214839,974052.515918781,-28,z,z
1009,1037,-1531727.02969558,-1717329.96510784,185602.935412264,-28,z,z
1010,1038,-1493169.09682467,-1795390.41806729,302221.321242615,-28,z,z
1011,1039,-265294.923513874,-1873450.87102673,1608155.94751286,-28,z,z
1012,1040,-914160.848537937,-1951511.32398618,1037350.47544824,-28,z,z
1013,1041,-796819.332874988,-1405088.15327005,608268.820395063,-28,z,z
1014,1042,-177412.272467235,-1483148.6062295,1305736.33376226,-28,z,z
1015,1043,-827757.944699104,-1561209.05918895,733451.114489841,-28,z,z
1016,1044,-912696.924916363,-1639269.51214839,726572.587232029,-28,z,z
1017,1045,-884060.902034063,-1717329.96510784,833269.063073777,-28,z,z
1018,1046,-1639269.51214839,-1795390.41806729,156120.905918895,-28,z,z
1019,1047,-1216034.52390894,-1873450.87102673,657416.347117794,-28,z,z
1020,1048,-1089961.18434271,-1951511.32398618,861550.139643473,-28,z,z
1021,1049,-660938.754180977,-1405088.15327005,744149.399089074,-28,z,z
1022,1050,-1357966.80289546,-1483148.6062295,125181.803334041,-28,z,z
1023,1051,-1429308.63208309,-1561209.05918895,131900.427105852,-28,z,z
1024,1052,-1284920.59922907,-1639269.51214839,354348.912919326,-28,z,z
1025,1053,-1465051.95408568,-1717329.96510784,252278.011022162,-28,z,z
1026,1054,-1204346.99809164,-1795390.41806729,591043.419975647,-28,z,z
1027,1055,-1802182.06832248,-1873450.87102673,71268.8027042546,-28,z,z
1028,1056,-451057.559164979,-1951511.32398618,1500453.7648212,-28,z,z
1029,1057,-1016588.33869419,-1405088.15327005,388499.814575862,-28,z,z
1030,1058,-1006775.06837087,-1483148.6062295,476373.537858624,-28,z,z
1031,1059,-942607.03417951,-1561209.05918895,618602.025009435,-28,z,z
1032,1060,-1586845.17997189,-1639269.51214839,52424.3321765014,-28,z,z
1033,1061,-867301.573582743,-1717329.96510784,850028.391525097,-28,z,z
1034,1062,-1789488.20097728,-1795390.41806729,5902.21709000901,-28,z,z
1035,1063,-1846934.27052156,-1873450.87102673,26516.6005051716,-28,z,z
1036,1064,-978649.754442668,-1951511.32398618,972861.569543514,-28,z,z
1037,1065,-543164.882600876,-1405088.15327005,861923.270669175,-28,z,z
1038,1066,-1074222.42713917,-1483148.6062295,408926.179090324,-28,z,z
1039,1067,-1245137.14988326,-1561209.05918895,316071.909305683,-28,z,z
1040,1068,-1151280.75108938,-1639269.51214839,487988.761059017,-28,z,z
1041,1069,-1182692.44718276,-1717329.96510784,534637.517925083,-28,z,z
1042,1070,-1238546.88302381,-1795390.41806729,556843.535043472,-28,z,z
1043,1071,-2052156.49827847,-1873450.87102673,-178705.627251731,-28,z,z
1044,1072,-1104975.36299202,-1951511.32398618,846535.960994163,-28,z,z
1045,1073,-741098.715419436,-1405088.15327005,663989.437850615,-28,z,z
1046,1074,-861757.262202313,-1483148.6062295,621391.344027185,-28,z,z
1047,1075,-634979.860037356,-1561209.05918895,926229.199151589,-28,z,z
1048,1076,-1462103.07380032,-1639269.51214839,177166.43834807,-28,z,z
1049,1077,-1425297.77424173,-1717329.96510784,292032.190866107,-28,z,z
1050,1078,-253236.063354152,-1795390.41806729,1542154.35471313,-28,z,z
1051,1079,-872608.082695303,-1873450.87102673,1000842.78833143,-28,z,z
1052,1080,-760600.272289761,-1951511.32398618,1190911.05169642,-28,z,z
1053,1081,-169348.078264179,-1405088.15327005,1235740.07500587,-28,z,z
1054,1082,-788340.899713433,-1483148.6062295,694807.706516065,-28,z,z
1055,1083,-869235.166587012,-1561209.05918895,691973.892601933,-28,z,z
1056,1084,-841962.763841964,-1639269.51214839,797306.748306428,-28,z,z
1057,1085,-1561209.05918895,-1717329.96510784,156120.905918895,-28,z,z
1058,1086,-1158128.11800851,-1795390.41806729,637262.300058772,-28,z,z
1059,1087,-1038058.27080258,-1873450.87102673,835392.600224154,-28,z,z
1060,1088,-629465.480172359,-1951511.32398618,1322045.84381382,-28,z,z
1061,1089,-1293301.71704329,-1405088.15327005,111786.436226758,-28,z,z
1062,1090,-1361246.31626961,-1483148.6062295,121902.289959886,-28,z,z
1063,1091,-1223733.90402768,-1561209.05918895,337475.155161263,-28,z,z
1064,1092,-1395287.57531969,-1639269.51214839,243981.936828699,-28,z,z
1065,1093,-1146997.14103966,-1717329.96510784,570332.824068183,-28,z,z
1066,1094,-1716363.87459284,-1795390.41806729,79026.5434744496,-28,z,z
1067,1095,-429578.62777617,-1873450.87102673,1443872.24325056,-28,z,z
1068,1096,-968179.370184941,-1951511.32398618,983331.95380124,-28,z,z
1069,1097,-958833.398448452,-1405088.15327005,446254.754821599,-28,z,z
1070,1098,-897720.984932867,-1483148.6062295,585427.621296631,-28,z,z
1071,1099,-1511281.12378275,-1561209.05918895,49927.935406192,-28,z,z
1072,1100,-826001.498650231,-1639269.51214839,813268.013498161,-28,z,z
1073,1101,-1704274.47712122,-1717329.96510784,13055.4879866228,-28,z,z
1074,1102,-1758985.01954434,-1795390.41806729,36405.3985229419,-28,z,z
1075,1103,-932047.385183493,-1873450.87102673,941403.485843241,-28,z,z
1076,1104,-517299.88819131,-1951511.32398618,1434211.43579487,-28,z,z
1077,1105,-1023068.97822778,-1405088.15327005,382019.175042267,-28,z,z
1078,1106,-1185844.90465073,-1483148.6062295,297303.701578772,-28,z,z
1079,1107,-1096457.85818036,-1561209.05918895,464751.201008587,-28,z,z
1080,1108,-1126373.75922167,-1639269.51214839,512895.752926719,-28,z,z
1081,1109,-1179568.46002268,-1717329.96510784,537761.505085159,-28,z,z
1082,1110,-1954434.76026521,-1795390.41806729,-159044.342197918,-28,z,z
1083,1111,-1052357.48856383,-1873450.87102673,821093.382462907,-28,z,z
1084,1112,-705808.300399463,-1951511.32398618,1245703.02358672,-28,z,z
1085,1113,-820721.202097441,-1405088.15327005,584366.95117261,-28,z,z
1086,1114,-604742.723845101,-1483148.6062295,878405.882384397,-28,z,z
1087,1115,-1392479.11790507,-1561209.05918895,168729.941283877,-28,z,z
1088,1116,-1357426.45165879,-1639269.51214839,281843.060489599,-28,z,z
1089,1117,-241177.20319443,-1717329.96510784,1476152.76191341,-28,z,z
1090,1118,-831055.31685267,-1795390.41806729,964335.101214617,-28,z,z
1091,1119,-724381.211704534,-1873450.87102673,1149069.6593222,-28,z,z
1092,1120,-161283.884061122,-1951511.32398618,1790227.43992506,-28,z,z
1093,1121,-748923.854727761,-1405088.15327005,656164.29854229,-28,z,z
1094,1122,-825773.408257662,-1483148.6062295,657375.197971836,-28,z,z
1095,1123,-799864.625649866,-1561209.05918895,761344.433539079,-28,z,z
1096,1124,-1483148.6062295,-1639269.51214839,156120.905918895,-28,z,z
1097,1125,-1100221.71210809,-1717329.96510784,617108.252999751,-28,z,z
1098,1126,-986155.357262451,-1795390.41806729,809235.060804836,-28,z,z
1099,1127,-597992.206163741,-1873450.87102673,1275458.66486299,-28,z,z
1100,1128,-1228636.63119113,-1951511.32398618,722874.692795054,-28,z,z
1101,1129,-1293184.00045613,-1405088.15327005,111904.152813919,-28,z,z
1102,1130,-1162547.2088263,-1483148.6062295,320601.397403199,-28,z,z
1103,1131,-1325523.19655371,-1561209.05918895,235685.862635237,-28,z,z
1104,1132,-1089647.28398767,-1639269.51214839,549622.228160718,-28,z,z
1105,1133,-1630545.6808632,-1717329.96510784,86784.2842446442,-28,z,z
1106,1134,-408099.696387362,-1795390.41806729,1387290.72167992,-28,z,z
1107,1135,-919770.401675694,-1873450.87102673,953680.46935104,-28,z,z
1108,1136,-910891.728526029,-1951511.32398618,1040619.59546015,-28,z,z
1109,1137,-852834.935686224,-1405088.15327005,552253.217583827,-28,z,z
1110,1138,-1435717.06759362,-1483148.6062295,47431.5386358821,-28,z,z
1111,1139,-784701.42371772,-1561209.05918895,776507.635471226,-28,z,z
1112,1140,-1619060.75326516,-1639269.51214839,20208.7588832362,-28,z,z
1113,1141,-1671035.76856713,-1717329.96510784,46294.1965407119,-28,z,z
1114,1142,-885445.015924318,-1795390.41806729,909945.402142969,-28,z,z
1115,1143,-491434.893781745,-1873450.87102673,1382015.97724499,-28,z,z
1116,1144,-971915.529316395,-1951511.32398618,979595.794669787,-28,z,z
1117,1145,-1126552.65941819,-1405088.15327005,278535.493851861,-28,z,z
1118,1146,-1041634.96527134,-1483148.6062295,441513.640958158,-28,z,z
1119,1147,-1070055.07126059,-1561209.05918895,491153.987928356,-28,z,z
1120,1148,-1120590.03702155,-1639269.51214839,518679.475126846,-28,z,z
1121,1149,-1856713.02225194,-1717329.96510784,-139383.057144105,-28,z,z
1122,1150,-999739.614135636,-1795390.41806729,795650.803931651,-28,z,z
1123,1151,-670517.885379489,-1873450.87102673,1202932.98564724,-28,z,z
1124,1152,-779685.141992569,-1951511.32398618,1171826.18199361,-28,z,z
1125,1153,-574505.587652846,-1405088.15327005,830582.565617204,-28,z,z
1126,1154,-1322855.16200982,-1483148.6062295,160293.444219683,-28,z,z
1127,1155,-1289555.12907585,-1561209.05918895,271653.930113092,-28,z,z
1128,1156,-229118.343034709,-1639269.51214839,1410151.16911368,-28,z,z
1129,1157,-789502.551010036,-1717329.96510784,927827.414097803,-28,z,z
1130,1158,-688162.151119307,-1795390.41806729,1107228.26694798,-28,z,z
1131,1159,-153219.689858066,-1873450.87102673,1720231.18116867,-28,z,z
1132,1160,-709506.809742089,-1951511.32398618,1242004.51424409,-28,z,z
1133,1161,-782311.649928311,-1405088.15327005,622776.503341739,-28,z,z
1134,1162,-757766.487457768,-1483148.6062295,725382.11877173,-28,z,z
1135,1163,-1405088.15327005,-1561209.05918895,156120.905918895,-28,z,z
1136,1164,-1042315.30620766,-1639269.51214839,596954.205940729,-28,z,z
1137,1165,-934252.443722322,-1717329.96510784,783077.521385518,-28,z,z
1138,1166,-566518.932155123,-1795390.41806729,1228871.48591216,-28,z,z
1139,1167,-1163971.54533896,-1873450.87102673,709479.325687771,-28,z,z
1140,1168,-1225121.68464265,-1951511.32398618,726389.639343531,-28,z,z
1141,1169,-1101360.51362491,-1405088.15327005,303727.639645136,-28,z,z
1142,1170,-1255758.81778772,-1483148.6062295,227389.788441774,-28,z,z
1143,1171,-1032297.42693569,-1561209.05918895,528911.632253254,-28,z,z
1144,1172,-1544727.48713355,-1639269.51214839,94542.0250148387,-28,z,z
1145,1173,-386620.764998553,-1717329.96510784,1330709.20010929,-28,z,z
1146,1174,-871361.433166447,-1795390.41806729,924028.98490084,-28,z,z
1147,1175,-862950.058603606,-1873450.87102673,1010500.81242313,-28,z,z
1148,1176,-807948.88643958,-1951511.32398618,1143562.4375466,-28,z,z
1149,1177,-1360153.01140448,-1405088.15327005,44935.1418655727,-28,z,z
1150,1178,-743401.348785208,-1483148.6062295,739747.25744429,-28,z,z
1151,1179,-1533847.0294091,-1561209.05918895,27362.0297798498,-28,z,z
1152,1180,-1583086.51758991,-1639269.51214839,56182.9945584817,-28,z,z
1153,1181,-838842.646665144,-1717329.96510784,878487.318442696,-28,z,z
1154,1182,-465569.899372179,-1795390.41806729,1329820.51869511,-28,z,z
1155,1183,-920762.080405006,-1873450.87102673,952688.790621728,-28,z,z
1156,1184,-1067260.41418565,-1951511.32398618,884250.909800528,-28,z,z
1157,1185,-986812.072362322,-1405088.15327005,418276.080907729,-28,z,z
1158,1186,-1013736.38329951,-1483148.6062295,469412.222929992,-28,z,z
1159,1187,-1061611.61402041,-1561209.05918895,499597.445168533,-28,z,z
1160,1188,-1758991.28423868,-1639269.51214839,-119721.772090292,-28,z,z
1161,1189,-947121.739707445,-1717329.96510784,770208.225400395,-28,z,z
1162,1190,-635227.470359516,-1795390.41806729,1160162.94770777,-28,z,z
1163,1191,-738649.081887697,-1873450.87102673,1134801.78913904,-28,z,z
1164,1192,-544268.451460591,-1951511.32398618,1407242.87252559,-28,z,z
1165,1193,-1253231.20611456,-1405088.15327005,151856.947155489,-28,z,z
1166,1194,-1221683.80649291,-1483148.6062295,261464.799736584,-28,z,z
1167,1195,-217059.482874987,-1561209.05918895,1344149.57631396,-28,z,z
1168,1196,-747949.785167403,-1639269.51214839,891319.72698099,-28,z,z
1169,1197,-651943.090534081,-1717329.96510784,1065386.87457376,-28,z,z
1170,1198,-145155.49565501,-1795390.41806729,1650234.92241228,-28,z,z
1171,1199,-53215510.7306567,-1873450.87102673,-51342059.85963,-28,z,z
1172,1200,-58675873.7446233,-1951511.32398618,-56724362.4206372,-28,z,z
1173,1201,-56834986.5593326,-1405088.15327005,-55429898.4060625,-28,z,z
1174,1202,-105384111.495254,-1483148.6062295,-103900962.889024,-28,z,z
1175,1203,-78176147.9655747,-1561209.05918895,-76614938.9063858,-28,z,z
1176,1204,-70071433.2791741,-1639269.51214839,-68432163.7670257,-28,z,z
1177,1205,-42491419.9116342,-1717329.96510784,-40774089.9465264,-28,z,z
1178,1206,-87300365.9004222,-1795390.41806729,-85504975.4823549,-28,z,z
1179,1207,-91886626.3481988,-1873450.87102673,-90013175.4771721,-28,z,z
1180,1208,-82604538.5218685,-1951511.32398618,-80653027.1978824,-28,z,z
1181,1209,-94184411.3340793,-1405088.15327005,-92779323.1808092,-28,z,z
1182,1210,-77424807.0201768,-1483148.6062295,-75941658.4139473,-28,z,z
1183,1211,-115857061.535017,-1561209.05918895,-114295852.475828,-28,z,z
1184,1212,-28999057.3748915,-1639269.51214839,-27359787.8627431,-28,z,z
1185,1213,-65354607.4874835,-1717329.96510784,-63637277.5223757,-28,z,z
1186,1214,-64723754.3952705,-1795390.41806729,-62928363.9772032,-28,z,z
1187,1215,-60598666.4829685,-1873450.87102673,-58725215.6119418,-28,z,z
1188,1216,-102013975.855336,-1951511.32398618,-100062464.53135,-28,z,z
1189,1217,-55757601.1588906,-1405088.15327005,-54352513.0056205,-28,z,z
1190,1218,-115041027.205682,-1483148.6062295,-113557878.599453,-28,z,z
1191,1219,-118733988.819243,-1561209.05918895,-117172779.760054,-28,z,z
1192,1220,-62915698.4998858,-1639269.51214839,-61276428.9877374,-28,z,z
1193,1221,-34920242.4529134,-1717329.96510784,-33202912.4878056,-28,z,z
1194,1222,-69059656.0303754,-1795390.41806729,-67264265.6123081,-28,z,z
1195,1223,-80047031.063924,-1873450.87102673,-78173580.1928972,-28,z,z
1196,1224,-74013405.4271741,-1951511.32398618,-72061894.1031879,-28,z,z
1197,1225,-76032728.7474629,-1405088.15327005,-74627640.5941929,-28,z,z
1198,1226,-79623371.0515309,-1483148.6062295,-78140222.4453014,-28,z,z
1199,1227,-131926846.317901,-1561209.05918895,-130365637.258712,-28,z,z
1200,1228,-71036630.4780583,-1639269.51214839,-69397360.9659099,-28,z,z
1201,1229,-47644560.2769637,-1717329.96510784,-45927230.3118559,-28,z,z
1202,1230,-55401181.1415773,-1795390.41806729,-53605790.72351,-28,z,z
1203,1231,-40822633.8595443,-1873450.87102673,-38949182.9885176,-28,z,z
1204,1232,-93994840.4585921,-1951511.32398618,-92043329.1346059,-28,z,z
1205,1233,-91628785.4869685,-1405088.15327005,-90223697.3336985,-28,z,z
1206,1234,-16281961.2156241,-1483148.6062295,-14798812.6093946,-28,z,z
1207,1235,-56098733.8875552,-1561209.05918895,-54537524.8283663,-28,z,z
1208,1236,-48898231.790056,-1639269.51214839,-47258962.2779077,-28,z,z
1209,1237,-10889162.1741258,-1717329.96510784,-9171832.20901792,-28,z,z
1210,1238,-946009.079656119,-1795390.41806729,849381.338411168,-28,z,z
1211,1239,-1043082.19990441,-1873450.87102673,830368.671122319,-28,z,z
1212,1241,-1010355.31661036,-1405088.15327005,394732.836659693,-29,z,z
1213,1242,-1873450.87102673,-1483148.6062295,-390302.264797236,-29,z,z
1214,1243,-1389753.74161022,-1561209.05918895,171455.317578727,-29,z,z
1215,1244,-1245669.9249631,-1639269.51214839,393599.587185297,-29,z,z
1216,1245,-755358.576206831,-1717329.96510784,961971.388901009,-29,z,z
1217,1246,-1551962.06045195,-1795390.41806729,243428.357615336,-29,z,z
1218,1248,-1633495.57952353,-1405088.15327005,-228407.426253484,-30,z,z
1219,1249,-1468480.68483322,-1483148.6062295,14667.9213962788,-30,z,z
1220,1250,-1674345.09038363,-1561209.05918895,-113136.031194687,-30,z,z
1221,1251,-1376396.56924759,-1639269.51214839,262872.942900804,-30,z,z
1222,1252,-2059636.64951141,-1717329.96510784,-342306.684403565,-30,z,z
1223,1254,-515494.353331404,-1405088.15327005,889593.799938646,-31,z,z
1224,1255,-1161815.24422193,-1483148.6062295,321333.362007568,-31,z,z
1225,1256,-1150600.07813814,-1561209.05918895,410608.981050803,-31,z,z
1226,1257,-1077265.18191944,-1639269.51214839,562004.330228952,-31,z,z
1227,1259,-1813537.3485393,-1405088.15327005,-408449.195269253,-32,z,z
1228,1260,-991201.798380277,-1483148.6062295,491946.807849221,-32,z,z
1229,1261,-2045129.37254546,-1561209.05918895,-483920.313356515,-32,z,z
1230,1263,-2110782.02345321,-1405088.15327005,-705693.870183164,-33,z,z
1231,1264,-1118456.86222019,-1483148.6062295,364691.744009306,-33,z,z
1232,1266,-620759.865829572,-1405088.15327005,784328.287440478,-34,z,z
1233,1269,-1227682.77387334,-101628242.355247,100400559.581374,-36,z,z
1234,1270,-1423013.88558087,-99022454.089728,97599440.2041471,-36,z,z
1235,1271,-1315749.42981643,-96416665.8242088,95100916.3943924,-36,z,z
1236,1272,-1351648.51106601,-93810877.5586897,92459229.0476237,-36,z,z
1237,1273,-1415482.15202722,-91205089.2931705,89789607.1411433,-36,z,z
1238,1274,-2345321.71231825,-88599301.0276514,86253979.3153331,-36,z,z
1239,1275,-1262828.98627659,-85993512.7621322,84730683.7758556,-36,z,z
1240,1276,-846969.960479355,-83387724.4966131,82540754.5361337,-36,z,z
1241,1277,-984865.442516929,-80781936.2310939,79797070.788577,-36,z,z
1242,1278,-725691.268614122,-78176147.9655747,77450456.6969606,-36,z,z
1243,1279,-1670974.94148608,-75570359.7000556,73899384.7585695,-36,z,z
1244,1280,-1628911.74199055,-72964571.4345364,71335659.6925459,-36,z,z
1245,1281,-289412.643833317,-70358783.1690173,70069370.525184,-36,z,z
1246,1282,-997266.380223204,-67752994.9034981,66755728.5232749,-36,z,z
1247,1283,-869257.454045441,-65147206.6379789,64277949.1839335,-36,z,z
1248,1284,-193540.660873347,-62541418.3724598,62347877.7115864,-36,z,z
1249,1285,-906592.034670447,-59935630.1069406,59029038.0722702,-36,z,z
1250,1286,-999620.441575064,-57329841.8414215,56330221.3998464,-36,z,z
1251,1287,-968257.178418259,-54724053.5759023,53755796.3974841,-36,z,z
1252,1288,-1795390.41806729,-52118265.3103832,50322874.8923159,-36,z,z
1253,1289,-1331847.33570979,-49512477.044864,48180629.7091542,-36,z,z
1254,1290,-1193767.01142297,-46906688.7793448,45712921.7679219,-36,z,z
1255,1291,-723885.302198213,-44300900.5138257,43577015.2116275,-36,z,z
1256,1292,-1487296.97459979,-41695112.2483065,40207815.2737067,-36,z,z
1257,1293,-1565433.26371005,-39089323.9827874,37523890.7190773,-36,z,z
1258,1294,-1407293.98963183,-36483535.7172682,35076241.7276364,-36,z,z
1259,1295,-1604580.71161765,-33877747.4517491,32273166.7401314,-36,z,z
1260,1296,-1319046.71219561,-31271959.1862299,29952912.4740343,-36,z,z
1261,1297,-1973818.45578176,-28666170.9207107,26692352.464929,-36,z,z
1262,1298,-494015.421942596,-26060382.6551916,25566367.233249,-36,z,z
1263,1299,-1113406.27571268,-23454594.3896724,22341188.1139597,-36,z,z
1264,1300,-1102658.40821572,-20848806.1241533,19746147.7159375,-36,z,z
1265,1301,-1032379.1326728,-18243017.8586341,17210638.7259613,-36,z,z
1266,1302,-1737973.29235017,-15637229.5931149,13899256.3007648,-36,z,z
1267,1303,-949901.723447766,-13031441.3275958,12081539.604148,-36,z,z
1268,1304,-1959915.6486894,-10425653.0620766,8465737.41338723,-36,z,z
1269,1305,-2022832.772476,-7819864.79655747,5797032.02408148,-36,z,z
1270,1306,-1071854.49296102,-5214076.53103832,4142222.0380773,-36,z,z
1271,1307,-594894.871420007,-2608288.26551916,2013393.39409915,-36,z,z
1272,1308,-1176529.32496195,-2500,-1174029.32496195,-36,z,z
1273,1310,-1363721.64034833,-1042315.30620766,-321406.334140671,-37,z,z
1274,1311,-1260926.53690741,-1100221.71210809,-160704.824799322,-37,z,z
1275,1312,-1295329.82310492,-1158128.11800851,-137201.705096409,-37,z,z
1276,1313,-1356503.72902608,-1216034.52390894,-140469.205117142,-37,z,z
1277,1314,-2247599.97430499,-1273940.92980937,-973659.04449562,-37,z,z
1278,1315,-1210211.1118484,-1331847.33570979,121636.223861391,-37,z,z
1279,1316,-811679.545459382,-1389753.74161022,578074.196150836,-37,z,z
1280,1317,-943829.382412057,-1447660.14751064,503830.765098586,-37,z,z
1281,1318,-695454.132421866,-1042315.30620766,346861.173785797,-37,z,z
1282,1319,-1601350.98559083,-1100221.71210809,-501129.27348274,-37,z,z
1283,1320,-1561040.41940761,-1158128.11800851,-402912.301399097,-37,z,z
1284,1321,-277353.783673595,-1216034.52390894,938680.740235345,-37,z,z
1285,1322,-955713.61438057,-1273940.92980937,318227.315428796,-37,z,z
1286,1323,-833038.393460214,-1331847.33570979,498808.942249578,-37,z,z
1287,1324,-185476.466670291,-1389753.74161022,1204277.27493993,-37,z,z
1288,1325,-867174.989684776,-1447660.14751064,580485.157825868,-37,z,z
1289,1326,-956158.683245714,-1042315.30620766,86156.6229619497,-37,z,z
1290,1327,-926159.040226161,-1100221.71210809,174062.671881928,-37,z,z
1291,1328,-1717329.96510784,-1158128.11800851,-559201.847099325,-37,z,z
1292,1329,-1273940.92980937,-1216034.52390894,-57906.4059004258,-37,z,z
1293,1330,-1141864.09788284,-1273940.92980937,132076.831926529,-37,z,z
1294,1331,-692412.028189595,-1331847.33570979,639435.307520197,-37,z,z
1295,1332,-1422631.88874762,-1389753.74161022,-32878.1471374042,-37,z,z
1296,1333,-1497370.94789657,-1447660.14751064,-49710.8003859299,-37,z,z
1297,1334,-1346107.29443045,-1042315.30620766,-303791.988222787,-37,z,z
1298,1335,-1534816.33285166,-1100221.71210809,-434594.620743574,-37,z,z
1299,1336,-1261696.85514362,-1158128.11800851,-103568.737135108,-37,z,z
1300,1337,-1888000.26205212,-1216034.52390894,-671965.738143181,-37,z,z
1301,1338,-472536.490553787,-1273940.92980937,801404.439255579,-37,z,z
1302,1339,-1064997.30720344,-1331847.33570979,266850.028506357,-37,z,z
1303,1340,-1054716.7382933,-1389753.74161022,335037.003316921,-37,z,z
1304,1341,-987493.083426154,-1447660.14751064,460167.06408449,-37,z,z
1305,1342,-1662409.23616103,-1042315.30620766,-620093.929953365,-37,z,z
1306,1343,-908601.648515254,-1100221.71210809,191620.063592835,-37,z,z
1307,1344,-1874701.92483334,-1158128.11800851,-716573.806824824,-37,z,z
1308,1345,-1934883.52149878,-1216034.52390894,-718848.997589839,-37,z,z
1309,1346,-1025252.12370184,-1273940.92980937,248688.806107524,-37,z,z
1310,1347,-569029.877010441,-1331847.33570979,762817.458699351,-37,z,z
1311,1348,-1125375.87605056,-1389753.74161022,264377.865559655,-37,z,z
1312,1349,-1304429.3951158,-1447660.14751064,143230.752394845,-37,z,z
1313,1350,-1206103.64399839,-1042315.30620766,-163788.33779073,-37,z,z
1314,1351,-1239011.13514384,-1100221.71210809,-138789.423035751,-37,z,z
1315,1352,-1297525.30602495,-1158128.11800851,-139397.188016434,-37,z,z
1316,1353,-2149878.23629173,-1216034.52390894,-933843.712382785,-37,z,z
1317,1354,-1157593.23742021,-1273940.92980937,116347.692389156,-37,z,z
1318,1355,-776389.130439409,-1331847.33570979,555458.205270383,-37,z,z
1319,1356,-902793.322307185,-1389753.74161022,486960.419303033,-37,z,z
1320,1357,-665216.996229611,-1447660.14751064,782443.151281032,-37,z,z
1321,1358,-1531727.02969558,-1042315.30620766,-489411.723487912,-37,z,z
1322,1359,-1493169.09682467,-1100221.71210809,-392947.384716583,-37,z,z
1323,1360,-265294.923513874,-1158128.11800851,892833.194494641,-37,z,z
1324,1361,-914160.848537937,-1216034.52390894,301873.675371004,-37,z,z
1325,1362,-796819.332874988,-1273940.92980937,477121.596934379,-37,z,z
1326,1363,-177412.272467235,-1331847.33570979,1154435.06324256,-37,z,z
1327,1364,-827757.944699104,-1389753.74161022,561995.796911114,-37,z,z
1328,1365,-912696.924916363,-1447660.14751064,534963.222594281,-37,z,z
1329,1366,-884060.902034063,-1042315.30620766,158254.404173601,-37,z,z
1330,1367,-1639269.51214839,-1100221.71210809,-539047.800040303,-37,z,z
1331,1368,-1216034.52390894,-1158128.11800851,-57906.4059004258,-37,z,z
1332,1369,-1089961.18434271,-1216034.52390894,126073.339566232,-37,z,z
1333,1370,-660938.754180977,-1273940.92980937,613002.175628389,-37,z,z
1334,1371,-1357966.80289546,-1331847.33570979,-26119.4671856652,-37,z,z
1335,1372,-1429308.63208309,-1389753.74161022,-39554.890472875,-37,z,z
1336,1373,-1284920.59922907,-1447660.14751064,162739.548281577,-37,z,z
1337,1374,-1465051.95408568,-1042315.30620766,-422736.647878014,-37,z,z
1338,1375,-1204346.99809164,-1100221.71210809,-104125.285983551,-37,z,z
1339,1376,-1802182.06832248,-1158128.11800851,-644053.950313965,-37,z,z
1340,1377,-451057.559164979,-1216034.52390894,764976.964743962,-37,z,z
1341,1378,-1016588.33869419,-1273940.92980937,257352.591115178,-37,z,z
1342,1379,-1006775.06837087,-1331847.33570979,325072.267338918,-37,z,z
1343,1380,-942607.03417951,-1389753.74161022,447146.707430707,-37,z,z
1344,1381,-1586845.17997189,-1447660.14751064,-139185.032461247,-37,z,z
1345,1382,-867301.573582743,-1042315.30620766,175013.732624921,-37,z,z
1346,1383,-1789488.20097728,-1100221.71210809,-689266.488869189,-37,z,z
1347,1384,-1846934.27052156,-1158128.11800851,-688806.152513048,-37,z,z
1348,1385,-978649.754442668,-1216034.52390894,237384.769466273,-37,z,z
1349,1386,-543164.882600876,-1273940.92980937,730776.04720849,-37,z,z
1350,1387,-1074222.42713917,-1331847.33570979,257624.908570619,-37,z,z
1351,1388,-1245137.14988326,-1389753.74161022,144616.591726956,-37,z,z
1352,1389,-1151280.75108938,-1447660.14751064,296379.396421268,-37,z,z
1353,1390,-1182692.44718276,-1042315.30620766,-140377.140975093,-37,z,z
1354,1391,-1238546.88302381,-1100221.71210809,-138325.170915726,-37,z,z
1355,1392,-2052156.49827847,-1158128.11800851,-894028.380269951,-37,z,z
1356,1393,-1104975.36299202,-1216034.52390894,111059.160916922,-37,z,z
1357,1394,-741098.715419436,-1273940.92980937,532842.214389931,-37,z,z
1358,1395,-861757.262202313,-1331847.33570979,470090.073507479,-37,z,z
1359,1396,-634979.860037356,-1389753.74161022,754773.881572861,-37,z,z
1360,1397,-1462103.07380032,-1447660.14751064,-14442.9262896786,-37,z,z
1361,1398,-1425297.77424173,-1042315.30620766,-382982.468034069,-37,z,z
1362,1399,-253236.063354152,-1100221.71210809,846985.648753937,-37,z,z
1363,1400,-872608.082695303,-1158128.11800851,285520.035313212,-37,z,z
1364,1401,-760600.272289761,-1216034.52390894,455434.25161918,-37,z,z
1365,1402,-169348.078264179,-1273940.92980937,1104592.85154519,-37,z,z
1366,1403,-788340.899713433,-1331847.33570979,543506.43599636,-37,z,z
1367,1404,-869235.166587012,-1389753.74161022,520518.575023205,-37,z,z
1368,1405,-841962.763841964,-1447660.14751064,605697.383668679,-37,z,z
1369,1406,-1561209.05918895,-1042315.30620766,-518893.752981282,-37,z,z
1370,1407,-1158128.11800851,-1100221.71210809,-57906.4059004258,-37,z,z
1371,1408,-1038058.27080258,-1158128.11800851,120069.847205935,-37,z,z
1372,1409,-629465.480172359,-1216034.52390894,586569.043736582,-37,z,z
1373,1410,-1293301.71704329,-1273940.92980937,-19360.7872339264,-37,z,z
1374,1411,-1361246.31626961,-1331847.33570979,-29398.9805598201,-37,z,z
1375,1412,-1223733.90402768,-1389753.74161022,166019.837582535,-37,z,z
1376,1413,-1395287.57531969,-1447660.14751064,52372.5721909504,-37,z,z
1377,1414,-1146997.14103966,-1042315.30620766,-104681.834831994,-37,z,z
1378,1415,-1716363.87459284,-1100221.71210809,-616142.162484748,-37,z,z
1379,1416,-429578.62777617,-1158128.11800851,728549.490232345,-37,z,z
1380,1417,-968179.370184941,-1216034.52390894,247855.153723999,-37,z,z
1381,1418,-958833.398448452,-1273940.92980937,315107.531360915,-37,z,z
1382,1419,-897720.984932867,-1331847.33570979,434126.350776925,-37,z,z
1383,1420,-1511281.12378275,-1389753.74161022,-121527.382172535,-37,z,z
1384,1421,-826001.498650231,-1447660.14751064,621658.648860413,-37,z,z
1385,1422,-1704274.47712122,-1042315.30620766,-661959.170913554,-37,z,z
1386,1423,-1758985.01954434,-1100221.71210809,-658763.307436256,-37,z,z
1387,1424,-932047.385183493,-1158128.11800851,226080.732825022,-37,z,z
1388,1425,-517299.88819131,-1216034.52390894,698734.63571763,-37,z,z
1389,1426,-1023068.97822778,-1273940.92980937,250871.951581582,-37,z,z
1390,1427,-1185844.90465073,-1331847.33570979,146002.431059066,-37,z,z
1391,1428,-1096457.85818036,-1389753.74161022,293295.88342986,-37,z,z
1392,1429,-1126373.75922167,-1447660.14751064,321286.388288971,-37,z,z
1393,1430,-1179568.46002268,-1042315.30620766,-137253.153815017,-37,z,z
1394,1431,-1954434.76026521,-1100221.71210809,-854213.048157116,-37,z,z
1395,1432,-1052357.48856383,-1158128.11800851,105770.629444687,-37,z,z
1396,1433,-705808.300399463,-1216034.52390894,510226.223509478,-37,z,z
1397,1434,-820721.202097441,-1273940.92980937,453219.727711925,-37,z,z
1398,1435,-604742.723845101,-1331847.33570979,727104.611864691,-37,z,z
1399,1436,-1392479.11790507,-1389753.74161022,-2725.37629485084,-37,z,z
1400,1437,-1357426.45165879,-1447660.14751064,90233.6958518506,-37,z,z
1401,1438,-241177.20319443,-1042315.30620766,801138.103013233,-37,z,z
1402,1439,-831055.31685267,-1100221.71210809,269166.395255419,-37,z,z
1403,1440,-724381.211704534,-1158128.11800851,433746.906303981,-37,z,z
1404,1441,-161283.884061122,-1216034.52390894,1054750.63984782,-37,z,z
1405,1442,-748923.854727761,-1273940.92980937,525017.075081605,-37,z,z
1406,1443,-825773.408257662,-1331847.33570979,506073.92745213,-37,z,z
1407,1444,-799864.625649866,-1389753.74161022,589889.115960352,-37,z,z
1408,1445,-1483148.6062295,-1447660.14751064,-35488.4587188542,-37,z,z
1409,1446,-1100221.71210809,-1042315.30620766,-57906.4059004256,-37,z,z
1410,1447,-986155.357262451,-1100221.71210809,114066.354845638,-37,z,z
1411,1448,-597992.206163741,-1158128.11800851,560135.911844774,-37,z,z
1412,1449,-1228636.63119113,-1216034.52390894,-12602.1072821873,-37,z,z
1413,1450,-1293184.00045613,-1273940.92980937,-19243.0706467652,-37,z,z
1414,1451,-1162547.2088263,-1331847.33570979,169300.126883494,-37,z,z
1415,1452,-1325523.19655371,-1389753.74161022,64230.5450565093,-37,z,z
1416,1453,-1089647.28398767,-1447660.14751064,358012.863522969,-37,z,z
1417,1454,-1630545.6808632,-1042315.30620766,-588230.374655532,-37,z,z
1418,1455,-408099.696387362,-1100221.71210809,692122.015720727,-37,z,z
1419,1456,-919770.401675694,-1158128.11800851,238357.716332821,-37,z,z
1420,1457,-910891.728526029,-1216034.52390894,305142.795382912,-37,z,z
1421,1458,-852834.935686224,-1273940.92980937,421105.994123143,-37,z,z
1422,1459,-1435717.06759362,-1331847.33570979,-103869.731883824,-37,z,z
1423,1460,-784701.42371772,-1389753.74161022,605052.317892498,-37,z,z
1424,1461,-1619060.75326516,-1447660.14751064,-171400.605754513,-37,z,z
1425,1462,-1671035.76856713,-1042315.30620766,-628720.462359464,-37,z,z
1426,1463,-885445.015924318,-1100221.71210809,214776.696183771,-37,z,z
1427,1464,-491434.893781745,-1158128.11800851,666693.22422677,-37,z,z
1428,1465,-971915.529316395,-1216034.52390894,244118.994592546,-37,z,z
1429,1466,-1126552.65941819,-1273940.92980937,147388.270391177,-37,z,z
1430,1467,-1041634.96527134,-1331847.33570979,290212.370438452,-37,z,z
1431,1468,-1070055.07126059,-1389753.74161022,319698.670349628,-37,z,z
1432,1469,-1120590.03702155,-1447660.14751064,327070.110489097,-37,z,z
1433,1470,-1856713.02225194,-1042315.30620766,-814397.716044282,-37,z,z
1434,1471,-999739.614135636,-1100221.71210809,100482.097972453,-37,z,z
1435,1472,-670517.885379489,-1158128.11800851,487610.232629025,-37,z,z
1436,1473,-779685.141992569,-1216034.52390894,436349.381916372,-37,z,z
1437,1474,-574505.587652846,-1273940.92980937,699435.34215652,-37,z,z
1438,1475,-1322855.16200982,-1331847.33570979,8992.17369997688,-37,z,z
1439,1476,-1289555.12907585,-1389753.74161022,100198.612534364,-37,z,z
1440,1477,-229118.343034709,-1447660.14751064,1218541.80447593,-37,z,z
1441,1478,-789502.551010036,-1042315.30620766,252812.755197627,-37,z,z
1442,1479,-688162.151119307,-1100221.71210809,412059.560988782,-37,z,z
1443,1480,-153219.689858066,-1158128.11800851,1004908.42815045,-37,z,z
1444,1481,-709506.809742089,-1216034.52390894,506527.714166851,-37,z,z
1445,1482,-782311.649928311,-1273940.92980937,491629.279881055,-37,z,z
1446,1483,-757766.487457768,-1331847.33570979,574080.848252024,-37,z,z
1447,1484,-1405088.15327005,-1389753.74161022,-15334.4116598328,-37,z,z
1448,1485,-1042315.30620766,-1447660.14751064,405344.84130298,-37,z,z
1449,1486,-934252.443722322,-1042315.30620766,108062.862485342,-37,z,z
1450,1487,-566518.932155123,-1100221.71210809,533702.779952966,-37,z,z
1451,1488,-1163971.54533896,-1158128.11800851,-5843.42733044853,-37,z,z
1452,1489,-1225121.68464265,-1216034.52390894,-9087.16073371028,-37,z,z
1453,1490,-1101360.51362491,-1273940.92980937,172580.416184452,-37,z,z
1454,1491,-1255758.81778772,-1331847.33570979,76088.5179220683,-37,z,z
1455,1492,-1032297.42693569,-1389753.74161022,357456.314674526,-37,z,z
1456,1493,-1544727.48713355,-1447660.14751064,-97067.3396229101,-37,z,z
1457,1494,-386620.764998553,-1042315.30620766,655694.54120911,-37,z,z
1458,1495,-871361.433166447,-1100221.71210809,228860.278941642,-37,z,z
1459,1496,-862950.058603606,-1158128.11800851,295178.059404908,-37,z,z
1460,1497,-807948.88643958,-1216034.52390894,408085.63746936,-37,z,z
1461,1498,-1360153.01140448,-1273940.92980937,-86212.0815951116,-37,z,z
1462,1499,-743401.348785208,-1331847.33570979,588445.986924584,-37,z,z
1463,1500,-1533847.0294091,-1389753.74161022,-144093.287798878,-37,z,z
1464,1501,-1583086.51758991,-1447660.14751064,-135426.370079267,-37,z,z
1465,1502,-838842.646665144,-1042315.30620766,203472.65954252,-37,z,z
1466,1503,-465569.899372179,-1100221.71210809,634651.81273591,-37,z,z
1467,1504,-920762.080405006,-1158128.11800851,237366.037603509,-37,z,z
1468,1505,-1067260.41418565,-1216034.52390894,148774.109723287,-37,z,z
1469,1506,-986812.072362322,-1273940.92980937,287128.857447044,-37,z,z
1470,1507,-1013736.38329951,-1331847.33570979,318110.952410286,-37,z,z
1471,1508,-1061611.61402041,-1389753.74161022,328142.127589805,-37,z,z
1472,1509,-1758991.28423868,-1447660.14751064,-311331.136728041,-37,z,z
1473,1510,-947121.739707445,-1042315.30620766,95193.5665002186,-37,z,z
1474,1511,-635227.470359516,-1100221.71210809,464994.241748573,-37,z,z
1475,1512,-738649.081887697,-1158128.11800851,419479.036120818,-37,z,z
1476,1513,-544268.451460591,-1216034.52390894,671766.072448349,-37,z,z
1477,1514,-1253231.20611456,-1273940.92980937,20709.7236948046,-37,z,z
1478,1515,-1221683.80649291,-1331847.33570979,110163.529216878,-37,z,z
1479,1516,-217059.482874987,-1389753.74161022,1172694.25873523,-37,z,z
1480,1517,-747949.785167403,-1447660.14751064,699710.362343241,-37,z,z
1481,1518,-651943.090534081,-1042315.30620766,390372.215673583,-37,z,z
1482,1519,-145155.49565501,-1100221.71210809,955066.216453079,-37,z,z
1483,1520,-51441743.7063015,-1158128.11800851,-50283615.5882929,-37,z,z
1484,1521,-56720094.6198026,-1216034.52390894,-55504060.0958936,-37,z,z
1485,1522,-54940570.3406882,-1273940.92980937,-53666629.4108788,-37,z,z
1486,1523,-101871391.112079,-1331847.33570979,-100539543.776369,-37,z,z
1487,1524,-75570359.7000556,-1389753.74161022,-74180605.9584454,-37,z,z
1488,1525,-67735802.1698683,-1447660.14751064,-66288142.0223577,-37,z,z
1489,1526,-41075122.5812464,-1042315.30620766,-40032807.2750388,-37,z,z
1490,1527,-84390437.0370748,-1100221.71210809,-83290215.3249667,-37,z,z
1491,1528,-88823822.1365922,-1158128.11800851,-87665694.0185837,-37,z,z
1492,1529,-79851137.2378063,-1216034.52390894,-78635102.7138973,-37,z,z
1493,1530,-91045014.28961,-1273940.92980937,-89771073.3598006,-37,z,z
1494,1531,-74844063.4528376,-1331847.33570979,-73512216.1171278,-37,z,z
1495,1532,-111995242.817183,-1389753.74161022,-110605489.075572,-37,z,z
1496,1533,-28032505.4623951,-1447660.14751064,-26584845.3148845,-37,z,z
1497,1534,-63176203.9045674,-1042315.30620766,-62133888.5983597,-37,z,z
1498,1535,-62566379.2487614,-1100221.71210809,-61466157.5366534,-37,z,z
1499,1536,-58578794.2668696,-1158128.11800851,-57420666.1488611,-37,z,z
1500,1537,-98613593.3268246,-1216034.52390894,-97397558.8029157,-37,z,z
1501,1538,-53899097.7869276,-1273940.92980937,-52625156.8571182,-37,z,z
1502,1539,-111206409.632159,-1331847.33570979,-109874562.29645,-37,z,z
1503,1540,-114776272.525269,-1389753.74161022,-113386518.783658,-37,z,z
1504,1541,-60818591.8832229,-1447660.14751064,-59370931.7357123,-37,z,z
1505,1542,-33756317.704483,-1042315.30620766,-32714002.3982753,-37,z,z
1506,1543,-66757750.8293629,-1100221.71210809,-65657529.1172548,-37,z,z
1507,1544,-77378880.0284598,-1158128.11800851,-76220751.9104513,-37,z,z
1508,1545,-71546375.2462683,-1216034.52390894,-70330340.7223594,-37,z,z
1509,1546,-73498387.7892142,-1273940.92980937,-72224446.8594048,-37,z,z
1510,1547,-76969342.0164799,-1331847.33570979,-75637494.6807701,-37,z,z
1511,1548,-127529368.107305,-1389753.74161022,-126139614.365694,-37,z,z
1512,1549,-68668826.1287897,-1447660.14751064,-67221165.9812791,-37,z,z
1513,1550,-46056491.6010649,-1042315.30620766,-45014176.2948573,-37,z,z
1514,1551,-53554558.436858,-1100221.71210809,-52454336.7247499,-37,z,z
1515,1552,-39461962.7308929,-1158128.11800851,-38303834.6128843,-37,z,z
1516,1553,-90861762.4433057,-1216034.52390894,-89645727.9193968,-37,z,z
1517,1554,-88574575.9707362,-1273940.92980937,-87300635.0409269,-37,z,z
1518,1555,-15739312.5084366,-1331847.33570979,-14407465.1727268,-37,z,z
1519,1556,-54228859.4246367,-1389753.74161022,-52839105.6830265,-37,z,z
1520,1558,-47268374.0637208,-1042315.30620766,-46226058.7575132,-38,z,z
1521,1559,-10526273.4349882,-1100221.71210809,-9426051.72288015,-38,z,z
1522,1560,-985426.124641791,-1158128.11800851,172701.993366724,-38,z,z
1523,1561,-1086543.95823377,-1216034.52390894,129490.565675175,-38,z,z
1524,1562,-1052453.45480246,-1273940.92980937,221487.475006911,-38,z,z
1525,1563,-1951511.32398618,-1331847.33570979,-619663.98827639,-38,z,z
1526,1565,-1447660.14751064,-1042315.30620766,-405344.84130298,-39,z,z
1527,1566,-1297572.83850322,-1100221.71210809,-197351.126395136,-39,z,z
1528,1567,-786831.850215449,-1158128.11800851,371296.267793066,-39,z,z
1529,1568,-1616627.14630412,-1216034.52390894,-400592.622395175,-39,z,z
1530,1569,-1701557.89533702,-1273940.92980937,-427616.965527649,-39,z,z
1531,1571,-1529667.3800346,-1042315.30620766,-487352.07382694,-40,z,z
1532,1572,-1744109.46914962,-1100221.71210809,-643887.757041527,-40,z,z
1533,1573,-1433746.42629957,-1158128.11800851,-275618.308291056,-40,z,z
1534,1574,-2145454.84324105,-1216034.52390894,-929420.319332106,-40,z,z
1535,1576,-536973.284720213,-1042315.30620766,505342.021487451,-41,z,z
1536,1577,-1210224.21273118,-1100221.71210809,-110002.500623087,-41,z,z
1537,1578,-1198541.74806056,-1158128.11800851,-40413.6300520497,-41,z,z
1538,1580,-1122151.23116608,-1042315.30620766,-79835.9249584206,-42,z,z
1539,1581,-1889101.40472844,-1100221.71210809,-788879.692620353,-42,z,z
1540,1583,-1032501.87331279,-1042315.30620766,9813.4328948746,-43,z,z
1541,1586,-2130343.09640152,-91092113.2629264,88961770.1665248,-45,z,z
1542,1587,-2198731.27443043,-88756482.1536206,86557750.8791901,-45,z,z
1543,1588,-1165059.23147937,-86420851.0443148,85255791.8128354,-45,z,z
1544,1589,-646624.860239138,-84085219.9350089,83438595.0747698,-45,z,z
1545,1590,-1278836.22278473,-81749588.8257031,80470752.6029184,-45,z,z
1546,1591,-1482306.13081341,-79413957.7163973,77931651.5855839,-45,z,z
1547,1592,-1370572.32272545,-77078326.6070915,75707754.2843661,-45,z,z
1548,1593,-1407967.19902709,-74742695.4977857,73334728.2987586,-45,z,z
1549,1594,-1474460.57502835,-72407064.3884799,70932603.8134516,-45,z,z
1550,1595,-2443043.45033151,-70071433.2791741,67628389.8288426,-45,z,z
1551,1596,-1315446.86070478,-67735802.1698683,66420355.3091635,-45,z,z
1552,1597,-882260.375499328,-65400171.0605625,64517910.6850632,-45,z,z
1553,1598,-1025901.5026218,-63064539.9512567,62038638.4486349,-45,z,z
1554,1599,-755928.404806377,-60728908.8419509,59972980.4371445,-45,z,z
1555,1600,-1740598.89738134,-58393277.7326451,56652678.8352638,-45,z,z
1556,1601,-1696783.06457349,-56057646.6233393,54360863.5587658,-45,z,z
1557,1602,-301471.503993038,-53722015.5140335,53420544.0100405,-45,z,z
1558,1603,-1038819.14606584,-51386384.4047277,50347565.2586619,-45,z,z
1559,1604,-905476.514630667,-49050753.2954219,48145276.7807912,-45,z,z
1560,1605,-201604.855076403,-46715122.1861161,46513517.3310397,-45,z,z
1561,1606,-946009.079656119,-44379491.0768103,43433481.9971542,-45,z,z
1562,1607,-1043082.19990441,-42043859.9675045,41000777.7676001,-45,z,z
1563,1608,-1010355.31661036,-39708228.8581987,38697873.5415883,-45,z,z
1564,1609,-1873450.87102673,-37372597.7488929,35499146.8778661,-45,z,z
1565,1610,-1389753.74161022,-35036966.6395871,33647212.8979768,-45,z,z
1566,1611,-1245669.9249631,-32701335.5302813,31455665.6053182,-45,z,z
1567,1612,-755358.576206831,-30365704.4209755,29610345.8447686,-45,z,z
1568,1613,-1551962.06045195,-28030073.3116696,26478111.2512177,-45,z,z
1569,1614,-1633495.57952353,-25694442.2023638,24060946.6228403,-45,z,z
1570,1615,-1468480.68483322,-23358811.093058,21890330.4082248,-45,z,z
1571,1616,-1674345.09038363,-21023179.9837522,19348834.8933686,-45,z,z
1572,1617,-1376396.56924759,-18687548.8744464,17311152.3051988,-45,z,z
1573,1618,-2059636.64951141,-16351917.7651406,14292281.1156292,-45,z,z
1574,1619,-515494.353331404,-14016286.6558348,13500792.3025034,-45,z,z
1575,1620,-1161815.24422193,-11680655.546529,10518840.3023071,-45,z,z
1576,1621,-1150600.07813814,-9345024.43722322,8194424.35908507,-45,z,z
1577,1622,-1077265.18191944,-7009393.32791741,5932128.14599797,-45,z,z
1578,1623,-1813537.3485393,-4673762.21861161,2860224.8700723,-45,z,z
1579,1624,-991201.798380277,-2338131.1093058,1346929.31092553,-45,z,z
1580,1625,-2045129.37254546,-2500,-2042629.37254546,-45,z,z
1581,1627,-2110782.02345321,-934252.443722322,-1176529.57973089,-46,z,z
1582,1628,-1118456.86222019,-986155.357262451,-132301.504957741,-46,z,z
1583,1629,-620759.865829572,-1038058.27080258,417298.404973007,-46,z,z
1584,1630,-1227682.77387334,-1089961.18434271,-137721.589530632,-46,z,z
1585,1631,-1423013.88558087,-1141864.09788284,-281149.787698033,-46,z,z
1586,1632,-1315749.42981643,-1193767.01142297,-121982.418393462,-46,z,z
1587,1633,-1351648.51106601,-1245669.9249631,-105978.586102912,-46,z,z
1588,1634,-1415482.15202722,-1297572.83850322,-117909.313523992,-46,z,z
1589,1635,-2345321.71231825,-934252.443722322,-1411069.26859592,-46,z,z
1590,1636,-1262828.98627659,-986155.357262451,-276673.629014142,-46,z,z
1591,1637,-846969.960479355,-1038058.27080258,191088.310323225,-46,z,z
1592,1638,-984865.442516929,-1089961.18434271,105095.74182578,-46,z,z
1593,1639,-725691.268614122,-1141864.09788284,416172.829268716,-46,z,z
1594,1640,-1670974.94148608,-1193767.01142297,-477207.930063115,-46,z,z
1595,1641,-1628911.74199055,-1245669.9249631,-383241.817027456,-46,z,z
1596,1642,-289412.643833317,-1297572.83850322,1008160.19466991,-46,z,z
1597,1643,-997266.380223204,-934252.443722322,-63013.9365008818,-46,z,z
1598,1644,-869257.454045441,-986155.357262451,116897.90321701,-46,z,z
1599,1645,-193540.660873347,-1038058.27080258,844517.609929233,-46,z,z
1600,1646,-906592.034670447,-1089961.18434271,183369.149672261,-46,z,z
1601,1647,-999620.441575064,-1141864.09788284,142243.656307773,-46,z,z
1602,1648,-968257.178418259,-1193767.01142297,225509.833004708,-46,z,z
1603,1649,-1795390.41806729,-1245669.9249631,-549720.493104191,-46,z,z
1604,1650,-1331847.33570979,-1297572.83850322,-34274.4972065673,-46,z,z
1605,1651,-1193767.01142297,-934252.443722322,-259514.567700645,-46,z,z
1606,1652,-723885.302198213,-986155.357262451,262270.055064238,-46,z,z
1607,1653,-1487296.97459979,-1038058.27080258,-449238.703797207,-46,z,z
1608,1654,-1565433.26371005,-1089961.18434271,-475472.079367345,-46,z,z
1609,1655,-1407293.98963183,-1141864.09788284,-265429.891748997,-46,z,z
1610,1656,-1604580.71161765,-1193767.01142297,-410813.70019468,-46,z,z
1611,1657,-1319046.71219561,-1245669.9249631,-73376.7872325098,-46,z,z
1612,1658,-1973818.45578176,-1297572.83850322,-676245.617278538,-46,z,z
1613,1659,-494015.421942596,-934252.443722322,440237.021779726,-46,z,z
1614,1660,-1113406.27571268,-986155.357262451,-127250.918450231,-46,z,z
1615,1661,-1102658.40821572,-1038058.27080258,-64600.1374131397,-46,z,z
1616,1662,-1032379.1326728,-1089961.18434271,57582.0516699116,-46,z,z
1617,1663,-1737973.29235017,-1141864.09788284,-596109.194467329,-46,z,z
1618,1664,-949901.723447766,-1193767.01142297,243865.287975201,-46,z,z
1619,1665,-1959915.6486894,-1245669.9249631,-714245.723726304,-46,z,z
1620,1666,-2022832.772476,-1297572.83850322,-725259.933972772,-46,z,z
1621,1667,-1071854.49296102,-934252.443722322,-137602.049238695,-46,z,z
1622,1668,-594894.871420007,-986155.357262451,391260.485842444,-46,z,z
1623,1669,-1176529.32496195,-1038058.27080258,-138471.054159372,-46,z,z
1624,1670,-1363721.64034833,-1089961.18434271,-273760.456005626,-46,z,z
1625,1671,-1260926.53690741,-1141864.09788284,-119062.439024574,-46,z,z
1626,1672,-1295329.82310492,-1193767.01142297,-101562.811681957,-46,z,z
1627,1673,-1356503.72902608,-1245669.9249631,-110833.804062987,-46,z,z
1628,1674,-2247599.97430499,-1297572.83850322,-950027.135801761,-46,z,z
1629,1675,-1210211.1118484,-934252.443722322,-275958.66812608,-46,z,z
1630,1676,-811679.545459382,-986155.357262451,174475.811803069,-46,z,z
1631,1677,-943829.382412057,-1038058.27080258,94228.8883905224,-46,z,z
1632,1678,-695454.132421866,-1089961.18434271,394507.051920842,-46,z,z
1633,1679,-1601350.98559083,-1141864.09788284,-459486.887707991,-46,z,z
1634,1680,-1561040.41940761,-1193767.01142297,-367273.407984645,-46,z,z
1635,1681,-277353.783673595,-1245669.9249631,968316.141289501,-46,z,z
1636,1682,-955713.61438057,-1297572.83850322,341859.224122655,-46,z,z
1637,1683,-833038.393460214,-934252.443722322,101214.050262108,-46,z,z
1638,1684,-185476.466670291,-986155.357262451,800678.89059216,-46,z,z
1639,1685,-867174.989684776,-1038058.27080258,170883.281117804,-46,z,z
1640,1686,-956158.683245714,-1089961.18434271,133802.501096995,-46,z,z
1641,1687,-926159.040226161,-1141864.09788284,215705.057656677,-46,z,z
1642,1688,-1717329.96510784,-1193767.01142297,-523562.953684873,-46,z,z
1643,1689,-1273940.92980937,-1245669.9249631,-28271.0048462704,-46,z,z
1644,1690,-1141864.09788284,-1297572.83850322,155708.740620387,-46,z,z
1645,1691,-692412.028189595,-934252.443722322,241840.415532727,-46,z,z
1646,1692,-1422631.88874762,-986155.357262451,-436476.531485171,-46,z,z
1647,1693,-1497370.94789657,-1038058.27080258,-459312.677093994,-46,z,z
1648,1694,-1346107.29443045,-1089961.18434271,-256146.110087742,-46,z,z
1649,1695,-1534816.33285166,-1141864.09788284,-392952.234968825,-46,z,z
1650,1696,-1261696.85514362,-1193767.01142297,-67929.8437206559,-46,z,z
1651,1697,-1888000.26205212,-1245669.9249631,-642330.337089025,-46,z,z
1652,1698,-472536.490553787,-1297572.83850322,825036.347949437,-46,z,z
1653,1699,-1064997.30720344,-934252.443722322,-130744.863481113,-46,z,z
1654,1700,-1054716.7382933,-986155.357262451,-68561.3810308459,-46,z,z
1655,1701,-987493.083426154,-1038058.27080258,50565.1873764258,-46,z,z
1656,1702,-1662409.23616103,-1089961.18434271,-572448.05181832,-46,z,z
1657,1703,-908601.648515254,-1141864.09788284,233262.449367584,-46,z,z
1658,1704,-1874701.92483334,-1193767.01142297,-680934.913410372,-46,z,z
1659,1705,-1934883.52149878,-1245669.9249631,-689213.596535684,-46,z,z
1660,1706,-1025252.12370184,-1297572.83850322,272320.714801383,-46,z,z
1661,1707,-569029.877010441,-934252.443722322,365222.56671188,-46,z,z
1662,1708,-1125375.87605056,-986155.357262451,-139220.518788112,-46,z,z
1663,1709,-1304429.3951158,-1038058.27080258,-266371.124313218,-46,z,z
1664,1710,-1206103.64399839,-1089961.18434271,-116142.459655685,-46,z,z
1665,1711,-1239011.13514384,-1141864.09788284,-97147.0372610027,-46,z,z
1666,1712,-1297525.30602495,-1193767.01142297,-103758.294601982,-46,z,z
1667,1713,-2149878.23629173,-1245669.9249631,-904208.31132863,-46,z,z
1668,1714,-1157593.23742021,-1297572.83850322,139979.601083014,-46,z,z
1669,1715,-776389.130439409,-934252.443722322,157863.313282913,-46,z,z
1670,1716,-902793.322307185,-986155.357262451,83362.0349552657,-46,z,z
1671,1717,-665216.996229611,-1038058.27080258,372841.274572968,-46,z,z
1672,1718,-1531727.02969558,-1089961.18434271,-441765.845352866,-46,z,z
1673,1719,-1493169.09682467,-1141864.09788284,-351304.998941835,-46,z,z
1674,1720,-265294.923513874,-1193767.01142297,928472.087909093,-46,z,z
1675,1721,-914160.848537937,-1245669.9249631,331509.076425159,-46,z,z
1676,1722,-796819.332874988,-1297572.83850322,500753.505628237,-46,z,z
1677,1723,-177412.272467235,-934252.443722322,756840.171255087,-46,z,z
1678,1724,-827757.944699104,-986155.357262451,158397.412563347,-46,z,z
1679,1725,-912696.924916363,-1038058.27080258,125361.345886217,-46,z,z
1680,1726,-884060.902034063,-1089961.18434271,205900.282308646,-46,z,z
1681,1727,-1639269.51214839,-1141864.09788284,-497405.414265555,-46,z,z
1682,1728,-1216034.52390894,-1193767.01142297,-22267.5124859738,-46,z,z
1683,1729,-1089961.18434271,-1245669.9249631,155708.740620387,-46,z,z
1684,1730,-660938.754180977,-1297572.83850322,636634.084322248,-46,z,z
1685,1731,-1357966.80289546,-934252.443722322,-423714.359173135,-46,z,z
1686,1732,-1429308.63208309,-986155.357262451,-443153.274820642,-46,z,z
1687,1733,-1284920.59922907,-1038058.27080258,-246862.328426487,-46,z,z
1688,1734,-1465051.95408568,-1089961.18434271,-375090.769742969,-46,z,z
1689,1735,-1204346.99809164,-1141864.09788284,-62482.9002088022,-46,z,z
1690,1736,-1802182.06832248,-1193767.01142297,-608415.056899513,-46,z,z
1691,1737,-451057.559164979,-1245669.9249631,794612.365798117,-46,z,z
1692,1738,-1016588.33869419,-1297572.83850322,280984.499809037,-46,z,z
1693,1739,-1006775.06837087,-934252.443722322,-72522.6246485524,-46,z,z
1694,1740,-942607.03417951,-986155.357262451,43548.3230829404,-46,z,z
1695,1741,-1586845.17997189,-1038058.27080258,-548786.909169311,-46,z,z
1696,1742,-867301.573582743,-1089961.18434271,222659.610759966,-46,z,z
1697,1743,-1789488.20097728,-1141864.09788284,-647624.10309444,-46,z,z
1698,1744,-1846934.27052156,-1193767.01142297,-653167.259098596,-46,z,z
1699,1745,-978649.754442668,-1245669.9249631,267020.170520428,-46,z,z
1700,1746,-543164.882600876,-1297572.83850322,754407.955902349,-46,z,z
1701,1747,-1074222.42713917,-934252.443722322,-139969.983416852,-46,z,z
1702,1748,-1245137.14988326,-986155.357262451,-258981.792620811,-46,z,z
1703,1749,-1151280.75108938,-1038058.27080258,-113222.480286796,-46,z,z
1704,1750,-1182692.44718276,-1089961.18434271,-92731.2628400477,-46,z,z
1705,1751,-1238546.88302381,-1141864.09788284,-96682.7851409773,-46,z,z
1706,1752,-2052156.49827847,-1193767.01142297,-858389.486855499,-46,z,z
1707,1753,-1104975.36299202,-1245669.9249631,140694.561971077,-46,z,z
1708,1754,-741098.715419436,-1297572.83850322,556474.123083789,-46,z,z
1709,1755,-861757.262202313,-934252.443722322,72495.1815200087,-46,z,z
1710,1756,-634979.860037356,-986155.357262451,351175.497225095,-46,z,z
1711,1757,-1462103.07380032,-1038058.27080258,-424044.802997742,-46,z,z
1712,1758,-1425297.77424173,-1089961.18434271,-335336.589899024,-46,z,z
1713,1759,-253236.063354152,-1141864.09788284,888628.034528686,-46,z,z
1714,1760,-872608.082695303,-1193767.01142297,321158.928727664,-46,z,z
1715,1761,-760600.272289761,-1245669.9249631,485069.652673335,-46,z,z
1716,1762,-169348.078264179,-1297572.83850322,1128224.76023905,-46,z,z
1717,1763,-788340.899713433,-934252.443722322,145911.544008889,-46,z,z
1718,1764,-869235.166587012,-986155.357262451,116920.190675438,-46,z,z
1719,1765,-841962.763841964,-1038058.27080258,196095.506960615,-46,z,z
1720,1766,-1561209.05918895,-1089961.18434271,-471247.874846236,-46,z,z
1721,1767,-1158128.11800851,-1141864.09788284,-16264.0201256771,-46,z,z
1722,1768,-1038058.27080258,-1193767.01142297,155708.740620387,-46,z,z
1723,1769,-629465.480172359,-1245669.9249631,616204.444790737,-46,z,z
1724,1770,-1293301.71704329,-1297572.83850322,4271.12145993207,-46,z,z
1725,1771,-1361246.31626961,-934252.443722322,-426993.87254729,-46,z,z
1726,1772,-1223733.90402768,-986155.357262451,-237578.546765232,-46,z,z
1727,1773,-1395287.57531969,-1038058.27080258,-357229.304517113,-46,z,z
1728,1774,-1146997.14103966,-1089961.18434271,-57035.9566969483,-46,z,z
1729,1775,-1716363.87459284,-1141864.09788284,-574499.77671,-46,z,z
1730,1776,-429578.62777617,-1193767.01142297,764188.383646797,-46,z,z
1731,1777,-968179.370184941,-1245669.9249631,277490.554778155,-46,z,z
1732,1778,-958833.398448452,-1297572.83850322,338739.440054773,-46,z,z
1733,1779,-897720.984932867,-934252.443722322,36531.4587894547,-46,z,z
1734,1780,-1511281.12378275,-986155.357262451,-525125.766520302,-46,z,z
1735,1781,-826001.498650231,-1038058.27080258,212056.772152349,-46,z,z
1736,1782,-1704274.47712122,-1089961.18434271,-614313.292778508,-46,z,z
1737,1783,-1758985.01954434,-1141864.09788284,-617120.921661507,-46,z,z
1738,1784,-932047.385183493,-1193767.01142297,261719.626239474,-46,z,z
1739,1785,-517299.88819131,-1245669.9249631,728370.036771786,-46,z,z
1740,1786,-1023068.97822778,-1297572.83850322,274503.860275441,-46,z,z
1741,1787,-1185844.90465073,-934252.443722322,-251592.460928404,-46,z,z
1742,1788,-1096457.85818036,-986155.357262451,-110302.500917907,-46,z,z
1743,1789,-1126373.75922167,-1038058.27080258,-88315.4884190932,-46,z,z
1744,1790,-1179568.46002268,-1089961.18434271,-89607.275679972,-46,z,z
1745,1791,-1954434.76026521,-1141864.09788284,-812570.662382368,-46,z,z
1746,1792,-1052357.48856383,-1193767.01142297,141409.522859139,-46,z,z
1747,1793,-705808.300399463,-1245669.9249631,539861.624563633,-46,z,z
1748,1794,-820721.202097441,-1297572.83850322,476851.636405784,-46,z,z
1749,1795,-604742.723845101,-934252.443722322,329509.71987722,-46,z,z
1750,1796,-1392479.11790507,-986155.357262451,-406323.760642618,-46,z,z
1751,1797,-1357426.45165879,-1038058.27080258,-319368.180856213,-46,z,z
1752,1798,-241177.20319443,-1089961.18434271,848783.981148278,-46,z,z
1753,1799,-831055.31685267,-1141864.09788284,310808.781030168,-46,z,z
1754,1800,-724381.211704534,-1193767.01142297,469385.799718433,-46,z,z
1755,1801,-161283.884061122,-1245669.9249631,1084386.04090197,-46,z,z
1756,1802,-748923.854727761,-1297572.83850322,548648.983775464,-46,z,z
1757,1803,-825773.408257662,-934252.443722322,108479.03546466,-46,z,z
1758,1804,-799864.625649866,-986155.357262451,186290.731612585,-46,z,z
1759,1805,-1483148.6062295,-1038058.27080258,-445090.335426918,-46,z,z
1760,1806,-1100221.71210809,-1089961.18434271,-10260.5277653802,-46,z,z
1761,1807,-986155.357262451,-1141864.09788284,155708.740620387,-46,z,z
1762,1808,-597992.206163741,-1193767.01142297,595774.805259226,-46,z,z
1763,1809,-1228636.63119113,-1245669.9249631,17033.293771968,-46,z,z
1764,1810,-1293184.00045613,-1297572.83850322,4388.83804709325,-46,z,z
1765,1811,-1162547.2088263,-934252.443722322,-228294.765103977,-46,z,z
1766,1812,-1325523.19655371,-986155.357262451,-339367.839291258,-46,z,z
1767,1813,-1089647.28398767,-1038058.27080258,-51589.0131850946,-46,z,z
1768,1814,-1630545.6808632,-1089961.18434271,-540584.496520487,-46,z,z
1769,1815,-408099.696387362,-1141864.09788284,733764.401495476,-46,z,z
1770,1816,-919770.401675694,-1193767.01142297,273996.609747273,-46,z,z
1771,1817,-910891.728526029,-1245669.9249631,334778.196437067,-46,z,z
1772,1818,-852834.935686224,-1297572.83850322,444737.902817001,-46,z,z
1773,1819,-1435717.06759362,-934252.443722322,-501464.623871294,-46,z,z
1774,1820,-784701.42371772,-986155.357262451,201453.933544731,-46,z,z
1775,1821,-1619060.75326516,-1038058.27080258,-581002.482462576,-46,z,z
1776,1822,-1671035.76856713,-1089961.18434271,-581074.584224419,-46,z,z
1777,1823,-885445.015924318,-1141864.09788284,256419.081958519,-46,z,z
1778,1824,-491434.893781745,-1193767.01142297,702332.117641222,-46,z,z
1779,1825,-971915.529316395,-1245669.9249631,273754.395646701,-46,z,z
1780,1826,-1126552.65941819,-1297572.83850322,171020.179085035,-46,z,z
1781,1827,-1041634.96527134,-934252.443722322,-107382.521549018,-46,z,z
1782,1828,-1070055.07126059,-986155.357262451,-83899.7139981384,-46,z,z
1783,1829,-1120590.03702155,-1038058.27080258,-82531.7662189671,-46,z,z
1784,1830,-1856713.02225194,-1089961.18434271,-766751.837909236,-46,z,z
1785,1831,-999739.614135636,-1141864.09788284,142124.483747202,-46,z,z
1786,1832,-670517.885379489,-1193767.01142297,523249.126043477,-46,z,z
1787,1833,-779685.141992569,-1245669.9249631,465984.782970527,-46,z,z
1788,1834,-574505.587652846,-1297572.83850322,723067.250850379,-46,z,z
1789,1835,-1322855.16200982,-934252.443722322,-388602.718287493,-46,z,z
1790,1836,-1289555.12907585,-986155.357262451,-303399.771813402,-46,z,z
1791,1837,-229118.343034709,-1038058.27080258,808939.927767871,-46,z,z
1792,1838,-789502.551010036,-1089961.18434271,300458.633332673,-46,z,z
1793,1839,-688162.151119307,-1141864.09788284,453701.94676353,-46,z,z
1794,1840,-153219.689858066,-1193767.01142297,1040547.3215649,-46,z,z
1795,1841,-709506.809742089,-1245669.9249631,536163.115221007,-46,z,z
1796,1842,-782311.649928311,-1297572.83850322,515261.188574914,-46,z,z
1797,1843,-757766.487457768,-934252.443722322,176485.956264554,-46,z,z
1798,1844,-1405088.15327005,-986155.357262451,-418932.7960076,-46,z,z
1799,1845,-1042315.30620766,-1038058.27080258,-4257.03540508368,-46,z,z
1800,1846,-934252.443722322,-1089961.18434271,155708.740620387,-46,z,z
1801,1847,-566518.932155123,-1141864.09788284,575345.165727715,-46,z,z
1802,1848,-1163971.54533896,-1193767.01142297,29795.4660840035,-46,z,z
1803,1849,-1225121.68464265,-1245669.9249631,20548.240320445,-46,z,z
1804,1850,-1101360.51362491,-1297572.83850322,196212.32487831,-46,z,z
1805,1851,-1255758.81778772,-934252.443722322,-321506.374065402,-46,z,z
1806,1852,-1032297.42693569,-986155.357262451,-46142.0696732405,-46,z,z
1807,1853,-1544727.48713355,-1038058.27080258,-506669.216330974,-46,z,z
1808,1854,-386620.764998553,-1089961.18434271,703340.419344156,-46,z,z
1809,1855,-871361.433166447,-1141864.09788284,270502.664716391,-46,z,z
1810,1856,-862950.058603606,-1193767.01142297,330816.95281936,-46,z,z
1811,1857,-807948.88643958,-1245669.9249631,437721.038523515,-46,z,z
1812,1858,-1360153.01140448,-1297572.83850322,-62580.1729012532,-46,z,z
1813,1859,-743401.348785208,-934252.443722322,190851.094937114,-46,z,z
1814,1860,-1533847.0294091,-986155.357262451,-547691.672146645,-46,z,z
1815,1861,-1583086.51758991,-1038058.27080258,-545028.246787331,-46,z,z
1816,1862,-838842.646665144,-1089961.18434271,251118.537677565,-46,z,z
1817,1863,-465569.899372179,-1141864.09788284,676294.198510658,-46,z,z
1818,1864,-920762.080405006,-1193767.01142297,273004.931017961,-46,z,z
1819,1865,-1067260.41418565,-1245669.9249631,178409.510777443,-46,z,z
1820,1866,-986812.072362322,-1297572.83850322,310760.766140903,-46,z,z
1821,1867,-1013736.38329951,-934252.443722322,-79483.9395771839,-46,z,z
1822,1868,-1061611.61402041,-986155.357262451,-75456.2567579618,-46,z,z
1823,1869,-1758991.28423868,-1038058.27080258,-720933.013436105,-46,z,z
1824,1870,-947121.739707445,-1089961.18434271,142839.444635264,-46,z,z
1825,1871,-635227.470359516,-1141864.09788284,506636.627523321,-46,z,z
1826,1872,-738649.081887697,-1193767.01142297,455117.92953527,-46,z,z
1827,1873,-544268.451460591,-1245669.9249631,701401.473502505,-46,z,z
1828,1875,-1253231.20611456,-934252.443722322,-318978.76239224,-47,z,z
1829,1876,-1221683.80649291,-986155.357262451,-235528.449230463,-47,z,z
1830,1877,-217059.482874987,-1038058.27080258,820998.787927592,-47,z,z
1831,1878,-747949.785167403,-1089961.18434271,342011.399175306,-47,z,z
1832,1879,-651943.090534081,-1141864.09788284,489921.007348757,-47,z,z
1833,1880,-145155.49565501,-1193767.01142297,1048611.51576796,-47,z,z
1834,1882,-49667976.6819462,-934252.443722322,-48733724.2382239,-48,z,z
1835,1883,-54764315.4949818,-986155.357262451,-53778160.1377193,-48,z,z
1836,1884,-53046154.1220438,-1038058.27080258,-52008095.8512412,-48,z,z
1837,1885,-98358670.7289035,-1089961.18434271,-97268709.5445608,-48,z,z
1838,1886,-72964571.4345364,-1141864.09788284,-71822707.3366536,-48,z,z
1839,1888,-65400171.0605625,-934252.443722322,-64465918.6168402,-49,z,z
1840,1889,-39658825.2508586,-986155.357262451,-38672669.8935962,-49,z,z
1841,1890,-81480508.1737274,-1038058.27080258,-80442449.9029249,-49,z,z
1842,1891,-85761017.9249856,-1089961.18434271,-84671056.7406428,-49,z,z
1843,1893,-77097735.953744,-934252.443722322,-76163483.5100217,-50,z,z
1844,1894,-87905617.2451407,-986155.357262451,-86919461.8878782,-50,z,z
1845,1895,-72263319.8854984,-1038058.27080258,-71225261.6146958,-50,z,z
1846,1897,-108133424.099349,-934252.443722322,-107199171.655626,-51,z,z
1847,1898,-27065953.5498987,-986155.357262451,-26079798.1926363,-51,z,z
1848,1900,-60997800.3216513,-934252.443722322,-60063547.877929,-52,z,z
1849,1903,-60409004.1022524,-55238095.8851245,-5170908.21712794,-54,z,z
1850,1904,-56558922.0507706,-53821798.5547367,-2737123.49603394,-54,z,z
1851,1905,-95213210.7983134,-52405501.2243489,-42807709.5739646,-54,z,z
1852,1906,-52040594.4149645,-50989203.8939611,-1051390.52100347,-54,z,z
1853,1907,-107371792.058637,-49572906.5635733,-57798885.4950634,-54,z,z
1854,1908,-110818556.231294,-48156609.2331855,-62661946.9981083,-54,z,z
1855,1909,-58721485.26656,-46740311.9027977,-11981173.3637624,-54,z,z
1856,1910,-32592392.9560525,-45324014.5724098,12731621.6163573,-54,z,z
1857,1911,-64455845.6283504,-43907717.242022,-20548128.3863283,-54,z,z
1858,1912,-74710728.9929957,-42491419.9116342,-32219309.0813615,-54,z,z
1859,1913,-69079345.0653625,-41075122.5812464,-28004222.4841161,-54,z,z
1860,1914,-70964046.8309654,-39658825.2508586,-31305221.5801068,-54,z,z
1861,1915,-74315312.9814289,-38242527.9204708,-36072785.0609581,-54,z,z
1862,1916,-123131889.896708,-36826230.590083,-86305659.3066249,-54,z,z
1863,1917,-66301021.7795211,-35409933.2596952,-30891088.5198259,-54,z,z
1864,1918,-44468422.9251661,-33993635.9293074,-10474786.9958588,-54,z,z
1865,1919,-51707935.7321388,-32577338.5989196,-19130597.1332192,-54,z,z
1866,1920,-38101291.6022414,-31161041.2685318,-6940250.33370962,-54,z,z
1867,1921,-87728684.4280193,-29744743.938144,-57983940.4898753,-54,z,z
1868,1922,-85520366.454504,-28328446.6077562,-57191919.8467478,-54,z,z
1869,1923,-15196663.8012491,-26912149.2773683,11715485.4761192,-54,z,z
1870,1924,-52358984.9617182,-25495851.9469805,-26863133.0147377,-54,z,z
1871,1925,-45638516.3373856,-24079554.6165927,-21558961.7207929,-54,z,z
1872,1926,-10163384.6958507,-22663257.2862049,12499872.5903542,-54,z,z
1873,1927,-985426.124641791,-21246959.9558171,20261533.8311753,-54,z,z
1874,1928,-1086543.95823377,-19830662.6254293,18744118.6671955,-54,z,z
1875,1929,-1052453.45480246,-18414365.2950415,17361911.840239,-54,z,z
1876,1930,-1951511.32398618,-16998067.9646537,15046556.6406675,-54,z,z
1877,1931,-1447660.14751064,-15581770.6342659,14134110.4867552,-54,z,z
1878,1932,-1297572.83850322,-14165473.3038781,12867900.4653748,-54,z,z
1879,1933,-786831.850215449,-12749175.9734903,11962344.1232748,-54,z,z
1880,1934,-1616627.14630412,-11332878.6431025,9716251.49679834,-54,z,z
1881,1935,-1701557.89533702,-9916581.31271465,8215023.41737764,-54,z,z
1882,1936,-1529667.3800346,-8500283.98232684,6970616.60229224,-54,z,z
1883,1937,-1744109.46914962,-7083986.65193904,5339877.18278942,-54,z,z
1884,1938,-1433746.42629957,-5667689.32155123,4233942.89525166,-54,z,z
1885,1939,-2145454.84324105,-4251391.99116342,2105937.14792238,-54,z,z
1886,1940,-536973.284720213,-2835094.66077562,2298121.3760554,-54,z,z
1887,1941,-1210224.21273118,-1418797.33038781,208573.117656631,-54,z,z
1888,1942,-1198541.74806056,-2500,-1196041.74806056,-54,z,z
1889,1944,-1122151.23116608,-566518.932155123,-555632.299010961,-55,z,z
1890,1945,-1889101.40472844,-597992.206163741,-1291109.1985647,-55,z,z
1891,1946,-1032501.87331279,-629465.480172359,-403036.39314043,-55,z,z
1892,1947,-2130343.09640152,-660938.754180977,-1469404.34222054,-55,z,z
1893,1948,-2198731.27443043,-692412.028189595,-1506319.24624084,-55,z,z
1894,1949,-1165059.23147937,-723885.302198213,-441173.929281153,-55,z,z
1895,1950,-646624.860239138,-755358.576206831,108733.715967693,-55,z,z
1896,1951,-1278836.22278473,-786831.850215449,-492004.372569281,-55,z,z
1897,1952,-1482306.13081341,-566518.932155123,-915787.198658284,-55,z,z
1898,1953,-1370572.32272545,-597992.206163741,-772580.116561706,-55,z,z
1899,1954,-1407967.19902709,-629465.480172359,-778501.718854732,-55,z,z
1900,1955,-1474460.57502835,-660938.754180977,-813521.820847374,-55,z,z
1901,1956,-2443043.45033151,-692412.028189595,-1750631.42214191,-55,z,z
1902,1957,-1315446.86070478,-723885.302198213,-591561.558506572,-55,z,z
1903,1958,-882260.375499328,-755358.576206831,-126901.799292497,-55,z,z
1904,1959,-1025901.5026218,-786831.850215449,-239069.652406352,-55,z,z
1905,1960,-755928.404806377,-566518.932155123,-189409.472651253,-55,z,z
1906,1961,-1740598.89738134,-597992.206163741,-1142606.69121759,-55,z,z
1907,1962,-1696783.06457349,-629465.480172359,-1067317.58440113,-55,z,z
1908,1963,-301471.503993038,-660938.754180977,359467.250187939,-55,z,z
1909,1964,-1038819.14606584,-692412.028189595,-346407.117876242,-55,z,z
1910,1965,-905476.514630667,-723885.302198213,-181591.212432455,-55,z,z
1911,1966,-201604.855076403,-755358.576206831,553753.721130428,-55,z,z
1912,1967,-946009.079656119,-786831.850215449,-159177.22944067,-55,z,z
1913,1968,-1043082.19990441,-566518.932155123,-476563.267749292,-55,z,z
1914,1969,-1010355.31661036,-597992.206163741,-412363.110446616,-55,z,z
1915,1970,-1873450.87102673,-629465.480172359,-1243985.39085438,-55,z,z
1916,1971,-1389753.74161022,-660938.754180977,-728814.987429241,-55,z,z
1917,1972,-1245669.9249631,-692412.028189595,-553257.896773501,-55,z,z
1918,1973,-755358.576206831,-723885.302198213,-31473.274008618,-55,z,z
1919,1974,-1551962.06045195,-755358.576206831,-796603.48424512,-55,z,z
1920,1975,-1633495.57952353,-786831.850215449,-846663.729308086,-55,z,z
1921,1976,-1468480.68483322,-566518.932155123,-901961.752678096,-55,z,z
1922,1977,-1674345.09038363,-597992.206163741,-1076352.88421989,-55,z,z
1923,1978,-1376396.56924759,-629465.480172359,-746931.089075229,-55,z,z
1924,1979,-2059636.64951141,-660938.754180977,-1398697.89533043,-55,z,z
1925,1980,-515494.353331404,-692412.028189595,176917.674858191,-55,z,z
1926,1981,-1161815.24422193,-723885.302198213,-437929.942023716,-55,z,z
1927,1982,-1150600.07813814,-755358.576206831,-395241.501931311,-55,z,z
1928,1983,-1077265.18191944,-786831.850215449,-290433.331703992,-55,z,z
1929,1984,-1813537.3485393,-566518.932155123,-1247018.41638418,-55,z,z
1930,1985,-991201.798380277,-597992.206163741,-393209.592216536,-55,z,z
1931,1986,-2045129.37254546,-629465.480172359,-1415663.8923731,-55,z,z
1932,1987,-2110782.02345321,-660938.754180977,-1449843.26927224,-55,z,z
1933,1988,-1118456.86222019,-692412.028189595,-426044.834030597,-55,z,z
1934,1989,-620759.865829572,-723885.302198213,103125.436368641,-55,z,z
1935,1990,-1227682.77387334,-755358.576206831,-472324.19766651,-55,z,z
1936,1991,-1423013.88558087,-786831.850215449,-636182.035365422,-55,z,z
1937,1992,-1315749.42981643,-566518.932155123,-749230.497661306,-55,z,z
1938,1993,-1351648.51106601,-597992.206163741,-753656.304902267,-55,z,z
1939,1994,-1415482.15202722,-629465.480172359,-786016.671854858,-55,z,z
1940,1995,-2345321.71231825,-660938.754180977,-1684382.95813727,-55,z,z
1941,1996,-1262828.98627659,-692412.028189595,-570416.958086998,-55,z,z
1942,1997,-846969.960479355,-723885.302198213,-123084.658281142,-55,z,z
1943,1998,-984865.442516929,-755358.576206831,-229506.866310098,-55,z,z
1944,1999,-725691.268614122,-786831.850215449,61140.5816013272,-55,z,z
1945,2000,-1670974.94148608,-566518.932155123,-1104456.00933096,-55,z,z
1946,2001,-1628911.74199055,-597992.206163741,-1030919.53582681,-55,z,z
1947,2002,-289412.643833317,-629465.480172359,340052.836339042,-55,z,z
1948,2003,-997266.380223204,-660938.754180977,-336327.626042227,-55,z,z
1949,2004,-869257.454045441,-692412.028189595,-176845.425855846,-55,z,z
1950,2005,-193540.660873347,-723885.302198213,530344.641324866,-55,z,z
1951,2006,-906592.034670447,-755358.576206831,-151233.458463616,-55,z,z
1952,2007,-999620.441575064,-786831.850215449,-212788.591359616,-55,z,z
1953,2008,-968257.178418259,-566518.932155123,-401738.246263136,-55,z,z
1954,2009,-1795390.41806729,-597992.206163741,-1197398.21190355,-55,z,z
1955,2010,-1331847.33570979,-629465.480172359,-702381.855537433,-55,z,z
1956,2011,-1193767.01142297,-660938.754180977,-532828.25724199,-55,z,z
1957,2012,-723885.302198213,-692412.028189595,-31473.274008618,-55,z,z
1958,2013,-1487296.97459979,-723885.302198213,-763411.672401574,-55,z,z
1959,2014,-1565433.26371005,-755358.576206831,-810074.687503223,-55,z,z
1960,2015,-1407293.98963183,-786831.850215449,-620462.139416386,-55,z,z
1961,2016,-1604580.71161765,-566518.932155123,-1038061.77946252,-55,z,z
1962,2017,-1319046.71219561,-597992.206163741,-721054.506031865,-55,z,z
1963,2018,-1973818.45578176,-629465.480172359,-1344352.9756094,-55,z,z
1964,2019,-494015.421942596,-660938.754180977,166923.332238381,-55,z,z
1965,2020,-1113406.27571268,-692412.028189595,-420994.247523087,-55,z,z
1966,2021,-1102658.40821572,-723885.302198213,-378773.106017507,-55,z,z
1967,2022,-1032379.1326728,-755358.576206831,-277020.556465966,-55,z,z
1968,2023,-1737973.29235017,-786831.850215449,-951141.442134717,-55,z,z
1969,2024,-949901.723447766,-566518.932155123,-383382.791292643,-55,z,z
1970,2025,-1959915.6486894,-597992.206163741,-1361923.44252566,-55,z,z
1971,2026,-2022832.772476,-629465.480172359,-1393367.29230364,-55,z,z
1972,2027,-1071854.49296102,-660938.754180977,-410915.73878004,-55,z,z
1973,2028,-594894.871420007,-692412.028189595,97517.1567695881,-55,z,z
1974,2029,-1176529.32496195,-723885.302198213,-452644.022763739,-55,z,z
1975,2030,-1363721.64034833,-755358.576206831,-608363.064141504,-55,z,z
1976,2031,-1260926.53690741,-786831.850215449,-474094.686691963,-55,z,z
1977,2032,-1295329.82310492,-566518.932155123,-728810.890949801,-55,z,z
1978,2033,-1356503.72902608,-597992.206163741,-758511.522862342,-55,z,z
1979,2034,-2247599.97430499,-629465.480172359,-1618134.49413263,-55,z,z
1980,2035,-1210211.1118484,-660938.754180977,-549272.357667425,-55,z,z
1981,2036,-811679.545459382,-692412.028189595,-119267.517269787,-55,z,z
1982,2037,-943829.382412057,-723885.302198213,-219944.080213844,-55,z,z
1983,2038,-695454.132421866,-755358.576206831,59904.4437849644,-55,z,z
1984,2039,-1601350.98559083,-786831.850215449,-814519.13537538,-55,z,z
1985,2040,-1561040.41940761,-566518.932155123,-994521.487252489,-55,z,z
1986,2041,-277353.783673595,-597992.206163741,320638.422490146,-55,z,z
1987,2042,-955713.61438057,-629465.480172359,-326248.134208211,-55,z,z
1988,2043,-833038.393460214,-660938.754180977,-172099.639279237,-55,z,z
1989,2044,-185476.466670291,-692412.028189595,506935.561519304,-55,z,z
1990,2045,-867174.989684776,-723885.302198213,-143289.687486563,-55,z,z
1991,2046,-956158.683245714,-755358.576206831,-200800.107038883,-55,z,z
1992,2047,-926159.040226161,-786831.850215449,-139327.190010712,-55,z,z
1993,2048,-1717329.96510784,-566518.932155123,-1150811.03295272,-55,z,z
1994,2049,-1273940.92980937,-597992.206163741,-675948.723645625,-55,z,z
1995,2050,-1141864.09788284,-629465.480172359,-512398.617710479,-55,z,z
1996,2051,-692412.028189595,-660938.754180977,-31473.274008618,-55,z,z
1997,2052,-1422631.88874762,-692412.028189595,-730219.860558027,-55,z,z
1998,2053,-1497370.94789657,-723885.302198213,-773485.64569836,-55,z,z
1999,2054,-1346107.29443045,-755358.576206831,-590748.71822362,-55,z,z
2000,2055,-1534816.33285166,-786831.850215449,-747984.482636214,-55,z,z
2001,2056,-1261696.85514362,-566518.932155123,-695177.9229885,-55,z,z
2002,2057,-1888000.26205212,-597992.206163741,-1290008.05588838,-55,z,z
2003,2058,-472536.490553787,-629465.480172359,156928.989618572,-55,z,z
2004,2059,-1064997.30720344,-660938.754180977,-404058.553022458,-55,z,z
2005,2060,-1054716.7382933,-692412.028189595,-362304.710103702,-55,z,z
2006,2061,-987493.083426154,-723885.302198213,-263607.781227941,-55,z,z
2007,2062,-1662409.23616103,-755358.576206831,-907050.659954198,-55,z,z
2008,2063,-908601.648515254,-786831.850215449,-121769.798299805,-55,z,z
2009,2064,-1874701.92483334,-566518.932155123,-1308182.99267822,-55,z,z
2010,2065,-1934883.52149878,-597992.206163741,-1336891.31533504,-55,z,z
2011,2066,-1025252.12370184,-629465.480172359,-395786.643529483,-55,z,z
2012,2067,-569029.877010441,-660938.754180977,91908.8771705356,-55,z,z
2013,2068,-1125375.87605056,-692412.028189595,-432963.847860968,-55,z,z
2014,2069,-1304429.3951158,-723885.302198213,-580544.092917585,-55,z,z
2015,2070,-1206103.64399839,-755358.576206831,-450745.067791563,-55,z,z
2016,2071,-1239011.13514384,-786831.850215449,-452179.284928392,-55,z,z
2017,2072,-1297525.30602495,-566518.932155123,-731006.373869826,-55,z,z
2018,2073,-2149878.23629173,-597992.206163741,-1551886.03012798,-55,z,z
2019,2074,-1157593.23742021,-629465.480172359,-528127.757247851,-55,z,z
2020,2075,-776389.130439409,-660938.754180977,-115450.376258432,-55,z,z
2021,2076,-902793.322307185,-692412.028189595,-210381.29411759,-55,z,z
2022,2077,-665216.996229611,-723885.302198213,58668.3059686015,-55,z,z
2023,2078,-1531727.02969558,-755358.576206831,-776368.453488744,-55,z,z
2024,2079,-1493169.09682467,-786831.850215449,-706337.246609224,-55,z,z
2025,2080,-265294.923513874,-566518.932155123,301224.00864125,-55,z,z
2026,2081,-914160.848537937,-597992.206163741,-316168.642374196,-55,z,z
2027,2082,-796819.332874988,-629465.480172359,-167353.852702628,-55,z,z
2028,2083,-177412.272467235,-660938.754180977,483526.481713742,-55,z,z
2029,2084,-827757.944699104,-692412.028189595,-135345.916509509,-55,z,z
2030,2085,-912696.924916363,-723885.302198213,-188811.62271815,-55,z,z
2031,2086,-884060.902034063,-755358.576206831,-128702.325827232,-55,z,z
2032,2087,-1639269.51214839,-786831.850215449,-852437.661932944,-55,z,z
2033,2088,-1216034.52390894,-566518.932155123,-649515.591753818,-55,z,z
2034,2089,-1089961.18434271,-597992.206163741,-491968.978178968,-55,z,z
2035,2090,-660938.754180977,-629465.480172359,-31473.274008618,-55,z,z
2036,2091,-1357966.80289546,-660938.754180977,-697028.04871448,-55,z,z
2037,2092,-1429308.63208309,-692412.028189595,-736896.603893498,-55,z,z
2038,2093,-1284920.59922907,-723885.302198213,-561035.297030854,-55,z,z
2039,2094,-1465051.95408568,-755358.576206831,-709693.377878847,-55,z,z
2040,2095,-1204346.99809164,-786831.850215449,-417515.147876191,-55,z,z
2041,2096,-1802182.06832248,-566518.932155123,-1235663.13616736,-55,z,z
2042,2097,-451057.559164979,-597992.206163741,146934.646998762,-55,z,z
2043,2098,-1016588.33869419,-629465.480172359,-387122.858521829,-55,z,z
2044,2099,-1006775.06837087,-660938.754180977,-345836.314189897,-55,z,z
2045,2100,-942607.03417951,-692412.028189595,-250195.005989916,-55,z,z
2046,2101,-1586845.17997189,-723885.302198213,-862959.877773678,-55,z,z
2047,2102,-867301.573582743,-755358.576206831,-111942.997375912,-55,z,z
2048,2103,-1789488.20097728,-786831.850215449,-1002656.35076183,-55,z,z
2049,2104,-1846934.27052156,-566518.932155123,-1280415.33836644,-55,z,z
2050,2105,-978649.754442668,-597992.206163741,-380657.548278927,-55,z,z
2051,2106,-543164.882600876,-629465.480172359,86300.5975714831,-55,z,z
2052,2107,-1074222.42713917,-660938.754180977,-413283.672958196,-55,z,z
2053,2108,-1245137.14988326,-692412.028189595,-552725.121693667,-55,z,z
2054,2109,-1151280.75108938,-723885.302198213,-427395.448891163,-55,z,z
2055,2110,-1182692.44718276,-755358.576206831,-427333.870975926,-55,z,z
2056,2111,-1238546.88302381,-786831.850215449,-451715.032808366,-55,z,z
2057,2112,-2052156.49827847,-566518.932155123,-1485637.56612334,-55,z,z
2058,2113,-1104975.36299202,-597992.206163741,-506983.156828278,-55,z,z
2059,2114,-741098.715419436,-629465.480172359,-111633.235247077,-55,z,z
2060,2115,-861757.262202313,-660938.754180977,-200818.508021336,-55,z,z
2061,2116,-634979.860037356,-692412.028189595,57432.1681522386,-55,z,z
2062,2117,-1462103.07380032,-723885.302198213,-738217.771602109,-55,z,z
2063,2118,-1425297.77424173,-755358.576206831,-669939.198034902,-55,z,z
2064,2119,-253236.063354152,-786831.850215449,533595.786861297,-55,z,z
2065,2120,-872608.082695303,-566518.932155123,-306089.15054018,-55,z,z
2066,2121,-760600.272289761,-597992.206163741,-162608.06612602,-55,z,z
2067,2122,-169348.078264179,-629465.480172359,460117.40190818,-55,z,z
2068,2123,-788340.899713433,-660938.754180977,-127402.145532456,-55,z,z
2069,2124,-869235.166587012,-692412.028189595,-176823.138397418,-55,z,z
2070,2125,-841962.763841964,-723885.302198213,-118077.461643751,-55,z,z
2071,2126,-1561209.05918895,-755358.576206831,-805850.482982114,-55,z,z
2072,2127,-1158128.11800851,-786831.850215449,-371296.267793066,-55,z,z
2073,2128,-1038058.27080258,-566518.932155123,-471539.338647457,-55,z,z
2074,2129,-629465.480172359,-597992.206163741,-31473.274008618,-55,z,z
2075,2130,-1293301.71704329,-629465.480172359,-663836.236870934,-55,z,z
2076,2131,-1361246.31626961,-660938.754180977,-700307.562088635,-55,z,z
2077,2132,-1223733.90402768,-692412.028189595,-531321.875838088,-55,z,z
2078,2133,-1395287.57531969,-723885.302198213,-671402.27312148,-55,z,z
2079,2134,-1146997.14103966,-755358.576206831,-391638.564832826,-55,z,z
2080,2135,-1716363.87459284,-786831.850215449,-929532.024377389,-55,z,z
2081,2136,-429578.62777617,-566518.932155123,136940.304378953,-55,z,z
2082,2137,-968179.370184941,-597992.206163741,-370187.1640212,-55,z,z
2083,2138,-958833.398448452,-629465.480172359,-329367.918276093,-55,z,z
2084,2139,-897720.984932867,-660938.754180977,-236782.23075189,-55,z,z
2085,2140,-1511281.12378275,-692412.028189595,-818869.095593158,-55,z,z
2086,2141,-826001.498650231,-723885.302198213,-102116.196452018,-55,z,z
2087,2142,-1704274.47712122,-755358.576206831,-948915.900914386,-55,z,z
2088,2143,-1758985.01954434,-786831.850215449,-972153.169328896,-55,z,z
2089,2144,-932047.385183493,-566518.932155123,-365528.45302837,-55,z,z
2090,2145,-517299.88819131,-597992.206163741,80692.3179724307,-55,z,z
2091,2146,-1023068.97822778,-629465.480172359,-393603.498055425,-55,z,z
2092,2147,-1185844.90465073,-660938.754180977,-524906.150469749,-55,z,z
2093,2148,-1096457.85818036,-692412.028189595,-404045.829990763,-55,z,z
2094,2149,-1126373.75922167,-723885.302198213,-402488.45702346,-55,z,z
2095,2150,-1179568.46002268,-755358.576206831,-424209.88381585,-55,z,z
2096,2151,-1954434.76026521,-786831.850215449,-1167602.91004976,-55,z,z
2097,2152,-1052357.48856383,-566518.932155123,-485838.556408704,-55,z,z
2098,2153,-705808.300399463,-597992.206163741,-107816.094235722,-55,z,z
2099,2154,-820721.202097441,-629465.480172359,-191255.721925082,-55,z,z
2100,2155,-604742.723845101,-660938.754180977,56196.0303358757,-55,z,z
2101,2156,-1392479.11790507,-692412.028189595,-700067.089715474,-55,z,z
2102,2157,-1357426.45165879,-723885.302198213,-633541.14946058,-55,z,z
2103,2158,-241177.20319443,-755358.576206831,514181.373012401,-55,z,z
2104,2159,-831055.31685267,-786831.850215449,-44223.4666372209,-55,z,z
2105,2160,-724381.211704534,-566518.932155123,-157862.279549411,-55,z,z
2106,2161,-161283.884061122,-597992.206163741,436708.322102619,-55,z,z
2107,2162,-748923.854727761,-629465.480172359,-119458.374555402,-55,z,z
2108,2163,-825773.408257662,-660938.754180977,-164834.654076685,-55,z,z
2109,2164,-799864.625649866,-692412.028189595,-107452.597460271,-55,z,z
2110,2165,-1483148.6062295,-723885.302198213,-759263.304031285,-55,z,z
2111,2166,-1100221.71210809,-755358.576206831,-344863.135901258,-55,z,z
2112,2167,-986155.357262451,-786831.850215449,-199323.507047002,-55,z,z
2113,2168,-597992.206163741,-566518.932155123,-31473.274008618,-55,z,z
2114,2169,-1228636.63119113,-597992.206163741,-630644.425027387,-55,z,z
2115,2170,-1293184.00045613,-629465.480172359,-663718.520283772,-55,z,z
2116,2171,-1162547.2088263,-660938.754180977,-501608.454645322,-55,z,z
2117,2172,-1325523.19655371,-692412.028189595,-633111.168364114,-55,z,z
2118,2173,-1089647.28398767,-723885.302198213,-365761.981789461,-55,z,z
2119,2174,-1630545.6808632,-755358.576206831,-875187.104656365,-55,z,z
2120,2175,-408099.696387362,-786831.850215449,378732.153828087,-55,z,z
2121,2176,-919770.401675694,-566518.932155123,-353251.469520571,-55,z,z
2122,2177,-910891.728526029,-597992.206163741,-312899.522362288,-55,z,z
2123,2178,-852834.935686224,-629465.480172359,-223369.455513865,-55,z,z
2124,2179,-1435717.06759362,-660938.754180977,-774778.313412639,-55,z,z
2125,2180,-784701.42371772,-692412.028189595,-92289.3955281245,-55,z,z
2126,2181,-1619060.75326516,-723885.302198213,-895175.451066943,-55,z,z
2127,2182,-1671035.76856713,-755358.576206831,-915677.192360297,-55,z,z
2128,2183,-885445.015924318,-786831.850215449,-98613.1657088696,-55,z,z
2129,2184,-491434.893781745,-566518.932155123,75084.0383733783,-55,z,z
2130,2185,-971915.529316395,-597992.206163741,-373923.323152654,-55,z,z
2131,2186,-1126552.65941819,-629465.480172359,-497087.17924583,-55,z,z
2132,2187,-1041634.96527134,-660938.754180977,-380696.211090363,-55,z,z
2133,2188,-1070055.07126059,-692412.028189595,-377643.043070994,-55,z,z
2134,2189,-1120590.03702155,-723885.302198213,-396704.734823334,-55,z,z
2135,2190,-1856713.02225194,-755358.576206831,-1101354.44604511,-55,z,z
2136,2192,-999739.614135636,-566518.932155123,-433220.681980513,-56,z,z
2137,2193,-670517.885379489,-597992.206163741,-72525.6792157485,-56,z,z
2138,2194,-779685.141992569,-629465.480172359,-150219.66182021,-56,z,z
2139,2195,-574505.587652846,-660938.754180977,86433.1665281308,-56,z,z
2140,2196,-1322855.16200982,-692412.028189595,-630443.13382022,-56,z,z
2141,2197,-1289555.12907585,-723885.302198213,-565669.82687764,-56,z,z
2142,2199,-229118.343034709,-566518.932155123,337400.589120414,-57,z,z
2143,2200,-789502.551010036,-597992.206163741,-191510.344846295,-57,z,z
2144,2201,-688162.151119307,-629465.480172359,-58696.6709469484,-57,z,z
2145,2202,-153219.689858066,-660938.754180977,507719.064322911,-57,z,z
2146,2203,-709506.809742089,-692412.028189595,-17094.7815524943,-57,z,z
2147,2205,-782311.649928311,-566518.932155123,-215792.717773188,-58,z,z
2148,2206,-757766.487457768,-597992.206163741,-159774.281294027,-58,z,z
2149,2207,-1405088.15327005,-629465.480172359,-775622.673097692,-58,z,z
2150,2208,-1042315.30620766,-660938.754180977,-381376.552026686,-58,z,z
2151,2210,-934252.443722322,-566518.932155123,-367733.511567199,-59,z,z
2152,2211,-566518.932155123,-597992.206163741,31473.274008618,-59,z,z
2153,2212,-1163971.54533896,-629465.480172359,-534506.065166604,-59,z,z
2154,2214,-1225121.68464265,-566518.932155123,-658602.752487528,-60,z,z
2155,2215,-1101360.51362491,-597992.206163741,-503368.307461173,-60,z,z
2156,2217,-1255758.81778772,-566518.932155123,-689239.885632601,-61,z,z
2157,2220,-1032297.42693569,-113489725.670549,112457428.243613,-63,z,z
2158,2221,-1544727.48713355,-110579796.807201,109035069.320068,-63,z,z
2159,2222,-386620.764998553,-107669867.943854,107283247.178856,-63,z,z
2160,2223,-871361.433166447,-104759939.080507,103888577.64734,-63,z,z
2161,2224,-862950.058603606,-101850010.217159,100987060.158556,-63,z,z
2162,2225,-807948.88643958,-98940081.3538119,98132132.4673723,-63,z,z
2163,2226,-1360153.01140448,-96030152.4904645,94669999.47906,-63,z,z
2164,2227,-743401.348785208,-93120223.627117,92376822.2783318,-63,z,z
2165,2228,-1533847.0294091,-90210294.7637696,88676447.7343606,-63,z,z
2166,2229,-1583086.51758991,-87300365.9004222,85717279.3828323,-63,z,z
2167,2230,-838842.646665144,-84390437.0370748,83551594.3904097,-63,z,z
2168,2231,-465569.899372179,-81480508.1737274,81014938.2743552,-63,z,z
2169,2232,-920762.080405006,-78570579.31038,77649817.229975,-63,z,z
2170,2233,-1067260.41418565,-75660650.4470326,74593390.0328469,-63,z,z
2171,2234,-986812.072362322,-72750721.5836852,71763909.5113229,-63,z,z
2172,2235,-1013736.38329951,-69840792.7203378,68827056.3370383,-63,z,z
2173,2236,-1061611.61402041,-66930863.8569904,65869252.24297,-63,z,z
2174,2237,-1758991.28423868,-64020934.993643,62261943.7094043,-63,z,z
2175,2238,-947121.739707445,-61111006.1302956,60163884.3905881,-63,z,z
2176,2239,-635227.470359516,-58201077.2669482,57565849.7965886,-63,z,z
2177,2240,-738649.081887697,-55291148.4036008,54552499.3217131,-63,z,z
2178,2241,-544268.451460591,-52381219.5402533,51836951.0887928,-63,z,z
2179,2242,-1253231.20611456,-49471290.6769059,48218059.4707914,-63,z,z
2180,2243,-1221683.80649291,-46561361.8135585,45339678.0070656,-63,z,z
2181,2244,-217059.482874987,-43651432.9502111,43434373.4673361,-63,z,z
2182,2245,-747949.785167403,-40741504.0868637,39993554.3016963,-63,z,z
2183,2246,-651943.090534081,-37831575.2235163,37179632.1329822,-63,z,z
2184,2247,-145155.49565501,-34921646.3601689,34776490.8645139,-63,z,z
2185,2248,-47894209.657591,-32011717.4968215,-15882492.1607695,-63,z,z
2186,2249,-52808536.370161,-29101788.6334741,-23706747.7366869,-63,z,z
2187,2250,-51151737.9033993,-26191859.7701267,-24959878.1332727,-63,z,z
2188,2251,-94845950.3457284,-23281930.9067793,-71564019.4389492,-63,z,z
2189,2252,-70358783.1690173,-20372002.0434319,-49986781.1255854,-63,z,z
2190,2253,-63064539.9512567,-17462073.1800844,-45602466.7711723,-63,z,z
2191,2254,-38242527.9204708,-14552144.316737,-23690383.6037338,-63,z,z
2192,2255,-78570579.31038,-11642215.4533896,-66928363.8569904,-63,z,z
2193,2256,-82698213.7133789,-8732286.59004222,-73965927.1233367,-63,z,z
2194,2257,-74344334.6696817,-5822357.72669482,-68521976.9429869,-63,z,z
2195,2258,-84766220.2006713,-2912428.86334741,-81853791.3373239,-63,z,z
2196,2259,-69682576.3181592,-2500,-69680076.3181592,-63,z,z
2197,2261,-104271605.381515,-1163971.54533896,-103107633.836176,-64,z,z
2198,2262,-26099401.6374023,-1228636.63119113,-24870765.0062112,-64,z,z
2199,2263,-58819396.7387352,-1293301.71704329,-57526095.0216919,-64,z,z
2200,2264,-58251628.9557434,-1357966.80289546,-56893662.152848,-64,z,z
2201,2265,-54539049.8346717,-1422631.88874762,-53116417.945924,-64,z,z
2202,2266,-91812828.2698023,-1487296.97459979,-90325531.2952025,-64,z,z
2203,2267,-50182091.0430015,-1551962.06045195,-48630128.9825496,-64,z,z
2204,2268,-103537174.485114,-1616627.14630412,-101920547.33881,-64,z,z
2205,2269,-106860839.937319,-1163971.54533896,-105696868.39198,-64,z,z
2206,2270,-56624378.6498972,-1228636.63119113,-55395742.0187061,-64,z,z
2207,2271,-31428468.2076221,-1293301.71704329,-30135166.4905788,-64,z,z
2208,2272,-62153940.4273379,-1357966.80289546,-60795973.6244424,-64,z,z
2209,2273,-72042577.9575316,-1422631.88874762,-70619946.068784,-64,z,z
2210,2274,-66612314.8844567,-1487296.97459979,-65125017.9098569,-64,z,z
2211,2275,-68429705.8727166,-1551962.06045195,-66877743.8122647,-64,z,z
2212,2276,-71661283.9463778,-1616627.14630412,-70044656.8000737,-64,z,z
2213,2277,-118734411.686111,-1163971.54533896,-117570440.140772,-64,z,z
2214,2278,-63933217.4302525,-1228636.63119113,-62704580.7990614,-64,z,z
2215,2279,-42880354.2492673,-1293301.71704329,-41587052.5322241,-64,z,z
2216,2280,-49861313.0274195,-1357966.80289546,-48503346.2245241,-64,z,z
2217,2281,-36740620.4735899,-1422631.88874762,-35317988.5848423,-64,z,z
2218,2282,-84595606.4127329,-1487296.97459979,-83108309.4381331,-64,z,z
2219,2283,-82466156.9382717,-1551962.06045195,-80914194.8778197,-64,z,z
2220,2284,-14654015.0940616,-1616627.14630412,-13037387.9477575,-64,z,z
2221,2285,-50489110.4987997,-1163971.54533896,-49325138.9534607,-64,z,z
2222,2286,-44008658.6110504,-1228636.63119113,-42780021.9798593,-64,z,z
2223,2287,-9800495.95671319,-1293301.71704329,-8507194.2396699,-64,z,z
2224,2288,-985426.124641791,-1357966.80289546,372540.678253667,-64,z,z
2225,2289,-1086543.95823377,-1422631.88874762,336087.930513857,-64,z,z
2226,2290,-1052453.45480246,-1487296.97459979,434843.519797331,-64,z,z
2227,2291,-1951511.32398618,-1551962.06045195,-399549.26353423,-64,z,z
2228,2292,-1447660.14751064,-1616627.14630412,168966.998793472,-64,z,z
2229,2293,-1297572.83850322,-1163971.54533896,-133601.293164261,-64,z,z
2230,2294,-786831.850215449,-1228636.63119113,441804.780975679,-64,z,z
2231,2295,-1616627.14630412,-1293301.71704329,-323325.429260823,-64,z,z
2232,2296,-1701557.89533702,-1357966.80289546,-343591.092441558,-64,z,z
2233,2297,-1529667.3800346,-1422631.88874762,-107035.491286981,-64,z,z
2234,2298,-1744109.46914962,-1487296.97459979,-256812.49454983,-64,z,z
2235,2299,-1433746.42629957,-1551962.06045195,118215.63415238,-64,z,z
2236,2300,-2145454.84324105,-1616627.14630412,-528827.696936931,-64,z,z
2237,2301,-536973.284720213,-1163971.54533896,626998.260618751,-64,z,z
2238,2302,-1210224.21273118,-1228636.63119113,18412.4184599514,-64,z,z
2239,2303,-1198541.74806056,-1293301.71704329,94759.9689827282,-64,z,z
2240,2304,-1122151.23116608,-1357966.80289546,235815.571729373,-64,z,z
2241,2305,-1889101.40472844,-1422631.88874762,-466469.51598082,-64,z,z
2242,2306,-1032501.87331279,-1487296.97459979,454795.101286998,-64,z,z
2243,2307,-2130343.09640152,-1551962.06045195,-578381.03594957,-64,z,z
2244,2308,-2198731.27443043,-1616627.14630412,-582104.128126316,-64,z,z
2245,2309,-1165059.23147937,-1163971.54533896,-1087.68614040269,-64,z,z
2246,2310,-646624.860239138,-1228636.63119113,582011.77095199,-64,z,z
2247,2311,-1278836.22278473,-1293301.71704329,14465.4942585626,-64,z,z
2248,2312,-1482306.13081341,-1357966.80289546,-124339.32791795,-64,z,z
2249,2313,-1370572.32272545,-1422631.88874762,52059.5660221749,-64,z,z
2250,2314,-1407967.19902709,-1487296.97459979,79329.7755726953,-64,z,z
2251,2315,-1474460.57502835,-1551962.06045195,77501.4854236001,-64,z,z
2252,2316,-2443043.45033151,-1616627.14630412,-826416.304027391,-64,z,z
2253,2317,-1315446.86070478,-1163971.54533896,-151475.315365821,-64,z,z
2254,2318,-882260.375499328,-1228636.63119113,346376.2556918,-64,z,z
2255,2319,-1025901.5026218,-1293301.71704329,267400.214421491,-64,z,z
2256,2320,-755928.404806377,-1357966.80289546,602038.398089081,-64,z,z
2257,2321,-1740598.89738134,-1422631.88874762,-317967.008633714,-64,z,z
2258,2322,-1696783.06457349,-1487296.97459979,-209486.089973705,-64,z,z
2259,2323,-301471.503993038,-1551962.06045195,1250490.55645891,-64,z,z
2260,2324,-1038819.14606584,-1616627.14630412,577808.000238279,-64,z,z
2261,2325,-905476.514630667,-1163971.54533896,258495.030708296,-64,z,z
2262,2326,-201604.855076403,-1228636.63119113,1027031.77611472,-64,z,z
2263,2327,-946009.079656119,-1293301.71704329,347292.637387174,-64,z,z
2264,2328,-1043082.19990441,-1357966.80289546,314884.602991042,-64,z,z
2265,2329,-1010355.31661036,-1422631.88874762,412276.572137265,-64,z,z
2266,2330,-1873450.87102673,-1487296.97459979,-386153.896426948,-64,z,z
2267,2331,-1389753.74161022,-1551962.06045195,162208.318841733,-64,z,z
2268,2332,-1245669.9249631,-1616627.14630412,370957.22134102,-64,z,z
2269,2333,-755358.576206831,-1163971.54533896,408612.969132132,-64,z,z
2270,2334,-1551962.06045195,-1228636.63119113,-323325.429260823,-64,z,z
2271,2335,-1633495.57952353,-1293301.71704329,-340193.862480242,-64,z,z
2272,2336,-1468480.68483322,-1357966.80289546,-110513.881937762,-64,z,z
2273,2337,-1674345.09038363,-1422631.88874762,-251713.20163601,-64,z,z
2274,2338,-1376396.56924759,-1487296.97459979,110900.405352198,-64,z,z
2275,2339,-2059636.64951141,-1551962.06045195,-507674.589059454,-64,z,z
2276,2340,-515494.353331404,-1616627.14630412,1101132.79297271,-64,z,z
2277,2341,-1161815.24422193,-1163971.54533896,2156.30111703393,-64,z,z
2278,2342,-1150600.07813814,-1228636.63119113,78036.553052986,-64,z,z
2279,2343,-1077265.18191944,-1293301.71704329,216036.535123852,-64,z,z
2280,2344,-1813537.3485393,-1357966.80289546,-455570.545643847,-64,z,z
2281,2345,-991201.798380277,-1422631.88874762,431430.090367345,-64,z,z
2282,2346,-2045129.37254546,-1487296.97459979,-557832.397945674,-64,z,z
2283,2347,-2110782.02345321,-1551962.06045195,-558819.963001263,-64,z,z
2284,2348,-1118456.86222019,-1616627.14630412,498170.284083924,-64,z,z
2285,2349,-620759.865829572,-1163971.54533896,543211.679509391,-64,z,z
2286,2350,-1227682.77387334,-1228636.63119113,953.857317786897,-64,z,z
2287,2351,-1423013.88558087,-1293301.71704329,-129712.168537578,-64,z,z
2288,2352,-1315749.42981643,-1357966.80289546,42217.373079028,-64,z,z
2289,2353,-1351648.51106601,-1422631.88874762,70983.3776816144,-64,z,z
2290,2354,-1415482.15202722,-1487296.97459979,71814.8225725696,-64,z,z
2291,2355,-2345321.71231825,-1551962.06045195,-793359.651866295,-64,z,z
2292,2356,-1262828.98627659,-1616627.14630412,353798.160027523,-64,z,z
2293,2357,-846969.960479355,-1163971.54533896,317001.584859608,-64,z,z
2294,2358,-984865.442516929,-1228636.63119113,243771.188674199,-64,z,z
2295,2359,-725691.268614122,-1293301.71704329,567610.448429171,-64,z,z
2296,2360,-1670974.94148608,-1357966.80289546,-313008.138590625,-64,z,z
2297,2361,-1628911.74199055,-1422631.88874762,-206279.85324293,-64,z,z
2298,2362,-289412.643833317,-1487296.97459979,1197884.33076647,-64,z,z
2299,2363,-997266.380223204,-1551962.06045195,554695.680228747,-64,z,z
2300,2364,-869257.454045441,-1616627.14630412,747369.692258675,-64,z,z
2301,2365,-193540.660873347,-1163971.54533896,970430.884465616,-64,z,z
2302,2366,-906592.034670447,-1228636.63119113,322044.596520681,-64,z,z
2303,2367,-999620.441575064,-1293301.71704329,293681.275468228,-64,z,z
2304,2368,-968257.178418259,-1357966.80289546,389709.624477198,-64,z,z
2305,2369,-1795390.41806729,-1422631.88874762,-372758.529319665,-64,z,z
2306,2370,-1331847.33570979,-1487296.97459979,155449.638889994,-64,z,z
2307,2371,-1193767.01142297,-1551962.06045195,358195.049028984,-64,z,z
2308,2372,-723885.302198213,-1616627.14630412,892741.844105903,-64,z,z
2309,2373,-1487296.97459979,-1163971.54533896,-323325.429260823,-64,z,z
2310,2374,-1565433.26371005,-1228636.63119113,-336796.632518926,-64,z,z
2311,2375,-1407293.98963183,-1293301.71704329,-113992.272588542,-64,z,z
2312,2376,-1604580.71161765,-1357966.80289546,-246613.90872219,-64,z,z
2313,2377,-1319046.71219561,-1422631.88874762,103585.176552016,-64,z,z
2314,2378,-1973818.45578176,-1487296.97459979,-486521.481181977,-64,z,z
2315,2379,-494015.421942596,-1551962.06045195,1057946.63850936,-64,z,z
2316,2380,-1113406.27571268,-1616627.14630412,503220.870591434,-64,z,z
2317,2381,-1102658.40821572,-1163971.54533896,61313.1371232439,-64,z,z
2318,2382,-1032379.1326728,-1228636.63119113,196257.498518331,-64,z,z
2319,2383,-1737973.29235017,-1293301.71704329,-444671.575306874,-64,z,z
2320,2384,-949901.723447766,-1357966.80289546,408065.079447692,-64,z,z
2321,2385,-1959915.6486894,-1422631.88874762,-537283.759941778,-64,z,z
2322,2386,-2022832.772476,-1487296.97459979,-535535.797876211,-64,z,z
2323,2387,-1071854.49296102,-1551962.06045195,480107.567490934,-64,z,z
2324,2388,-594894.871420007,-1616627.14630412,1021732.27488411,-64,z,z
2325,2389,-1176529.32496195,-1163971.54533896,-12557.7796229883,-64,z,z
2326,2390,-1363721.64034833,-1228636.63119113,-135085.009157207,-64,z,z
2327,2391,-1260926.53690741,-1293301.71704329,32375.1801358813,-64,z,z
2328,2392,-1295329.82310492,-1357966.80289546,62636.9797905332,-64,z,z
2329,2393,-1356503.72902608,-1422631.88874762,66128.1597215391,-64,z,z
2330,2394,-2247599.97430499,-1487296.97459979,-760302.999705199,-64,z,z
2331,2395,-1210211.1118484,-1551962.06045195,341750.94860355,-64,z,z
2332,2396,-811679.545459382,-1616627.14630412,804947.600844734,-64,z,z
2333,2397,-943829.382412057,-1163971.54533896,220142.162926906,-64,z,z
2334,2398,-695454.132421866,-1228636.63119113,533182.498769261,-64,z,z
2335,2399,-1601350.98559083,-1293301.71704329,-308049.268547536,-64,z,z
2336,2400,-1561040.41940761,-1357966.80289546,-203073.616512155,-64,z,z
2337,2401,-277353.783673595,-1422631.88874762,1145278.10507403,-64,z,z
2338,2402,-955713.61438057,-1487296.97459979,531583.360219216,-64,z,z
2339,2403,-833038.393460214,-1551962.06045195,718923.666991737,-64,z,z
2340,2404,-185476.466670291,-1616627.14630412,1431150.67963382,-64,z,z
2341,2405,-867174.989684776,-1163971.54533896,296796.555654188,-64,z,z
2342,2406,-956158.683245714,-1228636.63119113,272477.947945414,-64,z,z
2343,2407,-926159.040226161,-1293301.71704329,367142.676817132,-64,z,z
2344,2408,-1717329.96510784,-1357966.80289546,-359363.162212383,-64,z,z
2345,2409,-1273940.92980937,-1422631.88874762,148690.958938256,-64,z,z
2346,2410,-1141864.09788284,-1487296.97459979,345432.876716949,-64,z,z
2347,2411,-692412.028189595,-1551962.06045195,859550.032262356,-64,z,z
2348,2412,-1422631.88874762,-1616627.14630412,193995.257556494,-64,z,z
2349,2413,-1497370.94789657,-1163971.54533896,-333399.40255761,-64,z,z
2350,2414,-1346107.29443045,-1228636.63119113,-117470.663239323,-64,z,z
2351,2415,-1534816.33285166,-1293301.71704329,-241514.61580837,-64,z,z
2352,2416,-1261696.85514362,-1357966.80289546,96269.9477518345,-64,z,z
2353,2417,-1888000.26205212,-1422631.88874762,-465368.373304499,-64,z,z
2354,2418,-472536.490553787,-1487296.97459979,1014760.484046,-64,z,z
2355,2419,-1064997.30720344,-1551962.06045195,486964.753248516,-64,z,z
2356,2420,-1054716.7382933,-1616627.14630412,561910.408010819,-64,z,z
2357,2421,-987493.083426154,-1163971.54533896,176478.461912809,-64,z,z
2358,2422,-1662409.23616103,-1228636.63119113,-433772.604969901,-64,z,z
2359,2423,-908601.648515254,-1293301.71704329,384700.068528039,-64,z,z
2360,2424,-1874701.92483334,-1357966.80289546,-516735.121937882,-64,z,z
2361,2425,-1934883.52149878,-1422631.88874762,-512251.632751158,-64,z,z
2362,2426,-1025252.12370184,-1487296.97459979,462044.850897944,-64,z,z
2363,2427,-569029.877010441,-1551962.06045195,982932.18344151,-64,z,z
2364,2428,-1125375.87605056,-1616627.14630412,491251.270253553,-64,z,z
2365,2429,-1304429.3951158,-1163971.54533896,-140457.849776835,-64,z,z
2366,2430,-1206103.64399839,-1228636.63119113,22532.9871927344,-64,z,z
2367,2431,-1239011.13514384,-1293301.71704329,54290.5818994523,-64,z,z
2368,2432,-1297525.30602495,-1357966.80289546,60441.4968705084,-64,z,z
2369,2433,-2149878.23629173,-1422631.88874762,-727246.347544104,-64,z,z
2370,2434,-1157593.23742021,-1487296.97459979,329703.737179576,-64,z,z
2371,2435,-776389.130439409,-1551962.06045195,775572.930012542,-64,z,z
2372,2436,-902793.322307185,-1616627.14630412,713833.823996931,-64,z,z
2373,2437,-665216.996229611,-1163971.54533896,498754.549109352,-64,z,z
2374,2438,-1531727.02969558,-1228636.63119113,-303090.398504447,-64,z,z
2375,2439,-1493169.09682467,-1293301.71704329,-199867.37978138,-64,z,z
2376,2440,-265294.923513874,-1357966.80289546,1092671.87938158,-64,z,z
2377,2441,-914160.848537937,-1422631.88874762,508471.040209685,-64,z,z
2378,2442,-796819.332874988,-1487296.97459979,690477.641724799,-64,z,z
2379,2443,-177412.272467235,-1551962.06045195,1374549.78798472,-64,z,z
2380,2444,-827757.944699104,-1616627.14630412,788869.201605012,-64,z,z
2381,2445,-912696.924916363,-1163971.54533896,251274.6204226,-64,z,z
2382,2446,-884060.902034063,-1228636.63119113,344575.729157065,-64,z,z
2383,2447,-1639269.51214839,-1293301.71704329,-345967.7951051,-64,z,z
2384,2448,-1216034.52390894,-1357966.80289546,141932.278986517,-64,z,z
2385,2449,-1089961.18434271,-1422631.88874762,332670.704404913,-64,z,z
2386,2450,-660938.754180977,-1487296.97459979,826358.22041881,-64,z,z
2387,2451,-1357966.80289546,-1551962.06045195,193995.257556494,-64,z,z
2388,2452,-1429308.63208309,-1616627.14630412,187318.514221023,-64,z,z
2389,2453,-1284920.59922907,-1163971.54533896,-120949.053890103,-64,z,z
2390,2454,-1465051.95408568,-1228636.63119113,-236415.32289455,-64,z,z
2391,2455,-1204346.99809164,-1293301.71704329,88954.7189516528,-64,z,z
2392,2456,-1802182.06832248,-1357966.80289546,-444215.265427022,-64,z,z
2393,2457,-451057.559164979,-1422631.88874762,971574.329582643,-64,z,z
2394,2458,-1016588.33869419,-1487296.97459979,470708.635905598,-64,z,z
2395,2459,-1006775.06837087,-1551962.06045195,545186.992081077,-64,z,z
2396,2460,-942607.03417951,-1616627.14630412,674020.112124605,-64,z,z
2397,2461,-1586845.17997189,-1163971.54533896,-422873.634632928,-64,z,z
2398,2462,-867301.573582743,-1228636.63119113,361335.057608385,-64,z,z
2399,2463,-1789488.20097728,-1293301.71704329,-496186.483933985,-64,z,z
2400,2464,-1846934.27052156,-1357966.80289546,-488967.467626105,-64,z,z
2401,2465,-978649.754442668,-1422631.88874762,443982.134304954,-64,z,z
2402,2466,-543164.882600876,-1487296.97459979,944132.091998911,-64,z,z
2403,2467,-1074222.42713917,-1551962.06045195,477739.633312778,-64,z,z
2404,2468,-1245137.14988326,-1616627.14630412,371489.996420854,-64,z,z
2405,2469,-1151280.75108938,-1163971.54533896,12690.7942495877,-64,z,z
2406,2470,-1182692.44718276,-1228636.63119113,45944.1840083713,-64,z,z
2407,2471,-1238546.88302381,-1293301.71704329,54754.8340194777,-64,z,z
2408,2472,-2052156.49827847,-1357966.80289546,-694189.695383008,-64,z,z
2409,2473,-1104975.36299202,-1422631.88874762,317656.525755603,-64,z,z
2410,2474,-741098.715419436,-1487296.97459979,746198.259180351,-64,z,z
2411,2475,-861757.262202313,-1551962.06045195,690204.798249638,-64,z,z
2412,2476,-634979.860037356,-1616627.14630412,981647.28626676,-64,z,z
2413,2477,-1462103.07380032,-1163971.54533896,-298131.528461359,-64,z,z
2414,2478,-1425297.77424173,-1228636.63119113,-196661.143050605,-64,z,z
2415,2479,-253236.063354152,-1293301.71704329,1040065.65368914,-64,z,z
2416,2480,-872608.082695303,-1357966.80289546,485358.720200154,-64,z,z
2417,2481,-760600.272289761,-1422631.88874762,662031.616457861,-64,z,z
2418,2482,-169348.078264179,-1487296.97459979,1317948.89633561,-64,z,z
2419,2483,-788340.899713433,-1551962.06045195,763621.160738519,-64,z,z
2420,2484,-869235.166587012,-1616627.14630412,747391.979717103,-64,z,z
2421,2485,-841962.763841964,-1163971.54533896,322008.781496999,-64,z,z
2422,2486,-1561209.05918895,-1228636.63119113,-332572.427997817,-64,z,z
2423,2487,-1158128.11800851,-1293301.71704329,135173.599034778,-64,z,z
2424,2488,-1038058.27080258,-1357966.80289546,319908.532092877,-64,z,z
2425,2489,-629465.480172359,-1422631.88874762,793166.408575263,-64,z,z
2426,2490,-1293301.71704329,-1487296.97459979,193995.257556494,-64,z,z
2427,2491,-1361246.31626961,-1551962.06045195,190715.744182339,-64,z,z
2428,2492,-1223733.90402768,-1616627.14630412,392893.242276433,-64,z,z
2429,2493,-1395287.57531969,-1163971.54533896,-231316.02998073,-64,z,z
2430,2494,-1146997.14103966,-1228636.63119113,81639.4901514708,-64,z,z
2431,2495,-1716363.87459284,-1293301.71704329,-423062.157549545,-64,z,z
2432,2496,-429578.62777617,-1357966.80289546,928388.175119287,-64,z,z
2433,2497,-968179.370184941,-1422631.88874762,454452.518562681,-64,z,z
2434,2498,-958833.398448452,-1487296.97459979,528463.576151335,-64,z,z
2435,2499,-897720.984932867,-1551962.06045195,654241.075519084,-64,z,z
2436,2500,-1511281.12378275,-1616627.14630412,105346.022521363,-64,z,z
2437,2501,-826001.498650231,-1163971.54533896,337970.046688732,-64,z,z
2438,2502,-1704274.47712122,-1228636.63119113,-475637.845930089,-64,z,z
2439,2503,-1758985.01954434,-1293301.71704329,-465683.302501052,-64,z,z
2440,2504,-932047.385183493,-1357966.80289546,425919.417711964,-64,z,z
2441,2505,-517299.88819131,-1422631.88874762,905332.000556312,-64,z,z
2442,2506,-1023068.97822778,-1487296.97459979,464227.996372002,-64,z,z
2443,2507,-1185844.90465073,-1551962.06045195,366117.155801226,-64,z,z
2444,2509,-1096457.85818036,-1163971.54533896,67513.6871586056,-65,z,z
2445,2510,-1126373.75922167,-1228636.63119113,102262.871969455,-65,z,z
2446,2511,-1179568.46002268,-1293301.71704329,113733.257020612,-65,z,z
2447,2512,-1954434.76026521,-1357966.80289546,-596467.957369748,-65,z,z
2448,2513,-1052357.48856383,-1422631.88874762,370274.400183795,-65,z,z
2449,2514,-705808.300399463,-1487296.97459979,781488.674200324,-65,z,z
2450,2516,-820721.202097441,-1163971.54533896,343250.343241522,-66,z,z
2451,2517,-604742.723845101,-1228636.63119113,623893.907346027,-66,z,z
2452,2518,-1392479.11790507,-1293301.71704329,-99177.400861776,-66,z,z
2453,2519,-1357426.45165879,-1357966.80289546,540.351236664225,-66,z,z
2454,2520,-241177.20319443,-1422631.88874762,1181454.68555319,-66,z,z
2455,2522,-831055.31685267,-1163971.54533896,332916.228486294,-67,z,z
2456,2523,-724381.211704534,-1228636.63119113,504255.419486594,-67,z,z
2457,2524,-161283.884061122,-1293301.71704329,1132017.83298217,-67,z,z
2458,2525,-748923.854727761,-1357966.80289546,609042.948167696,-67,z,z
2459,2527,-825773.408257662,-1163971.54533896,338198.137081301,-68,z,z
2460,2528,-799864.625649866,-1228636.63119113,428772.005541262,-68,z,z
2461,2529,-1483148.6062295,-1293301.71704329,-189846.889186205,-68,z,z
2462,2531,-1100221.71210809,-1163971.54533896,63749.8332308743,-69,z,z
2463,2532,-986155.357262451,-1228636.63119113,242481.273928677,-69,z,z
2464,2534,-597992.206163741,-1163971.54533896,565979.339175222,-70,z,z
2465,2537,-1228636.63119113,-119451864.252658,118223227.621467,-72,z,z
2466,2538,-1293184.00045613,-116389060.041052,115095876.040596,-72,z,z
2467,2539,-1162547.2088263,-113326255.829445,112163708.620619,-72,z,z
2468,2540,-1325523.19655371,-110263451.617839,108937928.421285,-72,z,z
2469,2541,-1089647.28398767,-107200647.406232,106111000.122244,-72,z,z
2470,2542,-1630545.6808632,-104137843.194625,102507297.513762,-72,z,z
2471,2543,-408099.696387362,-101075038.983019,100666939.286631,-72,z,z
2472,2544,-919770.401675694,-98012234.7714121,97092464.3697364,-72,z,z
2473,2545,-910891.728526029,-94949430.5598054,94038538.8312794,-72,z,z
2474,2546,-852834.935686224,-91886626.3481988,91033791.4125126,-72,z,z
2475,2547,-1435717.06759362,-88823822.1365922,87388105.0689986,-72,z,z
2476,2548,-784701.42371772,-85761017.9249856,84976316.5012678,-72,z,z
2477,2549,-1619060.75326516,-82698213.7133789,81079152.9601138,-72,z,z
2478,2550,-1671035.76856713,-79635409.5017723,77964373.7332052,-72,z,z
2479,2551,-885445.015924318,-76572605.2901657,75687160.2742414,-72,z,z
2480,2552,-491434.893781745,-73509801.078559,73018366.1847773,-72,z,z
2481,2553,-971915.529316395,-70446996.8669524,69475081.337636,-72,z,z
2482,2554,-1126552.65941819,-67384192.6553458,66257639.9959276,-72,z,z
2483,2555,-1041634.96527134,-64321388.4437392,63279753.4784678,-72,z,z
2484,2556,-1070055.07126059,-61258584.2321325,60188529.160872,-72,z,z
2485,2557,-1120590.03702155,-58195780.0205259,57075189.9835044,-72,z,z
2486,2558,-1856713.02225194,-55132975.8089193,53276262.7866673,-72,z,z
2487,2559,-999739.614135636,-52070171.5973127,51070431.983177,-72,z,z
2488,2560,-670517.885379489,-49007367.385706,48336849.5003265,-72,z,z
2489,2561,-779685.141992569,-45944563.1740994,45164878.0321068,-72,z,z
2490,2562,-574505.587652846,-42881758.9624928,42307253.3748399,-72,z,z
2491,2563,-1322855.16200982,-39818954.7508862,38496099.5888763,-72,z,z
2492,2564,-1289555.12907585,-36756150.5392795,35466595.4102037,-72,z,z
2493,2565,-229118.343034709,-33693346.3276729,33464227.9846382,-72,z,z
2494,2566,-789502.551010036,-30630542.1160663,29841039.5650562,-72,z,z
2495,2567,-688162.151119307,-27567737.9044596,26879575.7533403,-72,z,z
2496,2568,-153219.689858066,-24504933.692853,24351714.0029949,-72,z,z
2497,2569,-709506.809742089,-21442129.4812464,20732622.6715043,-72,z,z
2498,2570,-782311.649928311,-18379325.2696398,17597013.6197114,-72,z,z
2499,2571,-757766.487457768,-15316521.0580331,14558754.5705754,-72,z,z
2500,2572,-1405088.15327005,-12253716.8464265,10848628.6931565,-72,z,z
2501,2573,-1042315.30620766,-9190912.63481988,8148597.32861222,-72,z,z
2502,2574,-934252.443722322,-6128108.42321325,5193855.97949093,-72,z,z
2503,2575,-566518.932155123,-3065304.21160663,2498785.2794515,-72,z,z
2504,2576,-1163971.54533896,-2500,-1161471.54533896,-72,z,z
2505,2578,-1225121.68464265,-1225121.68464265,0,-73,z,z
2506,2579,-1101360.51362491,-1293184.00045613,191823.486831217,-73,z,z
2507,2580,-1255758.81778772,-1361246.31626961,105487.498481888,-73,z,z
2508,2581,-1032297.42693569,-1429308.63208309,397011.205147401,-73,z,z
2509,2582,-1544727.48713355,-1497370.94789657,-47356.5392369803,-73,z,z
2510,2583,-386620.764998553,-1565433.26371005,1178812.4987115,-73,z,z
2511,2584,-871361.433166447,-1633495.57952353,762134.146357088,-73,z,z
2512,2585,-862950.058603606,-1701557.89533702,838607.836733409,-73,z,z
2513,2586,-807948.88643958,-1225121.68464265,417172.79820307,-73,z,z
2514,2587,-1360153.01140448,-1293184.00045613,-66969.0109483465,-73,z,z
2515,2588,-743401.348785208,-1361246.31626961,617844.967484404,-73,z,z
2516,2589,-1533847.0294091,-1429308.63208309,-104538.397326003,-73,z,z
2517,2590,-1583086.51758991,-1497370.94789657,-85715.5696933372,-73,z,z
2518,2591,-838842.646665144,-1565433.26371005,726590.61704491,-73,z,z
2519,2592,-465569.899372179,-1633495.57952353,1167925.68015136,-73,z,z
2520,2593,-920762.080405006,-1701557.89533702,780795.81493201,-73,z,z
2521,2594,-1067260.41418565,-1225121.68464265,157861.270456998,-73,z,z
2522,2595,-986812.072362322,-1293184.00045613,306371.928093809,-73,z,z
2523,2596,-1013736.38329951,-1361246.31626961,347509.932970106,-73,z,z
2524,2597,-1061611.61402041,-1429308.63208309,367697.01806268,-73,z,z
2525,2598,-1758991.28423868,-1497370.94789657,-261620.336342111,-73,z,z
2526,2599,-947121.739707445,-1565433.26371005,618311.524002609,-73,z,z
2527,2600,-635227.470359516,-1633495.57952353,998268.109164018,-73,z,z
2528,2601,-738649.081887697,-1701557.89533702,962908.813449318,-73,z,z
2529,2602,-544268.451460591,-1225121.68464265,680853.23318206,-73,z,z
2530,2603,-1253231.20611456,-1293184.00045613,39952.7943415698,-73,z,z
2531,2604,-1221683.80649291,-1361246.31626961,139562.509776698,-73,z,z
2532,2605,-217059.482874987,-1429308.63208309,1212249.14920811,-73,z,z
2533,2606,-747949.785167403,-1497370.94789657,749421.162729171,-73,z,z
2534,2607,-651943.090534081,-1565433.26371005,913490.173175973,-73,z,z
2535,2608,-145155.49565501,-1633495.57952353,1488340.08386852,-73,z,z
2536,2609,-46120442.6332358,-1701557.89533702,-44418884.7378988,-73,z,z
2537,2610,-50852757.2453402,-1225121.68464265,-49627635.5606976,-73,z,z
2538,2611,-49257321.6847549,-1293184.00045613,-47964137.6842988,-73,z,z
2539,2612,-91333229.9625533,-1361246.31626961,-89971983.6462837,-73,z,z
2540,2613,-67752994.9034981,-1429308.63208309,-66323686.271415,-73,z,z
2541,2614,-60728908.8419509,-1497370.94789657,-59231537.8940543,-73,z,z
2542,2615,-36826230.590083,-1565433.26371005,-35260797.3263729,-73,z,z
2543,2616,-75660650.4470326,-1633495.57952353,-74027154.8675091,-73,z,z
2544,2617,-79635409.5017723,-1701557.89533702,-77933851.6064353,-73,z,z
2545,2618,-71590933.3856194,-1225121.68464265,-70365811.7009768,-73,z,z
2546,2619,-81626823.156202,-1293184.00045613,-80333639.1557459,-73,z,z
2547,2620,-67101832.7508199,-1361246.31626961,-65740586.4345503,-73,z,z
2548,2621,-100409786.663681,-1429308.63208309,-98980478.0315979,-73,z,z
2549,2622,-25132849.724906,-1497370.94789657,-23635478.7770094,-73,z,z
2550,2623,-56640993.1558191,-1565433.26371005,-55075559.892109,-73,z,z
2551,2624,-56094253.8092344,-1633495.57952353,-54460758.2297109,-73,z,z
2552,2625,-52519177.6185727,-1701557.89533702,-50817619.7232357,-73,z,z
2553,2626,-88412445.7412911,-1225121.68464265,-87187324.0566484,-73,z,z
2554,2627,-48323587.6710385,-1293184.00045613,-47030403.6705824,-73,z,z
2555,2628,-99702556.9115912,-1361246.31626961,-98341310.5953216,-73,z,z
2556,2629,-102903123.643344,-1429308.63208309,-101473815.011261,-73,z,z
2557,2630,-54527272.0332343,-1497370.94789657,-53029901.0853378,-73,z,z
2558,2631,-30264543.4591916,-1565433.26371005,-28699110.1954816,-73,z,z
2559,2632,-59852035.2263254,-1633495.57952353,-58218539.6468018,-73,z,z
2560,2633,-69374426.9220674,-1701557.89533702,-67672869.0267304,-73,z,z
2561,2634,-64145284.7035509,-1225121.68464265,-62920163.0189083,-73,z,z
2562,2635,-65895364.9144679,-1293184.00045613,-64602180.9140117,-73,z,z
2563,2636,-69007254.9113268,-1361246.31626961,-67646008.5950572,-73,z,z
2564,2637,-114336933.475514,-1429308.63208309,-112907624.843431,-73,z,z
2565,2638,-61565413.0809839,-1497370.94789657,-60068042.1330873,-73,z,z
2566,2639,-41292285.5733686,-1565433.26371005,-39726852.3096585,-73,z,z
2567,2640,-48014690.3227003,-1633495.57952353,-46381194.7431768,-73,z,z
2568,2641,-35379949.3449384,-1701557.89533702,-33678391.4496014,-73,z,z
2569,2642,-81462528.3974465,-1225121.68464265,-80237406.7128038,-73,z,z
2570,2643,-79411947.4220394,-1293184.00045613,-78118763.4215833,-73,z,z
2571,2644,-14111366.3868742,-1361246.31626961,-12750120.0706046,-73,z,z
2572,2645,-48619236.0358812,-1429308.63208309,-47189927.4037981,-73,z,z
2573,2646,-42378800.8847152,-1497370.94789657,-40881429.9368187,-73,z,z
2574,2647,-9437607.21757566,-1565433.26371005,-7872173.95386561,-73,z,z
2575,2648,-985426.124641791,-1633495.57952353,648069.454881744,-73,z,z
2576,2649,-1086543.95823377,-1701557.89533702,615013.93710325,-73,z,z
2577,2650,-1052453.45480246,-1225121.68464265,172668.229840195,-73,z,z
2578,2651,-1951511.32398618,-1293184.00045613,-658327.32353005,-73,z,z
2579,2652,-1447660.14751064,-1361246.31626961,-86413.8312410314,-73,z,z
2580,2653,-1297572.83850322,-1429308.63208309,131735.793579868,-73,z,z
2581,2654,-786831.850215449,-1497370.94789657,710539.097681125,-73,z,z
2582,2655,-1616627.14630412,-1565433.26371005,-51193.882594062,-73,z,z
2583,2656,-1701557.89533702,-1633495.57952353,-68062.3158134804,-73,z,z
2584,2657,-1529667.3800346,-1701557.89533702,171890.515302412,-73,z,z
2585,2658,-1744109.46914962,-1225121.68464265,-518987.784506965,-73,z,z
2586,2659,-1433746.42629957,-1293184.00045613,-140562.42584344,-73,z,z
2587,2660,-2145454.84324105,-1361246.31626961,-784208.526971435,-73,z,z
2588,2661,-536973.284720213,-1429308.63208309,892335.34736288,-73,z,z
2589,2662,-1210224.21273118,-1497370.94789657,287146.735165397,-73,z,z
2590,2663,-1198541.74806056,-1565433.26371005,366891.515649489,-73,z,z
2591,2664,-1122151.23116608,-1633495.57952353,511344.348357451,-73,z,z
2592,2665,-1889101.40472844,-1701557.89533702,-187543.509391426,-73,z,z
2593,2666,-1032501.87331279,-1225121.68464265,192619.811329862,-73,z,z
2594,2667,-2130343.09640152,-1293184.00045613,-837159.09594539,-73,z,z
2595,2668,-2198731.27443043,-1361246.31626961,-837484.95816082,-73,z,z
2596,2669,-1165059.23147937,-1429308.63208309,264249.400603727,-73,z,z
2597,2670,-646624.860239138,-1497370.94789657,850746.087657435,-73,z,z
2598,2671,-1278836.22278473,-1565433.26371005,286597.040925324,-73,z,z
2599,2672,-1482306.13081341,-1633495.57952353,151189.448710128,-73,z,z
2600,2673,-1370572.32272545,-1701557.89533702,330985.572611568,-73,z,z
2601,2674,-1407967.19902709,-1225121.68464265,-182845.51438444,-73,z,z
2602,2675,-1474460.57502835,-1293184.00045613,-181276.57457222,-73,z,z
2603,2676,-2443043.45033151,-1361246.31626961,-1081797.13406189,-73,z,z
2604,2677,-1315446.86070478,-1429308.63208309,113861.771378308,-73,z,z
2605,2678,-882260.375499328,-1497370.94789657,615110.572397245,-73,z,z
2606,2679,-1025901.5026218,-1565433.26371005,539531.761088253,-73,z,z
2607,2680,-755928.404806377,-1633495.57952353,877567.174717158,-73,z,z
2608,2681,-1740598.89738134,-1701557.89533702,-39041.0020443206,-73,z,z
2609,2682,-1696783.06457349,-1225121.68464265,-471661.37993084,-73,z,z
2610,2683,-301471.503993038,-1293184.00045613,991712.496463093,-73,z,z
2611,2684,-1038819.14606584,-1361246.31626961,322427.170203775,-73,z,z
2612,2685,-905476.514630667,-1429308.63208309,523832.117452425,-73,z,z
2613,2686,-201604.855076403,-1497370.94789657,1295766.09282017,-73,z,z
2614,2687,-946009.079656119,-1565433.26371005,619424.184053935,-73,z,z
2615,2688,-1043082.19990441,-1633495.57952353,590413.37961912,-73,z,z
2616,2689,-1010355.31661036,-1701557.89533702,691202.578726658,-73,z,z
2617,2690,-1873450.87102673,-1225121.68464265,-648329.186384083,-73,z,z
2618,2691,-1389753.74161022,-1293184.00045613,-96569.7411540863,-73,z,z
2619,2692,-1245669.9249631,-1361246.31626961,115576.391306516,-73,z,z
2620,2693,-755358.576206831,-1429308.63208309,673950.055876262,-73,z,z
2621,2694,-1551962.06045195,-1497370.94789657,-54591.1125553777,-73,z,z
2622,2695,-1633495.57952353,-1565433.26371005,-68062.3158134809,-73,z,z
2623,2696,-1468480.68483322,-1633495.57952353,165014.894690316,-73,z,z
2624,2697,-1674345.09038363,-1701557.89533702,27212.8049533833,-73,z,z
2625,2698,-1376396.56924759,-1225121.68464265,-151274.884604938,-73,z,z
2626,2699,-2059636.64951141,-1293184.00045613,-766452.649055274,-73,z,z
2627,2700,-515494.353331404,-1361246.31626961,845751.962938208,-73,z,z
2628,2701,-1161815.24422193,-1429308.63208309,267493.387861163,-73,z,z
2629,2702,-1150600.07813814,-1497370.94789657,346770.869758432,-73,z,z
2630,2703,-1077265.18191944,-1565433.26371005,488168.081790613,-73,z,z
2631,2704,-1813537.3485393,-1633495.57952353,-180041.769015769,-73,z,z
2632,2705,-991201.798380277,-1701557.89533702,710356.096956738,-73,z,z
2633,2706,-2045129.37254546,-1225121.68464265,-820007.68790281,-73,z,z
2634,2707,-2110782.02345321,-1293184.00045613,-817598.022997083,-73,z,z
2635,2708,-1118456.86222019,-1361246.31626961,242789.454049421,-73,z,z
2636,2709,-620759.865829572,-1429308.63208309,808548.76625352,-73,z,z
2637,2710,-1227682.77387334,-1497370.94789657,269688.174023232,-73,z,z
2638,2711,-1423013.88558087,-1565433.26371005,142419.378129183,-73,z,z
2639,2712,-1315749.42981643,-1633495.57952353,317746.149707106,-73,z,z
2640,2713,-1351648.51106601,-1701557.89533702,349909.384271008,-73,z,z
2641,2714,-1415482.15202722,-1225121.68464265,-190360.467384566,-73,z,z
2642,2715,-2345321.71231825,-1293184.00045613,-1052137.71186211,-73,z,z
2643,2716,-1262828.98627659,-1361246.31626961,98417.3299930191,-73,z,z
2644,2717,-846969.960479355,-1429308.63208309,582338.671603738,-73,z,z
2645,2718,-984865.442516929,-1497370.94789657,512505.505379644,-73,z,z
2646,2719,-725691.268614122,-1565433.26371005,839741.995095932,-73,z,z
2647,2720,-1670974.94148608,-1633495.57952353,-37479.3619625475,-73,z,z
2648,2721,-1628911.74199055,-1701557.89533702,72646.1533464636,-73,z,z
2649,2722,-289412.643833317,-1225121.68464265,935709.040809334,-73,z,z
2650,2723,-997266.380223204,-1293184.00045613,295917.620232928,-73,z,z
2651,2724,-869257.454045441,-1361246.31626961,491988.862224171,-73,z,z
2652,2725,-193540.660873347,-1429308.63208309,1235767.97120975,-73,z,z
2653,2726,-906592.034670447,-1497370.94789657,590778.913226126,-73,z,z
2654,2727,-999620.441575064,-1565433.26371005,565812.822134989,-73,z,z
2655,2728,-968257.178418259,-1633495.57952353,665238.401105276,-73,z,z
2656,2729,-1795390.41806729,-1701557.89533702,-93832.5227302718,-73,z,z
2657,2730,-1331847.33570979,-1225121.68464265,-106725.651067141,-73,z,z
2658,2731,-1193767.01142297,-1293184.00045613,99416.9890331647,-73,z,z
2659,2732,-723885.302198213,-1361246.31626961,637361.014071399,-73,z,z
2660,2733,-1487296.97459979,-1429308.63208309,-57988.3425166938,-73,z,z
2661,2734,-1565433.26371005,-1497370.94789657,-68062.3158134804,-73,z,z
2662,2735,-1407293.98963183,-1565433.26371005,158139.274078219,-73,z,z
2663,2736,-1604580.71161765,-1633495.57952353,28914.8679058878,-73,z,z
2664,2737,-1319046.71219561,-1701557.89533702,382511.183141409,-73,z,z
2665,2738,-1973818.45578176,-1225121.68464265,-748696.771139112,-73,z,z
2666,2739,-494015.421942596,-1293184.00045613,799168.578513536,-73,z,z
2667,2740,-1113406.27571268,-1361246.31626961,247840.04055693,-73,z,z
2668,2741,-1102658.40821572,-1429308.63208309,326650.223867373,-73,z,z
2669,2742,-1032379.1326728,-1497370.94789657,464991.815223776,-73,z,z
2670,2743,-1737973.29235017,-1565433.26371005,-172540.028640112,-73,z,z
2671,2744,-949901.723447766,-1633495.57952353,683593.856075769,-73,z,z
2672,2745,-1959915.6486894,-1701557.89533702,-258357.753352385,-73,z,z
2673,2746,-2022832.772476,-1225121.68464265,-797711.087833346,-73,z,z
2674,2747,-1071854.49296102,-1293184.00045613,221329.507495115,-73,z,z
2675,2748,-594894.871420007,-1361246.31626961,766351.444849605,-73,z,z
2676,2749,-1176529.32496195,-1429308.63208309,252779.307121141,-73,z,z
2677,2750,-1363721.64034833,-1497370.94789657,133649.307548239,-73,z,z
2678,2751,-1260926.53690741,-1565433.26371005,304506.726802643,-73,z,z
2679,2752,-1295329.82310492,-1633495.57952353,338165.756418611,-73,z,z
2680,2753,-1356503.72902608,-1701557.89533702,345054.166310932,-73,z,z
2681,2754,-2247599.97430499,-1225121.68464265,-1022478.28966234,-73,z,z
2682,2755,-1210211.1118484,-1293184.00045613,82972.8886077299,-73,z,z
2683,2756,-811679.545459382,-1361246.31626961,549566.77081023,-73,z,z
2684,2757,-943829.382412057,-1429308.63208309,485479.249671036,-73,z,z
2685,2758,-695454.132421866,-1497370.94789657,801916.815474707,-73,z,z
2686,2759,-1601350.98559083,-1565433.26371005,-35917.7218807749,-73,z,z
2687,2760,-1561040.41940761,-1633495.57952353,72455.1601159228,-73,z,z
2688,2761,-277353.783673595,-1701557.89533702,1424204.11166342,-73,z,z
2689,2762,-955713.61438057,-1225121.68464265,269408.070262081,-73,z,z
2690,2763,-833038.393460214,-1293184.00045613,460145.606995917,-73,z,z
2691,2764,-185476.466670291,-1361246.31626961,1175769.84959932,-73,z,z
2692,2765,-867174.989684776,-1429308.63208309,562133.642398317,-73,z,z
2693,2766,-956158.683245714,-1497370.94789657,541212.26465086,-73,z,z
2694,2767,-926159.040226161,-1565433.26371005,639274.223483893,-73,z,z
2695,2768,-1717329.96510784,-1633495.57952353,-83834.3855843051,-73,z,z
2696,2769,-1273940.92980937,-1701557.89533702,427616.965527649,-73,z,z
2697,2770,-1141864.09788284,-1225121.68464265,83257.5867598131,-73,z,z
2698,2771,-692412.028189595,-1293184.00045613,600771.972266537,-73,z,z
2699,2772,-1422631.88874762,-1361246.31626961,-61385.5724780099,-73,z,z
2700,2773,-1497370.94789657,-1429308.63208309,-68062.3158134806,-73,z,z
2701,2774,-1346107.29443045,-1497370.94789657,151263.653466123,-73,z,z
2702,2775,-1534816.33285166,-1565433.26371005,30616.9308583913,-73,z,z
2703,2776,-1261696.85514362,-1633495.57952353,371798.724379912,-73,z,z
2704,2777,-1888000.26205212,-1701557.89533702,-186442.366715106,-73,z,z
2705,2778,-472536.490553787,-1225121.68464265,752585.194088864,-73,z,z
2706,2779,-1064997.30720344,-1293184.00045613,228186.693252696,-73,z,z
2707,2780,-1054716.7382933,-1361246.31626961,306529.577976315,-73,z,z
2708,2781,-987493.083426154,-1429308.63208309,441815.548656939,-73,z,z
2709,2782,-1662409.23616103,-1497370.94789657,-165038.288264455,-73,z,z
2710,2783,-908601.648515254,-1565433.26371005,656831.6151948,-73,z,z
2711,2784,-1874701.92483334,-1633495.57952353,-241206.345309804,-73,z,z
2712,2785,-1934883.52149878,-1701557.89533702,-233325.626161765,-73,z,z
2713,2786,-1025252.12370184,-1225121.68464265,199869.560940809,-73,z,z
2714,2787,-569029.877010441,-1293184.00045613,724154.12344569,-73,z,z
2715,2788,-1125375.87605056,-1361246.31626961,235870.44021905,-73,z,z
2716,2789,-1304429.3951158,-1429308.63208309,124879.236967295,-73,z,z
2717,2790,-1206103.64399839,-1497370.94789657,291267.30389818,-73,z,z
2718,2791,-1239011.13514384,-1565433.26371005,326422.128566213,-73,z,z
2719,2792,-1297525.30602495,-1633495.57952353,335970.273498586,-73,z,z
2720,2793,-2149878.23629173,-1701557.89533702,-448320.340954711,-73,z,z
2721,2794,-1157593.23742021,-1225121.68464265,67528.4472224405,-73,z,z
2722,2795,-776389.130439409,-1293184.00045613,516794.870016723,-73,z,z
2723,2796,-902793.322307185,-1361246.31626961,458452.993962427,-73,z,z
2724,2797,-665216.996229611,-1429308.63208309,764091.635853481,-73,z,z
2725,2798,-1531727.02969558,-1497370.94789657,-34356.0817990019,-73,z,z
2726,2799,-1493169.09682467,-1565433.26371005,72264.1668853816,-73,z,z
2727,2800,-265294.923513874,-1633495.57952353,1368200.65600966,-73,z,z
2728,2801,-914160.848537937,-1701557.89533702,787397.046799078,-73,z,z
2729,2802,-796819.332874988,-1225121.68464265,428302.351767663,-73,z,z
2730,2803,-177412.272467235,-1293184.00045613,1115771.7279889,-73,z,z
2731,2804,-827757.944699104,-1361246.31626961,533488.371570508,-73,z,z
2732,2805,-912696.924916363,-1429308.63208309,516611.70716673,-73,z,z
2733,2806,-884060.902034063,-1497370.94789657,613310.045862511,-73,z,z
2734,2807,-1639269.51214839,-1565433.26371005,-73836.2484383385,-73,z,z
2735,2808,-1216034.52390894,-1633495.57952353,417461.055614594,-73,z,z
2736,2809,-1089961.18434271,-1701557.89533702,611596.710994306,-73,z,z
2737,2810,-660938.754180977,-1225121.68464265,564182.930461674,-73,z,z
2738,2811,-1357966.80289546,-1293184.00045613,-64782.8024393257,-73,z,z
2739,2812,-1429308.63208309,-1361246.31626961,-68062.3158134806,-73,z,z
2740,2813,-1284920.59922907,-1429308.63208309,144388.032854026,-73,z,z
2741,2814,-1465051.95408568,-1497370.94789657,32318.9938108956,-73,z,z
2742,2815,-1204346.99809164,-1565433.26371005,361086.265618414,-73,z,z
2743,2816,-1802182.06832248,-1633495.57952353,-168686.488798945,-73,z,z
2744,2817,-451057.559164979,-1701557.89533702,1250500.33617204,-73,z,z
2745,2818,-1016588.33869419,-1225121.68464265,208533.345948463,-73,z,z
2746,2819,-1006775.06837087,-1293184.00045613,286408.932085257,-73,z,z
2747,2820,-942607.03417951,-1361246.31626961,418639.282090102,-73,z,z
2748,2821,-1586845.17997189,-1429308.63208309,-157536.547888798,-73,z,z
2749,2822,-867301.573582743,-1497370.94789657,630069.374313831,-73,z,z
2750,2823,-1789488.20097728,-1565433.26371005,-224054.937267224,-73,z,z
2751,2824,-1846934.27052156,-1633495.57952353,-213438.690998028,-73,z,z
2752,2826,-978649.754442668,-1225121.68464265,246471.930199983,-74,z,z
2753,2827,-543164.882600876,-1293184.00045613,750019.117855256,-74,z,z
2754,2828,-1074222.42713917,-1361246.31626961,287023.889130439,-74,z,z
2755,2829,-1245137.14988326,-1429308.63208309,184171.482199831,-74,z,z
2756,2830,-1151280.75108938,-1497370.94789657,346090.196807198,-74,z,z
2757,2831,-1182692.44718276,-1565433.26371005,382740.816527297,-74,z,z
2758,2833,-1238546.88302381,-1225121.68464265,-13425.1983811641,-75,z,z
2759,2834,-2052156.49827847,-1293184.00045613,-758972.497822334,-75,z,z
2760,2835,-1104975.36299202,-1361246.31626961,256270.953277593,-75,z,z
2761,2836,-741098.715419436,-1429308.63208309,688209.916663657,-75,z,z
2762,2837,-861757.262202313,-1497370.94789657,635613.68569426,-75,z,z
2763,2839,-634979.860037356,-1225121.68464265,590141.824605295,-76,z,z
2764,2840,-1462103.07380032,-1293184.00045613,-168919.073344191,-76,z,z
2765,2841,-1425297.77424173,-1361246.31626961,-64051.4579721205,-76,z,z
2766,2842,-253236.063354152,-1429308.63208309,1176072.56872894,-76,z,z
2767,2844,-872608.082695303,-1225121.68464265,352513.601947348,-77,z,z
2768,2845,-760600.272289761,-1293184.00045613,532583.728166371,-77,z,z
2769,2846,-169348.078264179,-1361246.31626961,1191898.23800543,-77,z,z
2770,2848,-788340.899713433,-1225121.68464265,436780.784929218,-78,z,z
2771,2849,-869235.166587012,-1293184.00045613,423948.833869119,-78,z,z
2772,2851,-841962.763841964,-1225121.68464265,383158.920800686,-79,z,z
2773,2854,-1561209.05918895,-107385150.078429,105823941.01924,-81,z,z
2774,2855,-1158128.11800851,-104631748.794367,103473620.676358,-81,z,z
2775,2856,-1038058.27080258,-101878347.510305,100840289.239502,-81,z,z
2776,2857,-629465.480172359,-99124946.2262423,98495480.7460699,-81,z,z
2777,2858,-1293301.71704329,-96371544.94218,95078243.2251367,-81,z,z
2778,2859,-1361246.31626961,-93618143.6581177,92256897.3418481,-81,z,z
2779,2860,-1223733.90402768,-90864742.3740554,89641008.4700277,-81,z,z
2780,2861,-1395287.57531969,-88111341.0899931,86716053.5146734,-81,z,z
2781,2862,-1146997.14103966,-85357939.8059308,84210942.6648912,-81,z,z
2782,2863,-1716363.87459284,-82604538.5218685,80888174.6472757,-81,z,z
2783,2864,-429578.62777617,-79851137.2378063,79421558.6100301,-81,z,z
2784,2865,-968179.370184941,-77097735.953744,76129556.583559,-81,z,z
2785,2866,-958833.398448452,-74344334.6696817,73385501.2712333,-81,z,z
2786,2867,-897720.984932867,-71590933.3856194,70693212.4006865,-81,z,z
2787,2868,-1511281.12378275,-68837532.1015571,67326250.9777744,-81,z,z
2788,2869,-826001.498650231,-66084130.8174949,65258129.3188446,-81,z,z
2789,2870,-1704274.47712122,-63330729.5334326,61626455.0563114,-81,z,z
2790,2871,-1758985.01954434,-60577328.2493703,58818343.2298259,-81,z,z
2791,2872,-932047.385183493,-57823926.965308,56891879.5801245,-81,z,z
2792,2873,-517299.88819131,-55070525.6812457,54553225.7930544,-81,z,z
2793,2874,-1023068.97822778,-52317124.3971834,51294055.4189556,-81,z,z
2794,2875,-1185844.90465073,-49563723.1131211,48377878.2084704,-81,z,z
2795,2876,-1096457.85818036,-46810321.8290589,45713863.9708785,-81,z,z
2796,2877,-1126373.75922167,-44056920.5449966,42930546.7857749,-81,z,z
2797,2878,-1179568.46002268,-41303519.2609343,40123950.8009116,-81,z,z
2798,2879,-1954434.76026521,-38550117.976872,36595683.2166068,-81,z,z
2799,2880,-1052357.48856383,-35796716.6928097,34744359.2042459,-81,z,z
2800,2881,-705808.300399463,-33043315.4087474,32337507.108348,-81,z,z
2801,2882,-820721.202097441,-30289914.1246851,29469192.9225877,-81,z,z
2802,2883,-604742.723845101,-27536512.8406229,26931770.1167778,-81,z,z
2803,2884,-1392479.11790507,-24783111.5565606,23390632.4386555,-81,z,z
2804,2885,-1357426.45165879,-22029710.2724983,20672283.8208395,-81,z,z
2805,2886,-241177.20319443,-19276308.988436,19035131.7852416,-81,z,z
2806,2887,-831055.31685267,-16522907.7043737,15691852.387521,-81,z,z
2807,2888,-724381.211704534,-13769506.4203114,13045125.2086069,-81,z,z
2808,2889,-161283.884061122,-11016105.1362491,10854821.252188,-81,z,z
2809,2890,-748923.854727761,-8262703.85218686,7513779.9974591,-81,z,z
2810,2891,-825773.408257662,-5509302.56812457,4683529.15986691,-81,z,z
2811,2892,-799864.625649866,-2755901.28406229,1956036.65841242,-81,z,z
2812,2893,-1483148.6062295,-2500,-1480648.6062295,-81,z,z
2813,2895,-1100221.71210809,-1101360.51362491,1138.80151682533,-82,z,z
2814,2896,-986155.357262451,-1162547.2088263,176391.851563848,-82,z,z
2815,2897,-597992.206163741,-1223733.90402768,625741.697863942,-82,z,z
2816,2898,-1228636.63119113,-1284920.59922907,56283.9680379389,-82,z,z
2817,2899,-1293184.00045613,-1346107.29443045,52923.2939743192,-82,z,z
2818,2900,-1162547.2088263,-1407293.98963183,244746.780805537,-82,z,z
2819,2901,-1325523.19655371,-1468480.68483322,142957.488279511,-82,z,z
2820,2902,-1089647.28398767,-1529667.3800346,440020.096046929,-82,z,z
2821,2903,-1630545.6808632,-1101360.51362491,-529185.167238281,-82,z,z
2822,2904,-408099.696387362,-1162547.2088263,754447.512438937,-82,z,z
2823,2905,-919770.401675694,-1223733.90402768,303963.502351989,-82,z,z
2824,2906,-910891.728526029,-1284920.59922907,374028.870703038,-82,z,z
2825,2907,-852834.935686224,-1346107.29443045,493272.358744227,-82,z,z
2826,2908,-1435717.06759362,-1407293.98963183,-28423.0779617806,-82,z,z
2827,2909,-784701.42371772,-1468480.68483322,683779.261115499,-82,z,z
2828,2910,-1619060.75326516,-1529667.3800346,-89393.3732305528,-82,z,z
2829,2911,-1671035.76856713,-1101360.51362491,-569675.254942213,-82,z,z
2830,2912,-885445.015924318,-1162547.2088263,277102.19290198,-82,z,z
2831,2913,-491434.893781745,-1223733.90402768,732299.010245938,-82,z,z
2832,2914,-971915.529316395,-1284920.59922907,313005.069912672,-82,z,z
2833,2915,-1126552.65941819,-1346107.29443045,219554.635012261,-82,z,z
2834,2916,-1041634.96527134,-1407293.98963183,365659.024360495,-82,z,z
2835,2917,-1070055.07126059,-1468480.68483322,398425.61357263,-82,z,z
2836,2918,-1120590.03702155,-1529667.3800346,409077.343013057,-82,z,z
2837,2919,-1856713.02225194,-1101360.51362491,-755352.508627031,-82,z,z
2838,2920,-999739.614135636,-1162547.2088263,162807.594690662,-82,z,z
2839,2921,-670517.885379489,-1223733.90402768,553216.018648193,-82,z,z
2840,2922,-779685.141992569,-1284920.59922907,505235.457236498,-82,z,z
2841,2923,-574505.587652846,-1346107.29443045,771601.706777605,-82,z,z
2842,2924,-1322855.16200982,-1407293.98963183,84438.8276220199,-82,z,z
2843,2925,-1289555.12907585,-1468480.68483322,178925.555757366,-82,z,z
2844,2926,-229118.343034709,-1529667.3800346,1300549.03699989,-82,z,z
2845,2927,-789502.551010036,-1101360.51362491,311857.962614878,-82,z,z
2846,2928,-688162.151119307,-1162547.2088263,474385.057706991,-82,z,z
2847,2929,-153219.689858066,-1223733.90402768,1070514.21416962,-82,z,z
2848,2930,-709506.809742089,-1284920.59922907,575413.789486978,-82,z,z
2849,2931,-782311.649928311,-1346107.29443045,563795.64450214,-82,z,z
2850,2932,-757766.487457768,-1407293.98963183,649527.502174067,-82,z,z
2851,2933,-1405088.15327005,-1468480.68483322,63392.5315631684,-82,z,z
2852,2934,-1042315.30620766,-1529667.3800346,487352.07382694,-82,z,z
2853,2935,-934252.443722322,-1101360.51362491,167108.069902593,-82,z,z
2854,2936,-566518.932155123,-1162547.2088263,596028.276671175,-82,z,z
2855,2937,-1163971.54533896,-1223733.90402768,59762.3586887193,-82,z,z
2856,2938,-1225121.68464265,-1284920.59922907,59798.914586416,-82,z,z
2857,2939,-1101360.51362491,-1346107.29443045,244746.780805536,-82,z,z
2858,2940,-1255758.81778772,-1407293.98963183,151535.171844111,-82,z,z
2859,2941,-1032297.42693569,-1468480.68483322,436183.257897528,-82,z,z
2860,2942,-1544727.48713355,-1529667.3800346,-15060.1070989503,-82,z,z
2861,2943,-386620.764998553,-1101360.51362491,714739.748626361,-82,z,z
2862,2944,-871361.433166447,-1162547.2088263,291185.775659851,-82,z,z
2863,2945,-862950.058603606,-1223733.90402768,360783.845424076,-82,z,z
2864,2946,-807948.88643958,-1284920.59922907,476971.712789486,-82,z,z
2865,2947,-1360153.01140448,-1346107.29443045,-14045.7169740272,-82,z,z
2866,2948,-743401.348785208,-1407293.98963183,663892.640846627,-82,z,z
2867,2949,-1533847.0294091,-1468480.68483322,-65366.3445758764,-82,z,z
2868,2950,-1583086.51758991,-1529667.3800346,-53419.1375553072,-82,z,z
2869,2951,-838842.646665144,-1101360.51362491,262517.866959771,-82,z,z
2870,2952,-465569.899372179,-1162547.2088263,696977.309454119,-82,z,z
2871,2953,-920762.080405006,-1223733.90402768,302971.823622677,-82,z,z
2872,2954,-1067260.41418565,-1284920.59922907,217660.185043414,-82,z,z
2873,2955,-986812.072362322,-1346107.29443045,359295.222068129,-82,z,z
2874,2956,-1013736.38329951,-1407293.98963183,393557.606332329,-82,z,z
2875,2957,-1061611.61402041,-1468480.68483322,406869.070812806,-82,z,z
2876,2958,-1758991.28423868,-1529667.3800346,-229323.904204081,-82,z,z
2877,2959,-947121.739707445,-1101360.51362491,154238.77391747,-82,z,z
2878,2960,-635227.470359516,-1162547.2088263,527319.738466782,-82,z,z
2879,2961,-738649.081887697,-1223733.90402768,485084.822139986,-82,z,z
2880,2962,-544268.451460591,-1284920.59922907,740652.147768476,-82,z,z
2881,2963,-1253231.20611456,-1346107.29443045,92876.088315889,-82,z,z
2882,2964,-1221683.80649291,-1407293.98963183,185610.183138921,-82,z,z
2883,2965,-217059.482874987,-1468480.68483322,1251421.20195823,-82,z,z
2884,2966,-747949.785167403,-1529667.3800346,781717.594867201,-82,z,z
2885,2967,-651943.090534081,-1101360.51362491,449417.423090834,-82,z,z
2886,2968,-145155.49565501,-1162547.2088263,1017391.71317129,-82,z,z
2887,2969,-44346675.6088806,-1223733.90402768,-43122941.7048529,-82,z,z
2888,2970,-48896978.1205194,-1284920.59922907,-47612057.5212904,-82,z,z
2889,2971,-47362905.4661105,-1346107.29443045,-46016798.17168,-82,z,z
2890,2972,-87820509.5793782,-1407293.98963183,-86413215.5897463,-82,z,z
2891,2973,-65147206.6379789,-1468480.68483322,-63678725.9531457,-82,z,z
2892,2974,-58393277.7326451,-1529667.3800346,-56863610.3526105,-82,z,z
2893,2975,-35409933.2596952,-1101360.51362491,-34308572.7460703,-82,z,z
2894,2976,-72750721.5836852,-1162547.2088263,-71588174.3748589,-82,z,z
2895,2977,-76572605.2901657,-1223733.90402768,-75348871.386138,-82,z,z
2896,2978,-68837532.1015571,-1284920.59922907,-67552611.5023281,-82,z,z
2897,2979,-78487426.1117327,-1346107.29443045,-77141318.8173023,-82,z,z
2898,2980,-64521089.1834807,-1407293.98963183,-63113795.1938489,-82,z,z
2899,2981,-96547967.9458471,-1468480.68483322,-95079487.2610139,-82,z,z
2900,2982,-24166297.8124096,-1529667.3800346,-22636630.432375,-82,z,z
2901,2983,-54462589.5729029,-1101360.51362491,-53361229.059278,-82,z,z
2902,2984,-53936878.6627254,-1162547.2088263,-52774331.4538991,-82,z,z
2903,2985,-50499305.4024738,-1223733.90402768,-49275571.4984461,-82,z,z
2904,2986,-85012063.2127799,-1284920.59922907,-83727142.6135508,-82,z,z
2905,2987,-46465084.2990755,-1346107.29443045,-45118977.004645,-82,z,z
2906,2988,-95867939.3380684,-1407293.98963183,-94460645.3484366,-82,z,z
2907,2989,-98945407.3493694,-1468480.68483322,-97476926.6645362,-82,z,z
2908,2990,-52430165.4165715,-1529667.3800346,-50900498.0365369,-82,z,z
2909,2991,-29100618.7107612,-1101360.51362491,-27999258.1971363,-82,z,z
2910,2992,-57550130.0253128,-1162547.2088263,-56387582.8164865,-82,z,z
2911,2993,-66706275.8866033,-1223733.90402768,-65482541.9825756,-82,z,z
2912,2994,-61678254.5226451,-1284920.59922907,-60393333.9234161,-82,z,z
2913,2995,-63361023.9562191,-1346107.29443045,-62014916.6617886,-82,z,z
2914,2996,-66353225.8762758,-1407293.98963183,-64945931.886644,-82,z,z
2915,2997,-109939455.264918,-1468480.68483322,-108470974.580085,-82,z,z
2916,2998,-59197608.7317153,-1529667.3800346,-57667941.3516807,-82,z,z
2917,2999,-39704216.8974698,-1101360.51362491,-38602856.3838449,-82,z,z
2918,3000,-46168067.6179811,-1162547.2088263,-45005520.4091548,-82,z,z
2919,3001,-34019278.216287,-1223733.90402768,-32795544.3122593,-82,z,z
2920,3002,-78329450.3821601,-1284920.59922907,-77044529.782931,-82,z,z
2921,3003,-76357737.9058071,-1346107.29443045,-75011630.6113766,-82,z,z
2922,3004,-13568717.6796867,-1407293.98963183,-12161423.6900549,-82,z,z
2923,3005,-46749361.5729627,-1468480.68483322,-45280880.8881294,-82,z,z
2924,3006,-40748943.15838,-1529667.3800346,-39219275.7783454,-82,z,z
2925,3007,-9074718.47843814,-1101360.51362491,-7973357.96481322,-82,z,z
2926,3008,-985426.124641791,-1162547.2088263,177121.084184508,-82,z,z
2927,3009,-1086543.95823377,-1223733.90402768,137189.945793917,-82,z,z
2928,3010,-1052453.45480246,-1284920.59922907,232467.144426611,-82,z,z
2929,3011,-1951511.32398618,-1346107.29443045,-605404.029555731,-82,z,z
2930,3012,-1447660.14751064,-1407293.98963183,-40366.1578788084,-82,z,z
2931,3013,-1297572.83850322,-1468480.68483322,170907.846329994,-82,z,z
2932,3014,-786831.850215449,-1529667.3800346,742835.529819155,-82,z,z
2933,3015,-1616627.14630412,-1101360.51362491,-515266.632679202,-82,z,z
2934,3016,-1701557.89533702,-1162547.2088263,-539010.686510717,-82,z,z
2935,3017,-1529667.3800346,-1223733.90402768,-305933.476006921,-82,z,z
2936,3018,-1744109.46914962,-1284920.59922907,-459188.86992055,-82,z,z
2937,3019,-1433746.42629957,-1346107.29443045,-87639.1318691205,-82,z,z
2938,3020,-2145454.84324105,-1407293.98963183,-738160.853609212,-82,z,z
2939,3021,-536973.284720213,-1468480.68483322,931507.400113006,-82,z,z
2940,3022,-1210224.21273118,-1529667.3800346,319443.167303427,-82,z,z
2941,3023,-1198541.74806056,-1101360.51362491,-97181.2344356501,-82,z,z
2942,3024,-1122151.23116608,-1162547.2088263,40395.9776602145,-82,z,z
2943,3025,-1889101.40472844,-1223733.90402768,-665367.500700759,-82,z,z
2944,3026,-1032501.87331279,-1284920.59922907,252418.725916278,-82,z,z
2945,3027,-2130343.09640152,-1346107.29443045,-784235.801971071,-82,z,z
2946,3028,-2198731.27443043,-1407293.98963183,-791437.284798597,-82,z,z
2947,3029,-1165059.23147937,-1468480.68483322,303421.453353853,-82,z,z
2948,3030,-646624.860239138,-1529667.3800346,883042.519795466,-82,z,z
2949,3031,-1278836.22278473,-1101360.51362491,-177475.709159816,-82,z,z
2950,3032,-1482306.13081341,-1162547.2088263,-319758.921987108,-82,z,z
2951,3033,-1370572.32272545,-1223733.90402768,-146838.418697764,-82,z,z
2952,3034,-1407967.19902709,-1284920.59922907,-123046.599798024,-82,z,z
2953,3035,-1474460.57502835,-1346107.29443045,-128353.2805979,-82,z,z
2954,3036,-2443043.45033151,-1407293.98963183,-1035749.46069967,-82,z,z
2955,3037,-1315446.86070478,-1468480.68483322,153033.824128435,-82,z,z
2956,3038,-882260.375499328,-1529667.3800346,647407.004535275,-82,z,z
2957,3039,-1025901.5026218,-1101360.51362491,75459.0110031131,-82,z,z
2958,3040,-755928.404806377,-1162547.2088263,406618.804019922,-82,z,z
2959,3041,-1740598.89738134,-1223733.90402768,-516864.993353653,-82,z,z
2960,3042,-1696783.06457349,-1284920.59922907,-411862.465344424,-82,z,z
2961,3043,-301471.503993038,-1346107.29443045,1044635.79043741,-82,z,z
2962,3044,-1038819.14606584,-1407293.98963183,368474.843565998,-82,z,z
2963,3045,-905476.514630667,-1468480.68483322,563004.170202551,-82,z,z
2964,3046,-201604.855076403,-1529667.3800346,1328062.5249582,-82,z,z
2965,3047,-946009.079656119,-1101360.51362491,155351.433968795,-82,z,z
2966,3048,-1043082.19990441,-1162547.2088263,119465.008921884,-82,z,z
2967,3049,-1010355.31661036,-1223733.90402768,213378.587417325,-82,z,z
2968,3050,-1873450.87102673,-1284920.59922907,-588530.271797667,-82,z,z
2969,3051,-1389753.74161022,-1346107.29443045,-43646.4471797671,-82,z,z
2970,3052,-1245669.9249631,-1407293.98963183,161624.064668739,-82,z,z
2971,3053,-755358.576206831,-1468480.68483322,713122.108626388,-82,z,z
2972,3054,-1551962.06045195,-1529667.3800346,-22294.6804173477,-82,z,z
2973,3055,-1633495.57952353,-1101360.51362491,-532135.06589862,-82,z,z
2974,3056,-1468480.68483322,-1162547.2088263,-305933.47600692,-82,z,z
2975,3057,-1674345.09038363,-1223733.90402768,-450611.186355949,-82,z,z
2976,3058,-1376396.56924759,-1284920.59922907,-91475.9700185217,-82,z,z
2977,3059,-2059636.64951141,-1346107.29443045,-713529.355080954,-82,z,z
2978,3060,-515494.353331404,-1407293.98963183,891799.636300431,-82,z,z
2979,3061,-1161815.24422193,-1468480.68483322,306665.44061129,-82,z,z
2980,3062,-1150600.07813814,-1529667.3800346,379067.301896462,-82,z,z
2981,3063,-1077265.18191944,-1101360.51362491,24095.3317054738,-82,z,z
2982,3064,-1813537.3485393,-1162547.2088263,-650990.139713005,-82,z,z
2983,3065,-991201.798380277,-1223733.90402768,232532.105647405,-82,z,z
2984,3066,-2045129.37254546,-1284920.59922907,-760208.773316394,-82,z,z
2985,3067,-2110782.02345321,-1346107.29443045,-764674.729022764,-82,z,z
2986,3068,-1118456.86222019,-1407293.98963183,288837.127411644,-82,z,z
2987,3069,-620759.865829572,-1468480.68483322,847720.819003647,-82,z,z
2988,3070,-1227682.77387334,-1529667.3800346,301984.606161262,-82,z,z
2989,3071,-1423013.88558087,-1101360.51362491,-321653.371955956,-82,z,z
2990,3072,-1315749.42981643,-1162547.2088263,-153202.220990131,-82,z,z
2991,3073,-1351648.51106601,-1223733.90402768,-127914.607038325,-82,z,z
2992,3074,-1415482.15202722,-1284920.59922907,-130561.55279815,-82,z,z
2993,3075,-2345321.71231825,-1346107.29443045,-999214.417887796,-82,z,z
2994,3076,-1262828.98627659,-1407293.98963183,144465.003355242,-82,z,z
2995,3077,-846969.960479355,-1468480.68483322,621510.724353864,-82,z,z
2996,3078,-984865.442516929,-1529667.3800346,544801.937517674,-82,z,z
2997,3079,-725691.268614122,-1101360.51362491,375669.245010793,-82,z,z
2998,3080,-1670974.94148608,-1162547.2088263,-508427.732659784,-82,z,z
2999,3081,-1628911.74199055,-1223733.90402768,-405177.837962869,-82,z,z
3000,3082,-289412.643833317,-1284920.59922907,995507.95539575,-82,z,z
3001,3083,-997266.380223204,-1346107.29443045,348840.914207247,-82,z,z
3002,3084,-869257.454045441,-1407293.98963183,538036.535586394,-82,z,z
3003,3085,-193540.660873347,-1468480.68483322,1274940.02395987,-82,z,z
3004,3086,-906592.034670447,-1529667.3800346,623075.345364156,-82,z,z
3005,3087,-999620.441575064,-1101360.51362491,101740.07204985,-82,z,z
3006,3088,-968257.178418259,-1162547.2088263,194290.030408039,-82,z,z
3007,3089,-1795390.41806729,-1223733.90402768,-571656.514039604,-82,z,z
3008,3090,-1331847.33570979,-1284920.59922907,-46926.7364807252,-82,z,z
3009,3091,-1193767.01142297,-1346107.29443045,152340.283007484,-82,z,z
3010,3092,-723885.302198213,-1407293.98963183,683408.687433622,-82,z,z
3011,3093,-1487296.97459979,-1468480.68483322,-18816.2897665675,-82,z,z
3012,3094,-1565433.26371005,-1529667.3800346,-35765.8836754505,-82,z,z
3013,3095,-1407293.98963183,-1101360.51362491,-305933.476006921,-82,z,z
3014,3096,-1604580.71161765,-1162547.2088263,-442033.502791348,-82,z,z
3015,3097,-1319046.71219561,-1223733.90402768,-95312.808167923,-82,z,z
3016,3098,-1973818.45578176,-1284920.59922907,-688897.856552696,-82,z,z
3017,3099,-494015.421942596,-1346107.29443045,852091.872487855,-82,z,z
3018,3100,-1113406.27571268,-1407293.98963183,293887.713919153,-82,z,z
3019,3101,-1102658.40821572,-1468480.68483322,365822.2766175,-82,z,z
3020,3102,-1032379.1326728,-1529667.3800346,497288.247361806,-82,z,z
3021,3103,-1737973.29235017,-1101360.51362491,-636612.778725252,-82,z,z
3022,3104,-949901.723447766,-1162547.2088263,212645.485378533,-82,z,z
3023,3105,-1959915.6486894,-1223733.90402768,-736181.744661717,-82,z,z
3024,3106,-2022832.772476,-1284920.59922907,-737912.17324693,-82,z,z
3025,3107,-1071854.49296102,-1346107.29443045,274252.801469434,-82,z,z
3026,3108,-594894.871420007,-1407293.98963183,812399.118211828,-82,z,z
3027,3109,-1176529.32496195,-1468480.68483322,291951.359871267,-82,z,z
3028,3110,-1363721.64034833,-1529667.3800346,165945.739686269,-82,z,z
3029,3111,-1260926.53690741,-1101360.51362491,-159566.023282497,-82,z,z
3030,3112,-1295329.82310492,-1162547.2088263,-132782.614278625,-82,z,z
3031,3113,-1356503.72902608,-1223733.90402768,-132769.8249984,-82,z,z
3032,3114,-2247599.97430499,-1284920.59922907,-962679.375075919,-82,z,z
3033,3115,-1210211.1118484,-1346107.29443045,135896.182582049,-82,z,z
3034,3116,-811679.545459382,-1407293.98963183,595614.444172453,-82,z,z
3035,3117,-943829.382412057,-1468480.68483322,524651.302421162,-82,z,z
3036,3118,-695454.132421866,-1529667.3800346,834213.247612737,-82,z,z
3037,3119,-1601350.98559083,-1101360.51362491,-499990.471965914,-82,z,z
3038,3120,-1561040.41940761,-1162547.2088263,-398493.210581313,-82,z,z
3039,3121,-277353.783673595,-1223733.90402768,946380.120354088,-82,z,z
3040,3122,-955713.61438057,-1284920.59922907,329206.984848497,-82,z,z
3041,3123,-833038.393460214,-1346107.29443045,513068.900970237,-82,z,z
3042,3124,-185476.466670291,-1407293.98963183,1221817.52296154,-82,z,z
3043,3125,-867174.989684776,-1468480.68483322,601305.695148443,-82,z,z
3044,3126,-956158.683245714,-1529667.3800346,573508.69678889,-82,z,z
3045,3127,-926159.040226161,-1101360.51362491,175201.473398754,-82,z,z
3046,3128,-1717329.96510784,-1162547.2088263,-554782.756281541,-82,z,z
3047,3129,-1273940.92980937,-1223733.90402768,-50207.0257816836,-82,z,z
3048,3130,-1141864.09788284,-1284920.59922907,143056.501346229,-82,z,z
3049,3131,-692412.028189595,-1346107.29443045,653695.266240856,-82,z,z
3050,3132,-1422631.88874762,-1407293.98963183,-15337.8991157869,-82,z,z
3051,3133,-1497370.94789657,-1468480.68483322,-28890.2630633544,-82,z,z
3052,3134,-1346107.29443045,-1529667.3800346,183560.085604153,-82,z,z
3053,3135,-1534816.33285166,-1101360.51362491,-433455.819226748,-82,z,z
3054,3136,-1261696.85514362,-1162547.2088263,-99149.6463173241,-82,z,z
3055,3137,-1888000.26205212,-1223733.90402768,-664266.358024439,-82,z,z
3056,3138,-472536.490553787,-1284920.59922907,812384.10867528,-82,z,z
3057,3139,-1064997.30720344,-1346107.29443045,281109.987227015,-82,z,z
3058,3140,-1054716.7382933,-1407293.98963183,352577.251338538,-82,z,z
3059,3141,-987493.083426154,-1468480.68483322,480987.601407065,-82,z,z
3060,3143,-1662409.23616103,-1101360.51362491,-561048.722536114,-83,z,z
3061,3144,-908601.648515254,-1162547.2088263,253945.560311044,-83,z,z
3062,3145,-1874701.92483334,-1223733.90402768,-650968.020805656,-83,z,z
3063,3146,-1934883.52149878,-1284920.59922907,-649962.922269713,-83,z,z
3064,3147,-1025252.12370184,-1346107.29443045,320855.170728609,-83,z,z
3065,3148,-569029.877010441,-1407293.98963183,838264.112621394,-83,z,z
3066,3150,-1125375.87605056,-1101360.51362491,-24015.3624256481,-84,z,z
3067,3151,-1304429.3951158,-1162547.2088263,-141882.1862895,-84,z,z
3068,3152,-1206103.64399839,-1223733.90402768,17630.2600292892,-84,z,z
3069,3153,-1239011.13514384,-1284920.59922907,45909.4640852264,-84,z,z
3070,3154,-1297525.30602495,-1346107.29443045,48581.9884055019,-84,z,z
3071,3156,-2149878.23629173,-1101360.51362491,-1048517.72266681,-85,z,z
3072,3157,-1157593.23742021,-1162547.2088263,4953.97140608821,-85,z,z
3073,3158,-776389.130439409,-1223733.90402768,447344.773588274,-85,z,z
3074,3159,-902793.322307185,-1284920.59922907,382127.276921882,-85,z,z
3075,3161,-665216.996229611,-1101360.51362491,436143.517395303,-86,z,z
3076,3162,-1531727.02969558,-1162547.2088263,-369179.820869277,-86,z,z
3077,3163,-1493169.09682467,-1223733.90402768,-269435.19279699,-86,z,z
3078,3165,-265294.923513874,-1101360.51362491,836065.590111041,-87,z,z
3079,3166,-914160.848537937,-1162547.2088263,248386.360288362,-87,z,z
3080,3168,-796819.332874988,-1101360.51362491,304541.180749927,-88,z,z
3081,3171,-177412.272467235,-122438984.734303,122261572.461836,-90,z,z
3082,3172,-827757.944699104,-119299587.689834,118471829.745135,-90,z,z
3083,3173,-912696.924916363,-116160190.645364,115247493.720448,-90,z,z
3084,3174,-884060.902034063,-113020793.600895,112136732.698861,-90,z,z
3085,3175,-1639269.51214839,-109881396.556426,108242127.044277,-90,z,z
3086,3176,-1216034.52390894,-106741999.511957,105525964.988048,-90,z,z
3087,3177,-1089961.18434271,-103602602.467487,102512641.283144,-90,z,z
3088,3178,-660938.754180977,-100463205.423018,99802266.6688369,-90,z,z
3089,3179,-1357966.80289546,-97323808.3785486,95965841.5756531,-90,z,z
3090,3180,-1429308.63208309,-94184411.3340793,92755102.7019962,-90,z,z
3091,3181,-1284920.59922907,-91045014.28961,89760093.6903809,-90,z,z
3092,3182,-1465051.95408568,-87905617.2451407,86440565.291055,-90,z,z
3093,3183,-1204346.99809164,-84766220.2006713,83561873.2025797,-90,z,z
3094,3184,-1802182.06832248,-81626823.156202,79824641.0878796,-90,z,z
3095,3185,-451057.559164979,-78487426.1117327,78036368.5525677,-90,z,z
3096,3186,-1016588.33869419,-75348029.0672634,74331440.7285692,-90,z,z
3097,3187,-1006775.06837087,-72208632.0227941,71201856.9544232,-90,z,z
3098,3188,-942607.03417951,-69069234.9783248,68126627.9441453,-90,z,z
3099,3189,-1586845.17997189,-65929837.9338555,64342992.7538836,-90,z,z
3100,3190,-867301.573582743,-62790440.8893862,61923139.3158034,-90,z,z
3101,3191,-1789488.20097728,-59651043.8449169,57861555.6439396,-90,z,z
3102,3192,-1846934.27052156,-56511646.8004476,54664712.529926,-90,z,z
3103,3193,-978649.754442668,-53372249.7559783,52393600.0015356,-90,z,z
3104,3194,-543164.882600876,-50232852.7115089,49689687.8289081,-90,z,z
3105,3195,-1074222.42713917,-47093455.6670396,46019233.2399005,-90,z,z
3106,3196,-1245137.14988326,-43954058.6225703,42708921.4726871,-90,z,z
3107,3197,-1151280.75108938,-40814661.578101,39663380.8270116,-90,z,z
3108,3198,-1182692.44718276,-37675264.5336317,36492572.086449,-90,z,z
3109,3199,-1238546.88302381,-34535867.4891624,33297320.6061386,-90,z,z
3110,3200,-2052156.49827847,-31396470.4446931,29344313.9464146,-90,z,z
3111,3201,-1104975.36299202,-28257073.4002238,27152098.0372318,-90,z,z
3112,3202,-741098.715419436,-25117676.3557545,24376577.640335,-90,z,z
3113,3203,-861757.262202313,-21978279.3112852,21116522.0490829,-90,z,z
3114,3204,-634979.860037356,-18838882.2668159,18203902.4067785,-90,z,z
3115,3205,-1462103.07380032,-15699485.2223465,14237382.1485462,-90,z,z
3116,3206,-1425297.77424173,-12560088.1778772,11134790.4036355,-90,z,z
3117,3207,-253236.063354152,-9420691.13340793,9167455.07005378,-90,z,z
3118,3208,-872608.082695303,-6281294.08893862,5408686.00624332,-90,z,z
3119,3209,-760600.272289761,-3141897.04446931,2381296.77217955,-90,z,z
3120,3210,-169348.078264179,-2500,-166848.078264179,-90,z,z
3121,3212,-788340.899713433,-1255758.81778772,467417.918074291,-91,z,z
3122,3213,-869235.166587012,-1325523.19655371,456288.029966696,-91,z,z
3123,3214,-841962.763841964,-1395287.57531969,553324.811477729,-91,z,z
3124,3215,-1561209.05918895,-1465051.95408568,-96157.1051032674,-91,z,z
3125,3216,-1158128.11800851,-1534816.33285166,376688.214843148,-91,z,z
3126,3217,-1038058.27080258,-1604580.71161765,566522.440815067,-91,z,z
3127,3218,-629465.480172359,-1674345.09038363,1044879.61021127,-91,z,z
3128,3219,-1293301.71704329,-1744109.46914962,450807.752106324,-91,z,z
3129,3220,-1361246.31626961,-1255758.81778772,-105487.498481888,-91,z,z
3130,3221,-1223733.90402768,-1325523.19655371,101789.292526026,-91,z,z
3131,3222,-1395287.57531969,-1395287.57531969,0,-91,z,z
3132,3223,-1146997.14103966,-1465051.95408568,318054.813046021,-91,z,z
3133,3224,-1716363.87459284,-1534816.33285166,-181547.541741175,-91,z,z
3134,3225,-429578.62777617,-1604580.71161765,1175002.08384148,-91,z,z
3135,3226,-968179.370184941,-1674345.09038363,706165.720198691,-91,z,z
3136,3227,-958833.398448452,-1744109.46914962,785276.070701165,-91,z,z
3137,3228,-897720.984932867,-1255758.81778772,358037.832854857,-91,z,z
3138,3229,-1511281.12378275,-1325523.19655371,-185757.927229045,-91,z,z
3139,3230,-826001.498650231,-1395287.57531969,569286.076669462,-91,z,z
3140,3231,-1704274.47712122,-1465051.95408568,-239222.523035539,-91,z,z
3141,3232,-1758985.01954434,-1534816.33285166,-224168.686692683,-91,z,z
3142,3233,-932047.385183493,-1604580.71161765,672533.326434154,-91,z,z
3143,3234,-517299.88819131,-1674345.09038363,1157045.20219232,-91,z,z
3144,3235,-1023068.97822778,-1744109.46914962,721040.490921832,-91,z,z
3145,3236,-1185844.90465073,-1255758.81778772,69913.9131369982,-91,z,z
3146,3237,-1096457.85818036,-1325523.19655371,229065.338373351,-91,z,z
3147,3238,-1126373.75922167,-1395287.57531969,268913.81609802,-91,z,z
3148,3239,-1179568.46002268,-1465051.95408568,285483.494062997,-91,z,z
3149,3240,-1954434.76026521,-1534816.33285166,-419618.427413543,-91,z,z
3150,3241,-1052357.48856383,-1604580.71161765,552223.22305382,-91,z,z
3151,3242,-705808.300399463,-1674345.09038363,968536.789984169,-91,z,z
3152,3243,-820721.202097441,-1744109.46914962,923388.267052175,-91,z,z
3153,3244,-604742.723845101,-1255758.81778772,651016.093942623,-91,z,z
3154,3245,-1392479.11790507,-1325523.19655371,-66955.9213513602,-91,z,z
3155,3246,-1357426.45165879,-1395287.57531969,37861.1236609002,-91,z,z
3156,3247,-241177.20319443,-1465051.95408568,1223874.75089125,-91,z,z
3157,3248,-831055.31685267,-1534816.33285166,703761.015998993,-91,z,z
3158,3249,-724381.211704534,-1604580.71161765,880199.499913113,-91,z,z
3159,3250,-161283.884061122,-1674345.09038363,1513061.20632251,-91,z,z
3160,3251,-748923.854727761,-1744109.46914962,995185.614421855,-91,z,z
3161,3252,-825773.408257662,-1255758.81778772,429985.409530062,-91,z,z
3162,3253,-799864.625649866,-1325523.19655371,525658.570903842,-91,z,z
3163,3254,-1483148.6062295,-1395287.57531969,-87861.0309098046,-91,z,z
3164,3255,-1100221.71210809,-1465051.95408568,364830.241977589,-91,z,z
3165,3256,-986155.357262451,-1534816.33285166,548660.975589212,-91,z,z
3166,3257,-597992.206163741,-1604580.71161765,1006588.50545391,-91,z,z
3167,3258,-1228636.63119113,-1674345.09038363,445708.459192504,-91,z,z
3168,3259,-1293184.00045613,-1744109.46914962,450925.468693485,-91,z,z
3169,3260,-1162547.2088263,-1255758.81778772,93211.6089614253,-91,z,z
3170,3261,-1325523.19655371,-1325523.19655371,0,-91,z,z
3171,3262,-1089647.28398767,-1395287.57531969,305640.291332019,-91,z,z
3172,3263,-1630545.6808632,-1465051.95408568,-165493.726777518,-91,z,z
3173,3264,-408099.696387362,-1534816.33285166,1126716.6364643,-91,z,z
3174,3265,-919770.401675694,-1604580.71161765,684810.309941953,-91,z,z
3175,3266,-910891.728526029,-1674345.09038363,763453.361857603,-91,z,z
3176,3267,-852834.935686224,-1744109.46914962,891274.533463393,-91,z,z
3177,3268,-1435717.06759362,-1255758.81778772,-179958.249805892,-91,z,z
3178,3269,-784701.42371772,-1325523.19655371,540821.772835989,-91,z,z
3179,3270,-1619060.75326516,-1395287.57531969,-223773.177945463,-91,z,z
3180,3271,-1671035.76856713,-1465051.95408568,-205983.81448145,-91,z,z
3181,3272,-885445.015924318,-1534816.33285166,649371.316927344,-91,z,z
3182,3273,-491434.893781745,-1604580.71161765,1113145.8178359,-91,z,z
3183,3274,-971915.529316395,-1674345.09038363,702429.561067237,-91,z,z
3184,3275,-1126552.65941819,-1744109.46914962,617556.809731427,-91,z,z
3185,3276,-1041634.96527134,-1255758.81778772,214123.852516384,-91,z,z
3186,3277,-1070055.07126059,-1325523.19655371,255468.125293119,-91,z,z
3187,3278,-1120590.03702155,-1395287.57531969,274697.538298146,-91,z,z
3188,3279,-1856713.02225194,-1465051.95408568,-391661.068166267,-91,z,z
3189,3280,-999739.614135636,-1534816.33285166,535076.718716026,-91,z,z
3190,3281,-670517.885379489,-1604580.71161765,934062.826238157,-91,z,z
3191,3282,-779685.141992569,-1674345.09038363,894659.948391063,-91,z,z
3192,3283,-574505.587652846,-1744109.46914962,1169603.88149677,-91,z,z
3193,3284,-1322855.16200982,-1255758.81778772,-67096.3442220914,-91,z,z
3194,3285,-1289555.12907585,-1325523.19655371,35968.0674778551,-91,z,z
3195,3286,-229118.343034709,-1395287.57531969,1166169.23228498,-91,z,z
3196,3287,-789502.551010036,-1465051.95408568,675549.403075642,-91,z,z
3197,3288,-688162.151119307,-1534816.33285166,846654.181732355,-91,z,z
3198,3289,-153219.689858066,-1604580.71161765,1451361.02175958,-91,z,z
3199,3290,-709506.809742089,-1674345.09038363,964838.280641543,-91,z,z
3200,3291,-782311.649928311,-1744109.46914962,961797.819221305,-91,z,z
3201,3292,-757766.487457768,-1255758.81778772,497992.330329956,-91,z,z
3202,3293,-1405088.15327005,-1325523.19655371,-79564.9567163421,-91,z,z
3203,3294,-1042315.30620766,-1395287.57531969,352972.26911203,-91,z,z
3204,3295,-934252.443722322,-1465051.95408568,530799.510363356,-91,z,z
3205,3296,-566518.932155123,-1534816.33285166,968297.400696539,-91,z,z
3206,3297,-1163971.54533896,-1604580.71161765,440609.166278684,-91,z,z
3207,3298,-1225121.68464265,-1674345.09038363,449223.405740981,-91,z,z
3208,3299,-1101360.51362491,-1744109.46914962,642748.955524702,-91,z,z
3209,3300,-1255758.81778772,-1255758.81778772,0,-91,z,z
3210,3301,-1032297.42693569,-1325523.19655371,293225.769618017,-91,z,z
3211,3302,-1544727.48713355,-1395287.57531969,-149439.911813861,-91,z,z
3212,3303,-386620.764998553,-1465051.95408568,1078431.18908712,-91,z,z
3213,3304,-871361.433166447,-1534816.33285166,663454.899685215,-91,z,z
3214,3305,-862950.058603606,-1604580.71161765,741630.653014041,-91,z,z
3215,3306,-807948.88643958,-1674345.09038363,866396.203944051,-91,z,z
3216,3307,-1360153.01140448,-1744109.46914962,383956.457745138,-91,z,z
3217,3308,-743401.348785208,-1255758.81778772,512357.469002516,-91,z,z
3218,3309,-1533847.0294091,-1325523.19655371,-208323.832855387,-91,z,z
3219,3310,-1583086.51758991,-1395287.57531969,-187798.942270217,-91,z,z
3220,3311,-838842.646665144,-1465051.95408568,626209.307420534,-91,z,z
3221,3312,-465569.899372179,-1534816.33285166,1069246.43347948,-91,z,z
3222,3313,-920762.080405006,-1604580.71161765,683818.631212641,-91,z,z
3223,3314,-1067260.41418565,-1674345.09038363,607084.676197979,-91,z,z
3224,3315,-986812.072362322,-1744109.46914962,757297.396787294,-91,z,z
3225,3316,-1013736.38329951,-1255758.81778772,242022.434488218,-91,z,z
3226,3317,-1061611.61402041,-1325523.19655371,263911.582533296,-91,z,z
3227,3318,-1758991.28423868,-1395287.57531969,-363703.708918992,-91,z,z
3228,3319,-947121.739707445,-1465051.95408568,517930.214378233,-91,z,z
3229,3320,-635227.470359516,-1534816.33285166,899588.862492146,-91,z,z
3230,3321,-738649.081887697,-1604580.71161765,865931.62972995,-91,z,z
3231,3322,-544268.451460591,-1674345.09038363,1130076.63892304,-91,z,z
3232,3323,-1253231.20611456,-1744109.46914962,490878.263035055,-91,z,z
3233,3324,-1221683.80649291,-1255758.81778772,34075.0112948101,-91,z,z
3234,3325,-217059.482874987,-1325523.19655371,1108463.71367872,-91,z,z
3235,3326,-747949.785167403,-1395287.57531969,647337.79015229,-91,z,z
3236,3327,-651943.090534081,-1465051.95408568,813108.863551597,-91,z,z
3237,3328,-145155.49565501,-1534816.33285166,1389660.83719665,-91,z,z
3238,3329,-42572908.5845253,-1604580.71161765,-40968327.8729077,-91,z,z
3239,3330,-46941198.9956987,-1674345.09038363,-45266853.905315,-91,z,z
3240,3331,-45468489.2474661,-1744109.46914962,-43724379.7783164,-91,z,z
3241,3332,-84307789.196203,-1255758.81778772,-83052030.3784153,-91,z,z
3242,3333,-62541418.3724598,-1325523.19655371,-61215895.1759061,-91,z,z
3243,3334,-56057646.6233393,-1395287.57531969,-54662359.0480196,-91,z,z
3244,3335,-33993635.9293074,-1465051.95408568,-32528583.9752217,-91,z,z
3245,3336,-69840792.7203378,-1534816.33285166,-68305976.3874861,-91,z,z
3246,3337,-73509801.078559,-1604580.71161765,-71905220.3669414,-91,z,z
3247,3338,-66084130.8174949,-1674345.09038363,-64409785.7271112,-91,z,z
3248,3339,-75348029.0672634,-1744109.46914962,-73603919.5981138,-91,z,z
3249,3340,-61940345.6161415,-1255758.81778772,-60684586.7983537,-91,z,z
3250,3341,-92686149.2280132,-1325523.19655371,-91360626.0314595,-91,z,z
3251,3342,-23199745.8999132,-1395287.57531969,-21804458.3245935,-91,z,z
3252,3343,-52284185.9899868,-1465051.95408568,-50819134.0359011,-91,z,z
3253,3344,-51779503.5162164,-1534816.33285166,-50244687.1833647,-91,z,z
3254,3345,-48479433.1863748,-1604580.71161765,-46874852.4747572,-91,z,z
3255,3346,-81611680.6842687,-1674345.09038363,-79937335.593885,-91,z,z
3256,3347,-44606580.9271125,-1744109.46914962,-42862471.4579628,-91,z,z
3257,3348,-92033321.7645457,-1255758.81778772,-90777562.946758,-91,z,z
3258,3349,-94987691.0553946,-1325523.19655371,-93662167.8588409,-91,z,z
3259,3350,-50333058.7999086,-1395287.57531969,-48937771.2245889,-91,z,z
3260,3351,-27936693.9623308,-1465051.95408568,-26471642.0082451,-91,z,z
3261,3352,-55248224.8243003,-1534816.33285166,-53713408.4914487,-91,z,z
3262,3353,-64038124.8511392,-1604580.71161765,-62433544.1395215,-91,z,z
3263,3354,-59211224.3417393,-1674345.09038363,-57536879.2513557,-91,z,z
3264,3355,-60826682.9979703,-1744109.46914962,-59082573.5288207,-91,z,z
3265,3356,-63699196.8412248,-1255758.81778772,-62443438.023437,-91,z,z
3266,3357,-105541977.054321,-1325523.19655371,-104216453.857767,-91,z,z
3267,3358,-56829804.3824467,-1395287.57531969,-55434516.807127,-91,z,z
3268,3359,-38116148.221571,-1465051.95408568,-36651096.2674853,-91,z,z
3269,3360,-44321444.9132618,-1534816.33285166,-42786628.5804102,-91,z,z
3270,3361,-32658607.0876355,-1604580.71161765,-31054026.3760178,-91,z,z
3271,3362,-75196372.3668737,-1674345.09038363,-73522027.27649,-91,z,z
3272,3363,-73303528.3895748,-1744109.46914962,-71559418.9204252,-91,z,z
3273,3364,-13026068.9724992,-1255758.81778772,-11770310.1547115,-91,z,z
3274,3365,-44879487.1100442,-1325523.19655371,-43553963.9134904,-91,z,z
3275,3366,-39119085.4320448,-1395287.57531969,-37723797.8567251,-91,z,z
3276,3367,-8711829.73930061,-1465051.95408568,-7246777.78521493,-91,z,z
3277,3368,-985426.124641791,-1534816.33285166,549390.208209872,-91,z,z
3278,3369,-1086543.95823377,-1604580.71161765,518036.753383881,-91,z,z
3279,3370,-1052453.45480246,-1674345.09038363,621891.635581176,-91,z,z
3280,3371,-1951511.32398618,-1744109.46914962,-207401.854836565,-91,z,z
3281,3372,-1447660.14751064,-1255758.81778772,-191901.32972292,-91,z,z
3282,3373,-1297572.83850322,-1325523.19655371,27950.3580504837,-91,z,z
3283,3374,-786831.850215449,-1395287.57531969,608455.725104244,-91,z,z
3284,3375,-1616627.14630412,-1465051.95408568,-151575.192218438,-91,z,z
3285,3376,-1701557.89533702,-1534816.33285166,-166741.562485353,-91,z,z
3286,3377,-1529667.3800346,-1604580.71161765,74913.3315830436,-91,z,z
3287,3378,-1744109.46914962,-1674345.09038363,-69764.3787659844,-91,z,z
3288,3379,-1433746.42629957,-1744109.46914962,310363.042850045,-91,z,z
3289,3380,-2145454.84324105,-1255758.81778772,-889696.025453323,-91,z,z
3290,3381,-536973.284720213,-1325523.19655371,788549.911833496,-91,z,z
3291,3382,-1210224.21273118,-1395287.57531969,185063.362588517,-91,z,z
3292,3383,-1198541.74806056,-1465051.95408568,266510.206025113,-91,z,z
3293,3384,-1122151.23116608,-1534816.33285166,412665.101685579,-91,z,z
3294,3385,-1889101.40472844,-1604580.71161765,-284520.693110795,-91,z,z
3295,3386,-1032501.87331279,-1674345.09038363,641843.217070843,-91,z,z
3296,3387,-2130343.09640152,-1744109.46914962,-386233.627251905,-91,z,z
3297,3388,-2198731.27443043,-1255758.81778772,-942972.456642708,-91,z,z
3298,3389,-1165059.23147937,-1325523.19655371,160463.965074342,-91,z,z
3299,3390,-646624.860239138,-1395287.57531969,748662.715080555,-91,z,z
3300,3391,-1278836.22278473,-1465051.95408568,186215.731300948,-91,z,z
3301,3392,-1482306.13081341,-1534816.33285166,52510.2020382555,-91,z,z
3302,3393,-1370572.32272545,-1604580.71161765,234008.3888922,-91,z,z
3303,3394,-1407967.19902709,-1674345.09038363,266377.891356541,-91,z,z
3304,3395,-1474460.57502835,-1744109.46914962,269648.894121265,-91,z,z
3305,3396,-2443043.45033151,-1255758.81778772,-1187284.63254378,-91,z,z
3306,3397,-1315446.86070478,-1325523.19655371,10076.335848924,-91,z,z
3307,3398,-882260.375499328,-1395287.57531969,513027.199820365,-91,z,z
3308,3399,-1025901.5026218,-1465051.95408568,439150.451463877,-91,z,z
3309,3400,-755928.404806377,-1534816.33285166,778887.928045286,-91,z,z
3310,3401,-1740598.89738134,-1604580.71161765,-136018.185763689,-91,z,z
3311,3402,-1696783.06457349,-1674345.09038363,-22437.9741898594,-91,z,z
3312,3403,-301471.503993038,-1744109.46914962,1442637.96515658,-91,z,z
3313,3404,-1038819.14606584,-1255758.81778772,216939.671721887,-91,z,z
3314,3405,-905476.514630667,-1325523.19655371,420046.681923041,-91,z,z
3315,3406,-201604.855076403,-1395287.57531969,1193682.72024329,-91,z,z
3316,3407,-946009.079656119,-1465051.95408568,519042.874429559,-91,z,z
3317,3408,-1043082.19990441,-1534816.33285166,491734.132947248,-91,z,z
3318,3409,-1010355.31661036,-1604580.71161765,594225.39500729,-91,z,z
3319,3410,-1873450.87102673,-1674345.09038363,-199105.780643102,-91,z,z
3320,3411,-1389753.74161022,-1744109.46914962,354355.727539399,-91,z,z
3321,3412,-1245669.9249631,-1255758.81778772,10088.8928246279,-91,z,z
3322,3413,-755358.576206831,-1325523.19655371,570164.620346878,-91,z,z
3323,3414,-1551962.06045195,-1395287.57531969,-156674.485132258,-91,z,z
3324,3415,-1633495.57952353,-1465051.95408568,-168443.625437857,-91,z,z
3325,3416,-1468480.68483322,-1534816.33285166,66335.6480184435,-91,z,z
3326,3417,-1674345.09038363,-1604580.71161765,-69764.3787659849,-91,z,z
3327,3418,-1376396.56924759,-1674345.09038363,297948.521136043,-91,z,z
3328,3419,-2059636.64951141,-1744109.46914962,-315527.180361789,-91,z,z
3329,3420,-515494.353331404,-1255758.81778772,740264.464456319,-91,z,z
3330,3421,-1161815.24422193,-1325523.19655371,163707.952331779,-91,z,z
3331,3422,-1150600.07813814,-1395287.57531969,244687.497181551,-91,z,z
3332,3423,-1077265.18191944,-1465051.95408568,387786.772166237,-91,z,z
3333,3424,-1813537.3485393,-1534816.33285166,-278721.015687641,-91,z,z
3334,3425,-991201.798380277,-1604580.71161765,613378.91323737,-91,z,z
3335,3426,-2045129.37254546,-1674345.09038363,-370784.282161829,-91,z,z
3336,3427,-2110782.02345321,-1744109.46914962,-366672.554303598,-91,z,z
3337,3428,-1118456.86222019,-1255758.81778772,137301.955567532,-91,z,z
3338,3429,-620759.865829572,-1325523.19655371,704763.330724136,-91,z,z
3339,3430,-1227682.77387334,-1395287.57531969,167604.801446352,-91,z,z
3340,3431,-1423013.88558087,-1465051.95408568,42038.0685048073,-91,z,z
3341,3432,-1315749.42981643,-1534816.33285166,219066.903035233,-91,z,z
3342,3433,-1351648.51106601,-1604580.71161765,252932.200551639,-91,z,z
3343,3434,-1415482.15202722,-1674345.09038363,258862.938356415,-91,z,z
3344,3435,-2345321.71231825,-1744109.46914962,-601212.24316863,-91,z,z
3345,3436,-1262828.98627659,-1255758.81778772,-7070.16848886921,-91,z,z
3346,3437,-846969.960479355,-1325523.19655371,478553.236074353,-91,z,z
3347,3438,-984865.442516929,-1395287.57531969,410422.132802764,-91,z,z
3348,3439,-725691.268614122,-1465051.95408568,739360.685471556,-91,z,z
3349,3440,-1670974.94148608,-1534816.33285166,-136158.60863442,-91,z,z
3350,3441,-1628911.74199055,-1604580.71161765,-24331.0303729046,-91,z,z
3351,3442,-289412.643833317,-1674345.09038363,1384932.44655032,-91,z,z
3352,3443,-997266.380223204,-1744109.46914962,746843.088926413,-91,z,z
3353,3444,-869257.454045441,-1255758.81778772,386501.363742283,-91,z,z
3354,3445,-193540.660873347,-1325523.19655371,1131982.53568036,-91,z,z
3355,3446,-906592.034670447,-1395287.57531969,488695.540649246,-91,z,z
3356,3447,-999620.441575064,-1465051.95408568,465431.512510614,-91,z,z
3357,3448,-968257.178418259,-1534816.33285166,566559.154433404,-91,z,z
3358,3449,-1795390.41806729,-1604580.71161765,-190809.70644964,-91,z,z
3359,3450,-1331847.33570979,-1674345.09038363,342497.75467384,-91,z,z
3360,3451,-1193767.01142297,-1744109.46914962,550342.45772665,-91,z,z
3361,3452,-723885.302198213,-1255758.81778772,531873.515589511,-91,z,z
3362,3453,-1487296.97459979,-1325523.19655371,-161773.778046078,-91,z,z
3363,3454,-1565433.26371005,-1395287.57531969,-170145.688390361,-91,z,z
3364,3455,-1407293.98963183,-1465051.95408568,57757.9644538427,-91,z,z
3365,3456,-1604580.71161765,-1534816.33285166,-69764.3787659844,-91,z,z
3366,3457,-1319046.71219561,-1604580.71161765,285533.999422041,-91,z,z
3367,3458,-1973818.45578176,-1674345.09038363,-299473.365398131,-91,z,z
3368,3460,-494015.421942596,-1255758.81778772,761743.395845128,-92,z,z
3369,3461,-1113406.27571268,-1325523.19655371,212116.920841026,-92,z,z
3370,3462,-1102658.40821572,-1395287.57531969,292629.167103974,-92,z,z
3371,3463,-1032379.1326728,-1465051.95408568,432672.821412881,-92,z,z
3372,3464,-1737973.29235017,-1534816.33285166,-203156.959498504,-92,z,z
3373,3465,-949901.723447766,-1604580.71161765,654678.988169881,-92,z,z
3374,3467,-1959915.6486894,-1255758.81778772,-704156.830901676,-93,z,z
3375,3468,-2022832.772476,-1325523.19655371,-697309.575922289,-93,z,z
3376,3469,-1071854.49296102,-1395287.57531969,323433.082358676,-93,z,z
3377,3470,-594894.871420007,-1465051.95408568,870157.082665671,-93,z,z
3378,3471,-1176529.32496195,-1534816.33285166,358287.007889711,-93,z,z
3379,3473,-1363721.64034833,-1255758.81778772,-107962.822560611,-94,z,z
3380,3474,-1260926.53690741,-1325523.19655371,64596.6596462971,-94,z,z
3381,3475,-1295329.82310492,-1395287.57531969,99957.7522147691,-94,z,z
3382,3476,-1356503.72902608,-1465051.95408568,108548.225059595,-94,z,z
3383,3478,-2247599.97430499,-1255758.81778772,-991841.156517262,-95,z,z
3384,3479,-1210211.1118484,-1325523.19655371,115312.084705307,-95,z,z
3385,3480,-811679.545459382,-1395287.57531969,583608.029860311,-95,z,z
3386,3482,-943829.382412057,-1255758.81778772,311929.435375667,-96,z,z
3387,3483,-695454.132421866,-1325523.19655371,630069.064131842,-96,z,z
3388,3485,-1601350.98559083,-1255758.81778772,-345592.167803105,-97,z,z
3389,3488,-1561040.41940761,-100651499.12623,99090458.7068223,-99,z,z
3390,3489,-277353.783673595,-98070755.5588907,97793401.7752171,-99,z,z
3391,3490,-955713.61438057,-95490011.9915514,94534298.3771708,-99,z,z
3392,3491,-833038.393460214,-92909268.4242122,92076230.030752,-99,z,z
3393,3492,-185476.466670291,-90328524.856873,90143048.3902027,-99,z,z
3394,3493,-867174.989684776,-87747781.2895337,86880606.299849,-99,z,z
3395,3494,-956158.683245714,-85167037.7221945,84210879.0389488,-99,z,z
3396,3495,-926159.040226161,-82586294.1548553,81660135.1146291,-99,z,z
3397,3496,-1717329.96510784,-80005550.5875161,78288220.6224082,-99,z,z
3398,3497,-1273940.92980937,-77424807.0201768,76150866.0903675,-99,z,z
3399,3498,-1141864.09788284,-74844063.4528376,73702199.3549548,-99,z,z
3400,3499,-692412.028189595,-72263319.8854984,71570907.8573088,-99,z,z
3401,3500,-1422631.88874762,-69682576.3181592,68259944.4294116,-99,z,z
3402,3501,-1497370.94789657,-67101832.7508199,65604461.8029234,-99,z,z
3403,3502,-1346107.29443045,-64521089.1834807,63174981.8890503,-99,z,z
3404,3503,-1534816.33285166,-61940345.6161415,60405529.2832898,-99,z,z
3405,3504,-1261696.85514362,-59359602.0488022,58097905.1936586,-99,z,z
3406,3505,-1888000.26205212,-56778858.481463,54890858.2194109,-99,z,z
3407,3506,-472536.490553787,-54198114.9141238,53725578.42357,-99,z,z
3408,3507,-1064997.30720344,-51617371.3467846,50552374.0395811,-99,z,z
3409,3508,-1054716.7382933,-49036627.7794453,47981911.041152,-99,z,z
3410,3509,-987493.083426154,-46455884.2121061,45468391.1286799,-99,z,z
3411,3510,-1662409.23616103,-43875140.6447669,42212731.4086058,-99,z,z
3412,3511,-908601.648515254,-41294397.0774276,40385795.4289124,-99,z,z
3413,3512,-1874701.92483334,-38713653.5100884,36838951.5852551,-99,z,z
3414,3513,-1934883.52149878,-36132909.9427492,34198026.4212504,-99,z,z
3415,3514,-1025252.12370184,-33552166.37541,32526914.2517081,-99,z,z
3416,3515,-569029.877010441,-30971422.8080707,30402392.9310603,-99,z,z
3417,3516,-1125375.87605056,-28390679.2407315,27265303.3646809,-99,z,z
3418,3517,-1304429.3951158,-25809935.6733923,24505506.2782765,-99,z,z
3419,3518,-1206103.64399839,-23229192.1060531,22023088.4620547,-99,z,z
3420,3519,-1239011.13514384,-20648448.5387138,19409437.40357,-99,z,z
3421,3520,-1297525.30602495,-18067704.9713746,16770179.6653496,-99,z,z
3422,3521,-2149878.23629173,-15486961.4040354,13337083.1677436,-99,z,z
3423,3522,-1157593.23742021,-12906217.8366961,11748624.5992759,-99,z,z
3424,3523,-776389.130439409,-10325474.2693569,9549085.1389175,-99,z,z
3425,3524,-902793.322307185,-7744730.70201768,6841937.3797105,-99,z,z
3426,3525,-665216.996229611,-5163987.13467846,4498770.13844885,-99,z,z
3427,3526,-1531727.02969558,-2583243.56733923,1051516.53764365,-99,z,z
3428,3527,-1493169.09682467,-2500,-1490669.09682467,-99,z,z
3429,3529,-265294.923513874,-1032297.42693569,767002.503421818,-100,z,z
3430,3530,-914160.848537937,-1089647.28398767,175486.435449738,-100,z,z
3431,3531,-796819.332874988,-1146997.14103966,350177.80816467,-100,z,z
3432,3532,-177412.272467235,-1204346.99809164,1026934.72562441,-100,z,z
3433,3533,-827757.944699104,-1261696.85514362,433938.910444519,-100,z,z
3434,3534,-912696.924916363,-1319046.71219561,406349.787279243,-100,z,z
3435,3535,-884060.902034063,-1376396.56924759,492335.667213526,-100,z,z
3436,3536,-1639269.51214839,-1433746.42629957,-205523.085848821,-100,z,z
3437,3537,-1216034.52390894,-1032297.42693569,-183737.096973249,-100,z,z
3438,3538,-1089961.18434271,-1089647.28398767,-313.900355034508,-100,z,z
3439,3539,-660938.754180977,-1146997.14103966,486058.38685868,-100,z,z
3440,3540,-1357966.80289546,-1204346.99809164,-153619.804803817,-100,z,z
3441,3541,-1429308.63208309,-1261696.85514362,-167611.77693947,-100,z,z
3442,3542,-1284920.59922907,-1319046.71219561,34126.1129665389,-100,z,z
3443,3543,-1465051.95408568,-1376396.56924759,-88655.3848380894,-100,z,z
3444,3544,-1204346.99809164,-1433746.42629957,229399.428207931,-100,z,z
3445,3545,-1802182.06832248,-1032297.42693569,-769884.641386788,-100,z,z
3446,3546,-451057.559164979,-1089647.28398767,638589.724822695,-100,z,z
3447,3547,-1016588.33869419,-1146997.14103966,130408.802345469,-100,z,z
3448,3548,-1006775.06837087,-1204346.99809164,197571.929720766,-100,z,z
3449,3549,-942607.03417951,-1261696.85514362,319089.820964112,-100,z,z
3450,3550,-1586845.17997189,-1319046.71219561,-267798.467776285,-100,z,z
3451,3551,-867301.573582743,-1376396.56924759,509094.995664846,-100,z,z
3452,3552,-1789488.20097728,-1433746.42629957,-355741.774677707,-100,z,z
3453,3553,-1846934.27052156,-1032297.42693569,-814636.843585871,-100,z,z
3454,3554,-978649.754442668,-1089647.28398767,110997.529545007,-100,z,z
3455,3555,-543164.882600876,-1146997.14103966,603832.258438781,-100,z,z
3456,3556,-1074222.42713917,-1204346.99809164,130124.570952466,-100,z,z
3457,3557,-1245137.14988326,-1261696.85514362,16559.7052603608,-100,z,z
3458,3558,-1151280.75108938,-1319046.71219561,167765.96110623,-100,z,z
3459,3559,-1182692.44718276,-1376396.56924759,193704.122064832,-100,z,z
3460,3560,-1238546.88302381,-1433746.42629957,195199.543275756,-100,z,z
3461,3561,-2052156.49827847,-1032297.42693569,-1019859.07134277,-100,z,z
3462,3562,-1104975.36299202,-1089647.28398767,-15328.0790043445,-100,z,z
3463,3563,-741098.715419436,-1146997.14103966,405898.425620221,-100,z,z
3464,3564,-861757.262202313,-1204346.99809164,342589.735889327,-100,z,z
3465,3565,-634979.860037356,-1261696.85514362,626716.995106266,-100,z,z
3466,3566,-1462103.07380032,-1319046.71219561,-143056.361604716,-100,z,z
3467,3567,-1425297.77424173,-1376396.56924759,-48901.2049941442,-100,z,z
3468,3568,-253236.063354152,-1433746.42629957,1180510.36294542,-100,z,z
3469,3569,-872608.082695303,-1032297.42693569,159689.344240388,-100,z,z
3470,3570,-760600.272289761,-1089647.28398767,329047.011697914,-100,z,z
3471,3571,-169348.078264179,-1146997.14103966,977649.062775478,-100,z,z
3472,3572,-788340.899713433,-1204346.99809164,416006.098378207,-100,z,z
3473,3573,-869235.166587012,-1261696.85514362,392461.68855661,-100,z,z
3474,3574,-841962.763841964,-1319046.71219561,477083.948353641,-100,z,z
3475,3575,-1561209.05918895,-1376396.56924759,-184812.489941357,-100,z,z
3476,3576,-1158128.11800851,-1433746.42629957,275618.308291056,-100,z,z
3477,3577,-1038058.27080258,-1032297.42693569,-5760.84386688832,-100,z,z
3478,3578,-629465.480172359,-1089647.28398767,460181.803815315,-100,z,z
3479,3579,-1293301.71704329,-1146997.14103966,-146304.576003636,-100,z,z
3480,3580,-1361246.31626961,-1204346.99809164,-156899.318177972,-100,z,z
3481,3581,-1223733.90402768,-1261696.85514362,37962.95111594,-100,z,z
3482,3582,-1395287.57531969,-1319046.71219561,-76240.8631240875,-100,z,z
3483,3583,-1146997.14103966,-1376396.56924759,229399.428207931,-100,z,z
3484,3584,-1716363.87459284,-1433746.42629957,-282617.448293266,-100,z,z
3485,3585,-429578.62777617,-1032297.42693569,602718.799159521,-100,z,z
3486,3586,-968179.370184941,-1089647.28398767,121467.913802733,-100,z,z
3487,3587,-958833.398448452,-1146997.14103966,188163.742591206,-100,z,z
3488,3588,-897720.984932867,-1204346.99809164,306626.013158773,-100,z,z
3489,3589,-1511281.12378275,-1261696.85514362,-249584.268639131,-100,z,z
3490,3590,-826001.498650231,-1319046.71219561,493045.213545375,-100,z,z
3491,3591,-1704274.47712122,-1376396.56924759,-327877.907873628,-100,z,z
3492,3592,-1758985.01954434,-1433746.42629957,-325238.593244774,-100,z,z
3493,3593,-932047.385183493,-1032297.42693569,100250.041752198,-100,z,z
3494,3594,-517299.88819131,-1089647.28398767,572347.395796364,-100,z,z
3495,3595,-1023068.97822778,-1146997.14103966,123928.162811873,-100,z,z
3496,3596,-1185844.90465073,-1204346.99809164,18502.0934409143,-100,z,z
3497,3597,-1096457.85818036,-1261696.85514362,165238.996963265,-100,z,z
3498,3598,-1126373.75922167,-1319046.71219561,192672.952973933,-100,z,z
3499,3599,-1179568.46002268,-1376396.56924759,196828.109224908,-100,z,z
3500,3600,-1954434.76026521,-1433746.42629957,-520688.333965634,-100,z,z
3501,3601,-1052357.48856383,-1032297.42693569,-20060.061628136,-100,z,z
3502,3602,-705808.300399463,-1089647.28398767,383838.983588212,-100,z,z
3503,3603,-820721.202097441,-1146997.14103966,326275.938942216,-100,z,z
3504,3604,-604742.723845101,-1204346.99809164,599604.274246539,-100,z,z
3505,3605,-1392479.11790507,-1261696.85514362,-130782.262761446,-100,z,z
3506,3606,-1357426.45165879,-1319046.71219561,-38379.7394631873,-100,z,z
3507,3607,-241177.20319443,-1376396.56924759,1135219.36605316,-100,z,z
3508,3608,-831055.31685267,-1433746.42629957,602691.109446902,-100,z,z
3509,3609,-724381.211704534,-1032297.42693569,307916.215231157,-100,z,z
3510,3610,-161283.884061122,-1089647.28398767,928363.399926552,-100,z,z
3511,3611,-748923.854727761,-1146997.14103966,398073.286311896,-100,z,z
3512,3612,-825773.408257662,-1204346.99809164,378573.589833978,-100,z,z
3513,3613,-799864.625649866,-1261696.85514362,461832.229493757,-100,z,z
3514,3614,-1483148.6062295,-1319046.71219561,-164101.894033892,-100,z,z
3515,3615,-1100221.71210809,-1376396.56924759,276174.857139499,-100,z,z
3516,3616,-986155.357262451,-1433746.42629957,447591.06903712,-100,z,z
3517,3617,-597992.206163741,-1032297.42693569,434305.22077195,-100,z,z
3518,3618,-1228636.63119113,-1089647.28398767,-138989.347203454,-100,z,z
3519,3619,-1293184.00045613,-1146997.14103966,-146186.859416474,-100,z,z
3520,3620,-1162547.2088263,-1204346.99809164,41799.7892653414,-100,z,z
3521,3621,-1325523.19655371,-1261696.85514362,-63826.3414100858,-100,z,z
3522,3622,-1089647.28398767,-1319046.71219561,229399.428207931,-100,z,z
3523,3623,-1630545.6808632,-1376396.56924759,-254149.111615607,-100,z,z
3524,3624,-408099.696387362,-1433746.42629957,1025646.72991221,-100,z,z
3525,3625,-919770.401675694,-1032297.42693569,112527.025259997,-100,z,z
3526,3626,-910891.728526029,-1089647.28398767,178755.555461645,-100,z,z
3527,3627,-852834.935686224,-1146997.14103966,294162.205353433,-100,z,z
3528,3628,-1435717.06759362,-1204346.99809164,-231370.069501976,-100,z,z
3529,3629,-784701.42371772,-1261696.85514362,476995.431425903,-100,z,z
3530,3630,-1619060.75326516,-1319046.71219561,-300014.04106955,-100,z,z
3531,3631,-1671035.76856713,-1376396.56924759,-294639.199319539,-100,z,z
3532,3632,-885445.015924318,-1433746.42629957,548301.410375253,-100,z,z
3533,3633,-491434.893781745,-1032297.42693569,540862.533153947,-100,z,z
3534,3634,-971915.529316395,-1089647.28398767,117731.754671279,-100,z,z
3535,3635,-1126552.65941819,-1146997.14103966,20444.4816214677,-100,z,z
3536,3636,-1041634.96527134,-1204346.99809164,162712.0328203,-100,z,z
3537,3637,-1070055.07126059,-1261696.85514362,191641.783883033,-100,z,z
3538,3638,-1120590.03702155,-1319046.71219561,198456.675174059,-100,z,z
3539,3639,-1856713.02225194,-1376396.56924759,-480316.453004357,-100,z,z
3540,3640,-999739.614135636,-1433746.42629957,434006.812163935,-100,z,z
3541,3641,-670517.885379489,-1032297.42693569,361779.541556202,-100,z,z
3542,3642,-779685.141992569,-1089647.28398767,309962.141995105,-100,z,z
3543,3643,-574505.587652846,-1146997.14103966,572491.553386811,-100,z,z
3544,3644,-1322855.16200982,-1204346.99809164,-118508.163918175,-100,z,z
3545,3645,-1289555.12907585,-1261696.85514362,-27858.2739322307,-100,z,z
3546,3646,-229118.343034709,-1319046.71219561,1089928.3691609,-100,z,z
3547,3647,-789502.551010036,-1376396.56924759,586894.018237552,-100,z,z
3548,3648,-688162.151119307,-1433746.42629957,745584.275180264,-100,z,z
3549,3649,-153219.689858066,-1032297.42693569,879077.737077625,-100,z,z
3550,3650,-709506.809742089,-1089647.28398767,380140.474245585,-100,z,z
3551,3651,-782311.649928311,-1146997.14103966,364685.491111346,-100,z,z
3552,3652,-757766.487457768,-1204346.99809164,446580.510633872,-100,z,z
3553,3653,-1405088.15327005,-1261696.85514362,-143391.298126428,-100,z,z
3554,3654,-1042315.30620766,-1319046.71219561,276731.405987942,-100,z,z
3555,3655,-934252.443722322,-1376396.56924759,442144.125525267,-100,z,z
3556,3656,-566518.932155123,-1433746.42629957,867227.494144448,-100,z,z
3557,3657,-1163971.54533896,-1032297.42693569,-131674.118403272,-100,z,z
3558,3658,-1225121.68464265,-1089647.28398767,-135474.400654977,-100,z,z
3559,3659,-1101360.51362491,-1146997.14103966,45636.6274147427,-100,z,z
3560,3660,-1255758.81778772,-1204346.99809164,-51411.8196960839,-100,z,z
3561,3661,-1032297.42693569,-1261696.85514362,229399.428207931,-100,z,z
3562,3662,-1544727.48713355,-1319046.71219561,-225680.774937948,-100,z,z
3563,3663,-386620.764998553,-1376396.56924759,989775.804249035,-100,z,z
3564,3664,-871361.433166447,-1433746.42629957,562384.993133124,-100,z,z
3565,3665,-862950.058603606,-1032297.42693569,169347.368332085,-100,z,z
3566,3666,-807948.88643958,-1089647.28398767,281698.397548094,-100,z,z
3567,3667,-1360153.01140448,-1146997.14103966,-213155.870364821,-100,z,z
3568,3668,-743401.348785208,-1204346.99809164,460945.649306432,-100,z,z
3569,3669,-1533847.0294091,-1261696.85514362,-272150.174265473,-100,z,z
3570,3670,-1583086.51758991,-1319046.71219561,-264039.805394305,-100,z,z
3571,3671,-838842.646665144,-1376396.56924759,537553.922582445,-100,z,z
3572,3672,-465569.899372179,-1433746.42629957,968176.526927392,-100,z,z
3573,3673,-920762.080405006,-1032297.42693569,111535.346530686,-100,z,z
3574,3674,-1067260.41418565,-1089647.28398767,22386.8698020212,-100,z,z
3575,3675,-986812.072362322,-1146997.14103966,160185.068677335,-100,z,z
3576,3676,-1013736.38329951,-1204346.99809164,190610.614792134,-100,z,z
3577,3677,-1061611.61402041,-1261696.85514362,200085.24112321,-100,z,z
3578,3678,-1758991.28423868,-1319046.71219561,-439944.572043079,-100,z,z
3579,3679,-947121.739707445,-1376396.56924759,429274.829540144,-100,z,z
3580,3680,-635227.470359516,-1433746.42629957,798518.955940055,-100,z,z
3581,3681,-738649.081887697,-1032297.42693569,293648.345047994,-100,z,z
3582,3682,-544268.451460591,-1089647.28398767,545378.832527083,-100,z,z
3583,3683,-1253231.20611456,-1146997.14103966,-106234.065074905,-100,z,z
3584,3684,-1221683.80649291,-1204346.99809164,-17336.8084012738,-100,z,z
3585,3685,-217059.482874987,-1261696.85514362,1044637.37226864,-100,z,z
3586,3686,-747949.785167403,-1319046.71219561,571096.927028203,-100,z,z
3587,3687,-651943.090534081,-1376396.56924759,724453.478713508,-100,z,z
3588,3688,-145155.49565501,-1433746.42629957,1288590.93064456,-100,z,z
3589,3689,-40799141.5601701,-1032297.42693569,-39766844.1332344,-100,z,z
3590,3690,-44985419.8708779,-1089647.28398767,-43895772.5868902,-100,z,z
3591,3691,-43574073.0288217,-1146997.14103966,-42427075.887782,-100,z,z
3592,3692,-80795068.8130279,-1204346.99809164,-79590721.8149363,-100,z,z
3593,3693,-59935630.1069406,-1261696.85514362,-58673933.251797,-100,z,z
3594,3694,-53722015.5140335,-1319046.71219561,-52402968.8018379,-100,z,z
3595,3695,-32577338.5989196,-1376396.56924759,-31200942.029672,-100,z,z
3596,3696,-66930863.8569904,-1433746.42629957,-65497117.4306908,-100,z,z
3597,3697,-70446996.8669524,-1032297.42693569,-69414699.4400167,-100,z,z
3598,3698,-63330729.5334326,-1089647.28398767,-62241082.2494449,-100,z,z
3599,3699,-72208632.0227941,-1146997.14103966,-71061634.8817545,-100,z,z
3600,3700,-59359602.0488022,-1204346.99809164,-58155255.0507106,-100,z,z
3601,3701,-88824330.5101793,-1261696.85514362,-87562633.6550357,-100,z,z
3602,3702,-22233193.9874168,-1319046.71219561,-20914147.2752212,-100,z,z
3603,3703,-50105782.4070707,-1376396.56924759,-48729385.8378231,-100,z,z
3604,3704,-49622128.3697074,-1433746.42629957,-48188381.9434078,-100,z,z
3605,3705,-46459560.9702759,-1032297.42693569,-45427263.5433402,-100,z,z
3606,3706,-78211298.1557575,-1089647.28398767,-77121650.8717698,-100,z,z
3607,3707,-42748077.5551495,-1146997.14103966,-41601080.4141098,-100,z,z
3608,3708,-88198704.191023,-1204346.99809164,-86994357.1929313,-100,z,z
3609,3709,-91029974.7614198,-1261696.85514362,-89768277.9062762,-100,z,z
3610,3710,-48235952.1832457,-1319046.71219561,-46916905.4710501,-100,z,z
3611,3711,-26772769.2139003,-1376396.56924759,-25396372.6446527,-100,z,z
3612,3712,-52946319.6232878,-1433746.42629957,-51512573.1969882,-100,z,z
3613,3713,-61369973.815675,-1032297.42693569,-60337676.3887394,-100,z,z
3614,3714,-56744194.1608335,-1089647.28398767,-55654546.8768458,-100,z,z
3615,3715,-58292342.0397216,-1146997.14103966,-57145344.8986819,-100,z,z
3616,3716,-61045167.8061737,-1204346.99809164,-59840820.8080821,-100,z,z
3617,3717,-101144498.843724,-1261696.85514362,-99882801.9885807,-100,z,z
3618,3718,-54462000.0331781,-1319046.71219561,-53142953.3209825,-100,z,z
3619,3719,-36528079.5456722,-1376396.56924759,-35151682.9764246,-100,z,z
3620,3720,-42474822.2085426,-1433746.42629957,-41041075.782243,-100,z,z
3621,3721,-31297935.958984,-1032297.42693569,-30265638.5320483,-100,z,z
3622,3722,-72063294.3515873,-1089647.28398767,-70973647.0675996,-100,z,z
3623,3723,-70249318.8733425,-1146997.14103966,-69102321.7323029,-100,z,z
3624,3724,-12483420.2653118,-1204346.99809164,-11279073.2672201,-100,z,z
3625,3725,-43009612.6471257,-1261696.85514362,-41747915.791982,-100,z,z
3626,3726,-37489227.7057096,-1319046.71219561,-36170180.993514,-100,z,z
3627,3727,-8348941.00016309,-1376396.56924759,-6972544.4309155,-100,z,z
3628,3728,-985426.124641791,-1433746.42629957,448320.301657781,-100,z,z
3629,3729,-1086543.95823377,-1032297.42693569,-54246.5312980741,-100,z,z
3630,3730,-1052453.45480246,-1089647.28398767,37193.8291852188,-100,z,z
3631,3731,-1951511.32398618,-1146997.14103966,-804514.182946524,-100,z,z
3632,3732,-1447660.14751064,-1204346.99809164,-243313.149419004,-100,z,z
3633,3733,-1297572.83850322,-1261696.85514362,-35875.9833596021,-100,z,z
3634,3734,-786831.850215449,-1319046.71219561,532214.861980157,-100,z,z
3635,3735,-1616627.14630412,-1376396.56924759,-240230.577056527,-100,z,z
3636,3736,-1701557.89533702,-1433746.42629957,-267811.469037444,-100,z,z
3637,3737,-1529667.3800346,-1032297.42693569,-497369.953098912,-100,z,z
3638,3738,-1744109.46914962,-1089647.28398767,-654462.185161942,-100,z,z
3639,3739,-1433746.42629957,-1146997.14103966,-286749.285259914,-100,z,z
3640,3740,-2145454.84324105,-1204346.99809164,-941107.845149407,-100,z,z
3641,3741,-536973.284720213,-1261696.85514362,724723.57042341,-100,z,z
3642,3742,-1210224.21273118,-1319046.71219561,108822.499464429,-100,z,z
3643,3743,-1198541.74806056,-1376396.56924759,177854.821187024,-100,z,z
3644,3744,-1122151.23116608,-1433746.42629957,311595.195133487,-100,z,z
3645,3745,-1889101.40472844,-1032297.42693569,-856803.97779275,-100,z,z
3646,3746,-1032501.87331279,-1089647.28398767,57145.4106748855,-100,z,z
3647,3747,-2130343.09640152,-1146997.14103966,-983345.955361864,-100,z,z
3648,3748,-2198731.27443043,-1204346.99809164,-994384.276338792,-100,z,z
3649,3749,-1165059.23147937,-1261696.85514362,96637.6236642567,-100,z,z
3650,3750,-646624.860239138,-1319046.71219561,672421.851956468,-100,z,z
3651,3751,-1278836.22278473,-1376396.56924759,97560.3464628584,-100,z,z
3652,3752,-1482306.13081341,-1433746.42629957,-48559.7045138357,-100,z,z
3653,3753,-1370572.32272545,-1032297.42693569,-338274.895789756,-100,z,z
3654,3754,-1407967.19902709,-1089647.28398767,-318319.915039417,-100,z,z
3655,3755,-1474460.57502835,-1146997.14103966,-327463.433988694,-100,z,z
3656,3756,-2443043.45033151,-1204346.99809164,-1238696.45223987,-100,z,z
3657,3757,-1315446.86070478,-1261696.85514362,-53750.0055611618,-100,z,z
3658,3758,-882260.375499328,-1319046.71219561,436786.336696277,-100,z,z
3659,3759,-1025901.5026218,-1376396.56924759,350495.066625787,-100,z,z
3660,3760,-755928.404806377,-1433746.42629957,677818.021493195,-100,z,z
3661,3761,-1740598.89738134,-1032297.42693569,-708301.470445644,-100,z,z
3662,3762,-1696783.06457349,-1089647.28398767,-607135.780585817,-100,z,z
3663,3763,-301471.503993038,-1146997.14103966,845525.637046619,-100,z,z
3664,3764,-1038819.14606584,-1204346.99809164,165527.852025803,-100,z,z
3665,3765,-905476.514630667,-1261696.85514362,356220.340512955,-100,z,z
3666,3766,-201604.855076403,-1319046.71219561,1117441.8571192,-100,z,z
3667,3767,-946009.079656119,-1376396.56924759,430387.48959147,-100,z,z
3668,3768,-1043082.19990441,-1433746.42629957,390664.226395156,-100,z,z
3669,3769,-1010355.31661036,-1032297.42693569,21942.1103253341,-100,z,z
3670,3770,-1873450.87102673,-1089647.28398767,-783803.58703906,-100,z,z
3671,3771,-1389753.74161022,-1146997.14103966,-242756.600570561,-100,z,z
3672,3772,-1245669.9249631,-1204346.99809164,-41322.926871456,-100,z,z
3673,3773,-755358.576206831,-1261696.85514362,506338.278936792,-100,z,z
3674,3774,-1551962.06045195,-1319046.71219561,-232915.348256345,-100,z,z
3675,3775,-1633495.57952353,-1376396.56924759,-257099.010275946,-100,z,z
3676,3777,-1468480.68483322,-1032297.42693569,-436183.257897528,-101,z,z
3677,3778,-1674345.09038363,-1089647.28398767,-584697.806395958,-101,z,z
3678,3779,-1376396.56924759,-1146997.14103966,-229399.428207931,-101,z,z
3679,3780,-2059636.64951141,-1204346.99809164,-855289.651419765,-101,z,z
3680,3781,-515494.353331404,-1261696.85514362,746202.501812218,-101,z,z
3681,3782,-1161815.24422193,-1319046.71219561,157231.467973676,-101,z,z
3682,3784,-1150600.07813814,-1032297.42693569,-118302.65120245,-102,z,z
3683,3785,-1077265.18191944,-1089647.28398767,12382.1020682338,-102,z,z
3684,3786,-1813537.3485393,-1146997.14103966,-666540.207499647,-102,z,z
3685,3787,-991201.798380277,-1204346.99809164,213145.199711363,-102,z,z
3686,3788,-2045129.37254546,-1261696.85514362,-783432.517401838,-102,z,z
3687,3790,-2110782.02345321,-1032297.42693569,-1078484.59651752,-103,z,z
3688,3791,-1118456.86222019,-1089647.28398767,-28809.5782325172,-103,z,z
3689,3792,-620759.865829572,-1146997.14103966,526237.275210085,-103,z,z
3690,3793,-1227682.77387334,-1204346.99809164,-23335.7757817011,-103,z,z
3691,3795,-1423013.88558087,-1032297.42693569,-390716.458645179,-104,z,z
3692,3796,-1315749.42981643,-1089647.28398767,-226102.145828755,-104,z,z
3693,3797,-1351648.51106601,-1146997.14103966,-204651.370026351,-104,z,z
3694,3799,-1415482.15202722,-1032297.42693569,-383184.725091526,-105,z,z
3695,3800,-2345321.71231825,-1089647.28398767,-1255674.42833057,-105,z,z
3696,3802,-1262828.98627659,-1032297.42693569,-230531.559340902,-106,z,z
3697,3805,-846969.960479355,-150613429.995521,149766460.035042,-108,z,z
3698,3806,-984865.442516929,-146751611.277688,145766745.835171,-108,z,z
3699,3807,-725691.268614122,-142889792.559854,142164101.29124,-108,z,z
3700,3808,-1670974.94148608,-139027973.84202,137356998.900534,-108,z,z
3701,3809,-1628911.74199055,-135166155.124186,133537243.382195,-108,z,z
3702,3810,-289412.643833317,-131304336.406352,131014923.762519,-108,z,z
3703,3811,-997266.380223204,-127442517.688518,126445251.308295,-108,z,z
3704,3812,-869257.454045441,-123580698.970684,122711441.516639,-108,z,z
3705,3813,-193540.660873347,-119718880.25285,119525339.591977,-108,z,z
3706,3814,-906592.034670447,-115857061.535017,114950469.500346,-108,z,z
3707,3815,-999620.441575064,-111995242.817183,110995622.375608,-108,z,z
3708,3816,-968257.178418259,-108133424.099349,107165166.92093,-108,z,z
3709,3817,-1795390.41806729,-104271605.381515,102476214.963448,-108,z,z
3710,3818,-1331847.33570979,-100409786.663681,99077939.3279712,-108,z,z
3711,3819,-1193767.01142297,-96547967.9458471,95354200.9344241,-108,z,z
3712,3820,-723885.302198213,-92686149.2280132,91962263.925815,-108,z,z
3713,3821,-1487296.97459979,-88824330.5101793,87337033.5355795,-108,z,z
3714,3822,-1565433.26371005,-84962511.7923454,83397078.5286354,-108,z,z
3715,3823,-1407293.98963183,-81100693.0745116,79693399.0848797,-108,z,z
3716,3824,-1604580.71161765,-77238874.3566777,75634293.64506,-108,z,z
3717,3825,-1319046.71219561,-73377055.6388438,72058008.9266482,-108,z,z
3718,3826,-1973818.45578176,-69515236.9210099,67541418.4652281,-108,z,z
3719,3827,-494015.421942596,-65653418.203176,65159402.7812334,-108,z,z
3720,3828,-1113406.27571268,-61791599.4853421,60678193.2096295,-108,z,z
3721,3829,-1102658.40821572,-57929780.7675083,56827122.3592925,-108,z,z
3722,3830,-1032379.1326728,-54067962.0496744,53035582.9170016,-108,z,z
3723,3831,-1737973.29235017,-50206143.3318405,48468170.0394903,-108,z,z
3724,3832,-949901.723447766,-46344324.6140066,45394422.8905588,-108,z,z
3725,3833,-1959915.6486894,-42482505.8961727,40522590.2474833,-108,z,z
3726,3834,-2022832.772476,-38620687.1783388,36597854.4058628,-108,z,z
3727,3835,-1071854.49296102,-34758868.4605049,33687013.9675439,-108,z,z
3728,3836,-594894.871420007,-30897049.7426711,30302154.8712511,-108,z,z
3729,3837,-1176529.32496195,-27035231.0248372,25858701.6998752,-108,z,z
3730,3838,-1363721.64034833,-23173412.3070033,21809690.666655,-108,z,z
3731,3839,-1260926.53690741,-19311593.5891694,18050667.052262,-108,z,z
3732,3840,-1295329.82310492,-15449774.8713355,14154445.0482306,-108,z,z
3733,3841,-1356503.72902608,-11587956.1535017,10231452.4244756,-108,z,z
3734,3842,-2247599.97430499,-7726137.43566777,5478537.46136278,-108,z,z
3735,3843,-1210211.1118484,-3864318.71783388,2654107.60598548,-108,z,z
3736,3844,-811679.545459382,-2500,-809179.545459382,-108,z,z
3737,3846,-943829.382412057,-1544727.48713355,600898.104721496,-109,z,z
3738,3847,-695454.132421866,-1630545.6808632,935091.548441329,-109,z,z
3739,3848,-1601350.98559083,-1716363.87459284,115012.889002009,-109,z,z
3740,3849,-1561040.41940761,-1802182.06832248,241141.648914868,-109,z,z
3741,3850,-277353.783673595,-1888000.26205212,1610646.47837853,-109,z,z
3742,3851,-955713.61438057,-1973818.45578176,1018104.84140119,-109,z,z
3743,3852,-833038.393460214,-2059636.64951141,1226598.25605119,-109,z,z
3744,3853,-185476.466670291,-2145454.84324105,1959978.37657076,-109,z,z
3745,3854,-867174.989684776,-1544727.48713355,677552.497448778,-109,z,z
3746,3855,-956158.683245714,-1630545.6808632,674386.997617482,-109,z,z
3747,3856,-926159.040226161,-1716363.87459284,790204.834366677,-109,z,z
3748,3857,-1717329.96510784,-1802182.06832248,84852.1032146397,-109,z,z
3749,3858,-1273940.92980937,-1888000.26205212,614059.332242755,-109,z,z
3750,3859,-1141864.09788284,-1973818.45578176,831954.357898925,-109,z,z
3751,3860,-692412.028189595,-2059636.64951141,1367224.62132181,-109,z,z
3752,3861,-1422631.88874762,-2145454.84324105,722822.954493425,-109,z,z
3753,3862,-1497370.94789657,-1544727.48713355,47356.5392369803,-109,z,z
3754,3863,-1346107.29443045,-1630545.6808632,284438.386432745,-109,z,z
3755,3864,-1534816.33285166,-1716363.87459284,181547.541741175,-109,z,z
3756,3865,-1261696.85514362,-1802182.06832248,540485.213178857,-109,z,z
3757,3866,-1888000.26205212,-1888000.26205212,0,-109,z,z
3758,3867,-472536.490553787,-1973818.45578176,1501281.96522798,-109,z,z
3759,3868,-1064997.30720344,-2059636.64951141,994639.34230797,-109,z,z
3760,3869,-1054716.7382933,-2145454.84324105,1090738.10494775,-109,z,z
3761,3870,-987493.083426154,-1544727.48713355,557234.4037074,-109,z,z
3762,3871,-1662409.23616103,-1630545.6808632,-31863.5552978332,-109,z,z
3763,3872,-908601.648515254,-1716363.87459284,807762.226077583,-109,z,z
3764,3873,-1874701.92483334,-1802182.06832248,-72519.8565108592,-109,z,z
3765,3874,-1934883.52149878,-1888000.26205212,-46883.2594466584,-109,z,z
3766,3875,-1025252.12370184,-1973818.45578176,948566.332079921,-109,z,z
3767,3876,-569029.877010441,-2059636.64951141,1490606.77250096,-109,z,z
3768,3877,-1125375.87605056,-2145454.84324105,1020078.96719048,-109,z,z
3769,3878,-1304429.3951158,-1544727.48713355,240298.092017756,-109,z,z
3770,3879,-1206103.64399839,-1630545.6808632,424442.036864802,-109,z,z
3771,3880,-1239011.13514384,-1716363.87459284,477352.739448997,-109,z,z
3772,3881,-1297525.30602495,-1802182.06832248,504656.762297531,-109,z,z
3773,3882,-2149878.23629173,-1888000.26205212,-261877.974239605,-109,z,z
3774,3883,-1157593.23742021,-1973818.45578176,816225.218361553,-109,z,z
3775,3884,-776389.130439409,-2059636.64951141,1283247.519072,-109,z,z
3776,3885,-902793.322307185,-2145454.84324105,1242661.52093386,-109,z,z
3777,3886,-665216.996229611,-1544727.48713355,879510.490903942,-109,z,z
3778,3887,-1531727.02969558,-1630545.6808632,98818.6511676202,-109,z,z
3779,3888,-1493169.09682467,-1716363.87459284,223194.777768165,-109,z,z
3780,3889,-265294.923513874,-1802182.06832248,1536887.14480861,-109,z,z
3781,3890,-914160.848537937,-1888000.26205212,973839.413514185,-109,z,z
3782,3891,-796819.332874988,-1973818.45578176,1176999.12290678,-109,z,z
3783,3892,-177412.272467235,-2059636.64951141,1882224.37704417,-109,z,z
3784,3893,-827757.944699104,-2145454.84324105,1317696.89854194,-109,z,z
3785,3894,-912696.924916363,-1544727.48713355,632030.562217191,-109,z,z
3786,3895,-884060.902034063,-1630545.6808632,746484.778829133,-109,z,z
3787,3896,-1639269.51214839,-1716363.87459284,77094.362444445,-109,z,z
3788,3897,-1216034.52390894,-1802182.06832248,586147.544413539,-109,z,z
3789,3898,-1089961.18434271,-1888000.26205212,798039.077709413,-109,z,z
3790,3899,-660938.754180977,-1973818.45578176,1312879.70160079,-109,z,z
3791,3900,-1357966.80289546,-2059636.64951141,701669.846615948,-109,z,z
3792,3901,-1429308.63208309,-2145454.84324105,716146.211157954,-109,z,z
3793,3902,-1284920.59922907,-1544727.48713355,259806.887904487,-109,z,z
3794,3903,-1465051.95408568,-1630545.6808632,165493.726777518,-109,z,z
3795,3904,-1204346.99809164,-1716363.87459284,512016.876501198,-109,z,z
3796,3905,-1802182.06832248,-1802182.06832248,0,-109,z,z
3797,3906,-451057.559164979,-1888000.26205212,1436942.70288714,-109,z,z
3798,3907,-1016588.33869419,-1973818.45578176,957230.117087575,-109,z,z
3799,3908,-1006775.06837087,-2059636.64951141,1052861.58114053,-109,z,z
3800,3909,-942607.03417951,-2145454.84324105,1202847.80906154,-109,z,z
3801,3910,-1586845.17997189,-1544727.48713355,-42117.6928383373,-109,z,z
3802,3911,-867301.573582743,-1630545.6808632,763244.107280453,-109,z,z
3803,3912,-1789488.20097728,-1716363.87459284,-73124.3263844405,-109,z,z
3804,3913,-1846934.27052156,-1802182.06832248,-44752.2021990831,-109,z,z
3805,3914,-978649.754442668,-1888000.26205212,909350.507609454,-109,z,z
3806,3915,-543164.882600876,-1973818.45578176,1430653.57318089,-109,z,z
3807,3916,-1074222.42713917,-2059636.64951141,985414.222372232,-109,z,z
3808,3917,-1245137.14988326,-2145454.84324105,900317.693357785,-109,z,z
3809,3918,-1151280.75108938,-1544727.48713355,393446.736044178,-109,z,z
3810,3919,-1182692.44718276,-1630545.6808632,447853.233680439,-109,z,z
3811,3920,-1238546.88302381,-1716363.87459284,477816.991569022,-109,z,z
3812,3921,-2052156.49827847,-1802182.06832248,-249974.429955986,-109,z,z
3813,3922,-1104975.36299202,-1888000.26205212,783024.899060102,-109,z,z
3814,3923,-741098.715419436,-1973818.45578176,1232719.74036233,-109,z,z
3815,3924,-861757.262202313,-2059636.64951141,1197879.38730909,-109,z,z
3816,3925,-634979.860037356,-2145454.84324105,1510474.98320369,-109,z,z
3817,3926,-1462103.07380032,-1544727.48713355,82624.4133332316,-109,z,z
3818,3927,-1425297.77424173,-1630545.6808632,205247.906621463,-109,z,z
3819,3928,-253236.063354152,-1716363.87459284,1463127.81123869,-109,z,z
3820,3929,-872608.082695303,-1802182.06832248,929573.985627176,-109,z,z
3821,3930,-760600.272289761,-1888000.26205212,1127399.98976236,-109,z,z
3822,3931,-169348.078264179,-1973818.45578176,1804470.37751758,-109,z,z
3823,3932,-788340.899713433,-2059636.64951141,1271295.74979797,-109,z,z
3824,3933,-869235.166587012,-2145454.84324105,1276219.67665403,-109,z,z
3825,3934,-841962.763841964,-1544727.48713355,702764.723291589,-109,z,z
3826,3935,-1561209.05918895,-1630545.6808632,69336.6216742504,-109,z,z
3827,3936,-1158128.11800851,-1716363.87459284,558235.756584323,-109,z,z
3828,3937,-1038058.27080258,-1802182.06832248,764123.7975199,-109,z,z
3829,3938,-629465.480172359,-1888000.26205212,1258534.78187976,-109,z,z
3830,3939,-1293301.71704329,-1973818.45578176,680516.738738471,-109,z,z
3831,3940,-1361246.31626961,-2059636.64951141,698390.333241793,-109,z,z
3832,3941,-1223733.90402768,-2145454.84324105,921720.939213364,-109,z,z
3833,3942,-1395287.57531969,-1544727.48713355,149439.911813861,-109,z,z
3834,3943,-1146997.14103966,-1630545.6808632,483548.539823538,-109,z,z
3835,3944,-1716363.87459284,-1716363.87459284,0,-109,z,z
3836,3945,-429578.62777617,-1802182.06832248,1372603.44054631,-109,z,z
3837,3946,-968179.370184941,-1888000.26205212,919820.89186718,-109,z,z
3838,3947,-958833.398448452,-1973818.45578176,1014985.05733331,-109,z,z
3839,3948,-897720.984932867,-2059636.64951141,1161915.66457854,-109,z,z
3840,3949,-1511281.12378275,-2145454.84324105,634173.719458294,-109,z,z
3841,3950,-826001.498650231,-1544727.48713355,718725.988483323,-109,z,z
3842,3951,-1704274.47712122,-1630545.6808632,-73728.7962580214,-109,z,z
3843,3952,-1758985.01954434,-1716363.87459284,-42621.1449515077,-109,z,z
3844,3953,-932047.385183493,-1802182.06832248,870134.683138987,-109,z,z
3845,3954,-517299.88819131,-1888000.26205212,1370700.37386081,-109,z,z
3846,3955,-1023068.97822778,-1973818.45578176,950749.477553979,-109,z,z
3847,3956,-1185844.90465073,-2059636.64951141,873791.744860679,-109,z,z
3848,3957,-1096457.85818036,-2145454.84324105,1048996.98506069,-109,z,z
3849,3958,-1126373.75922167,-1544727.48713355,418353.727911881,-109,z,z
3850,3959,-1179568.46002268,-1630545.6808632,450977.220840515,-109,z,z
3851,3960,-1954434.76026521,-1716363.87459284,-238070.885672368,-109,z,z
3852,3961,-1052357.48856383,-1802182.06832248,749824.579758652,-109,z,z
3853,3962,-705808.300399463,-1888000.26205212,1182191.96165266,-109,z,z
3854,3963,-820721.202097441,-1973818.45578176,1153097.25368432,-109,z,z
3855,3964,-604742.723845101,-2059636.64951141,1454893.9256663,-109,z,z
3856,3965,-1392479.11790507,-2145454.84324105,752975.725335978,-109,z,z
3857,3966,-1357426.45165879,-1544727.48713355,187301.035474761,-109,z,z
3858,3967,-241177.20319443,-1630545.6808632,1389368.47766877,-109,z,z
3859,3968,-831055.31685267,-1716363.87459284,885308.557740168,-109,z,z
3860,3969,-724381.211704534,-1802182.06832248,1077800.85661795,-109,z,z
3861,3970,-161283.884061122,-1888000.26205212,1726716.377991,-109,z,z
3862,3971,-748923.854727761,-1973818.45578176,1224894.601054,-109,z,z
3863,3972,-825773.408257662,-2059636.64951141,1233863.24125374,-109,z,z
3864,3973,-799864.625649866,-2145454.84324105,1345590.21759118,-109,z,z
3865,3974,-1483148.6062295,-1544727.48713355,61578.8809040559,-109,z,z
3866,3975,-1100221.71210809,-1630545.6808632,530323.968755107,-109,z,z
3867,3976,-986155.357262451,-1716363.87459284,730208.517330387,-109,z,z
3868,3977,-597992.206163741,-1802182.06832248,1204189.86215874,-109,z,z
3869,3978,-1228636.63119113,-1888000.26205212,659363.630860994,-109,z,z
3870,3979,-1293184.00045613,-1973818.45578176,680634.455325632,-109,z,z
3871,3980,-1162547.2088263,-2059636.64951141,897089.440685106,-109,z,z
3872,3981,-1325523.19655371,-2145454.84324105,819931.646687338,-109,z,z
3873,3982,-1089647.28398767,-1544727.48713355,455080.203145879,-109,z,z
3874,3983,-1630545.6808632,-1630545.6808632,0,-109,z,z
3875,3984,-408099.696387362,-1716363.87459284,1308264.17820548,-109,z,z
3876,3985,-919770.401675694,-1802182.06832248,882411.666646785,-109,z,z
3877,3986,-910891.728526029,-1888000.26205212,977108.533526092,-109,z,z
3878,3987,-852834.935686224,-1973818.45578176,1120983.52009554,-109,z,z
3879,3988,-1435717.06759362,-2059636.64951141,623919.581917789,-109,z,z
3880,3989,-784701.42371772,-2145454.84324105,1360753.41952333,-109,z,z
3881,3990,-1619060.75326516,-1544727.48713355,-74333.2661316025,-109,z,z
3882,3991,-1671035.76856713,-1630545.6808632,-40490.0877039323,-109,z,z
3883,3992,-885445.015924318,-1716363.87459284,830918.858668519,-109,z,z
3884,3993,-491434.893781745,-1802182.06832248,1310747.17454073,-109,z,z
3885,3994,-971915.529316395,-1888000.26205212,916084.732735727,-109,z,z
3886,3995,-1126552.65941819,-1973818.45578176,847265.796363574,-109,z,z
3887,3996,-1041634.96527134,-2059636.64951141,1018001.68424007,-109,z,z
3888,3997,-1070055.07126059,-2145454.84324105,1075399.77198046,-109,z,z
3889,3998,-1120590.03702155,-1544727.48713355,424137.450112007,-109,z,z
3890,3999,-1856713.02225194,-1630545.6808632,-226167.341388749,-109,z,z
3891,4000,-999739.614135636,-1716363.87459284,716624.260457201,-109,z,z
3892,4001,-670517.885379489,-1802182.06832248,1131664.18294299,-109,z,z
3893,4002,-779685.141992569,-1888000.26205212,1108315.12005955,-109,z,z
3894,4003,-574505.587652846,-1973818.45578176,1399312.86812892,-109,z,z
3895,4004,-1322855.16200982,-2059636.64951141,736781.48750159,-109,z,z
3896,4005,-1289555.12907585,-2145454.84324105,855899.714165194,-109,z,z
3897,4006,-229118.343034709,-1544727.48713355,1315609.14409884,-109,z,z
3898,4007,-789502.551010036,-1630545.6808632,841043.129853159,-109,z,z
3899,4008,-688162.151119307,-1716363.87459284,1028201.72347353,-109,z,z
3900,4009,-153219.689858066,-1802182.06832248,1648962.37846441,-109,z,z
3901,4010,-709506.809742089,-1888000.26205212,1178493.45231003,-109,z,z
3902,4011,-782311.649928311,-1973818.45578176,1191506.80585345,-109,z,z
3903,4012,-757766.487457768,-2059636.64951141,1301870.16205364,-109,z,z
3904,4013,-1405088.15327005,-2145454.84324105,740366.689970996,-109,z,z
3905,4014,-1042315.30620766,-1544727.48713355,502412.18092589,-109,z,z
3906,4015,-934252.443722322,-1630545.6808632,696293.237140874,-109,z,z
3907,4016,-566518.932155123,-1716363.87459284,1149844.94243771,-109,z,z
3908,4017,-1163971.54533896,-1802182.06832248,638210.522983516,-109,z,z
3909,4018,-1225121.68464265,-1888000.26205212,662878.577409471,-109,z,z
3910,4019,-1101360.51362491,-1973818.45578176,872457.942156849,-109,z,z
3911,4020,-1255758.81778772,-2059636.64951141,803877.831723681,-109,z,z
3912,4021,-1032297.42693569,-2145454.84324105,1113157.41630536,-109,z,z
3913,4022,-1544727.48713355,-1544727.48713355,0,-109,z,z
3914,4023,-386620.764998553,-1630545.6808632,1243924.91586464,-109,z,z
3915,4024,-871361.433166447,-1716363.87459284,845002.44142639,-109,z,z
3916,4025,-862950.058603606,-1802182.06832248,939232.009718873,-109,z,z
3917,4026,-807948.88643958,-1888000.26205212,1080051.37561254,-109,z,z
3918,4027,-1360153.01140448,-1973818.45578176,613665.444377285,-109,z,z
3919,4028,-743401.348785208,-2059636.64951141,1316235.3007262,-109,z,z
3920,4029,-1533847.0294091,-2145454.84324105,611607.813831952,-109,z,z
3921,4030,-1583086.51758991,-1544727.48713355,-38359.0304563569,-109,z,z
3922,4031,-838842.646665144,-1630545.6808632,791703.034198052,-109,z,z
3923,4032,-465569.899372179,-1716363.87459284,1250793.97522066,-109,z,z
3924,4033,-920762.080405006,-1802182.06832248,881419.987917474,-109,z,z
3925,4034,-1067260.41418565,-1888000.26205212,820739.847866468,-109,z,z
3926,4035,-986812.072362322,-1973818.45578176,987006.383419441,-109,z,z
3927,4036,-1013736.38329951,-2059636.64951141,1045900.2662119,-109,z,z
3928,4037,-1061611.61402041,-2145454.84324105,1083843.22922063,-109,z,z
3929,4038,-1758991.28423868,-1544727.48713355,-214263.797105131,-109,z,z
3930,4039,-947121.739707445,-1630545.6808632,683423.941155751,-109,z,z
3931,4040,-635227.470359516,-1716363.87459284,1081136.40423332,-109,z,z
3932,4041,-738649.081887697,-1802182.06832248,1063532.98643478,-109,z,z
3933,4042,-544268.451460591,-1888000.26205212,1343731.81059153,-109,z,z
3934,4043,-1253231.20611456,-1973818.45578176,720587.249667202,-109,z,z
3935,4044,-1221683.80649291,-2059636.64951141,837952.843018491,-109,z,z
3936,4045,-217059.482874987,-2145454.84324105,1928395.36036606,-109,z,z
3937,4046,-747949.785167403,-1544727.48713355,796777.701966151,-109,z,z
3938,4047,-651943.090534081,-1630545.6808632,978602.590329115,-109,z,z
3939,4048,-145155.49565501,-1716363.87459284,1571208.37893783,-109,z,z
3940,4049,-39025374.5358149,-1802182.06832248,-37223192.4674924,-109,z,z
3941,4050,-43029640.7460571,-1888000.26205212,-41141640.484005,-109,z,z
3942,4051,-41679656.8101772,-1973818.45578176,-39705838.3543955,-109,z,z
3943,4052,-77282348.4298528,-2059636.64951141,-75222711.7803414,-109,z,z
3944,4053,-57329841.8414215,-2145454.84324105,-55184386.9981804,-109,z,z
3945,4054,-51386384.4047277,-1544727.48713355,-49841656.9175941,-109,z,z
3946,4055,-31161041.2685318,-1630545.6808632,-29530495.5876686,-109,z,z
3947,4056,-64020934.993643,-1716363.87459284,-62304571.1190501,-109,z,z
3948,4057,-67384192.6553458,-1802182.06832248,-65582010.5870233,-109,z,z
3949,4058,-60577328.2493703,-1888000.26205212,-58689327.9873182,-109,z,z
3950,4059,-69069234.9783248,-1973818.45578176,-67095416.522543,-109,z,z
3951,4060,-56778858.481463,-2059636.64951141,-54719221.8319516,-109,z,z
3952,4061,-84962511.7923454,-2145454.84324105,-82817056.9491044,-109,z,z
3953,4062,-21266642.0749204,-1544727.48713355,-19721914.5877869,-109,z,z
3954,4063,-47927378.8241546,-1630545.6808632,-46296833.1432914,-109,z,z
3955,4064,-47464753.2231983,-1716363.87459284,-45748389.3486055,-109,z,z
3956,4065,-44439688.7541769,-1802182.06832248,-42637506.6858544,-109,z,z
3957,4066,-74810915.6272463,-1888000.26205212,-72922915.3651942,-109,z,z
3958,4067,-40889574.1831864,-1973818.45578176,-38915755.7274047,-109,z,z
3959,4068,-84364086.6175002,-2059636.64951141,-82304449.9679888,-109,z,z
3960,4069,-87072258.4674451,-2145454.84324105,-84926803.624204,-109,z,z
3961,4070,-46138845.5665829,-1544727.48713355,-44594118.0794493,-109,z,z
3962,4071,-25608844.4654699,-1630545.6808632,-23978298.7846067,-109,z,z
3963,4072,-50644414.4222753,-1716363.87459284,-48928050.5476825,-109,z,z
3964,4073,-58701822.7802109,-1802182.06832248,-56899640.7118884,-109,z,z
3965,4074,-54277163.9799277,-1888000.26205212,-52389163.7178756,-109,z,z
3966,4075,-55758001.0814728,-1973818.45578176,-53784182.625691,-109,z,z
3967,4076,-58391138.7711227,-2059636.64951141,-56331502.1216113,-109,z,z
3968,4077,-96747020.6331276,-2145454.84324105,-94601565.7898866,-109,z,z
3969,4078,-52094195.6839095,-1544727.48713355,-50549468.1967759,-109,z,z
3970,4079,-34940010.8697734,-1630545.6808632,-33309465.1889102,-109,z,z
3971,4080,-40628199.5038233,-1716363.87459284,-38911835.6292305,-109,z,z
3972,4081,-29937264.8303325,-1802182.06832248,-28135082.76201,-109,z,z
3973,4082,-68930216.3363009,-1888000.26205212,-67042216.0742488,-109,z,z
3974,4083,-67195109.3571103,-1973818.45578176,-65221290.9013285,-109,z,z
3975,4084,-11940771.5581243,-2059636.64951141,-9881134.9086129,-109,z,z
3976,4085,-41139738.1842072,-2145454.84324105,-38994283.3409661,-109,z,z
3977,4086,-35859369.9793744,-1544727.48713355,-34314642.4922409,-109,z,z
3978,4087,-7986052.26102556,-1630545.6808632,-6355506.58016237,-109,z,z
3979,4088,-985426.124641791,-1716363.87459284,730937.749951047,-109,z,z
3980,4089,-1086543.95823377,-1802182.06832248,715638.110088714,-109,z,z
3981,4090,-1052453.45480246,-1888000.26205212,835546.807249666,-109,z,z
3982,4091,-1951511.32398618,-1973818.45578176,22307.1317955817,-109,z,z
3983,4092,-1447660.14751064,-2059636.64951141,611976.502000762,-109,z,z
3984,4094,-1297572.83850322,-1544727.48713355,247154.648630329,-110,z,z
3985,4095,-786831.850215449,-1630545.6808632,843713.830647747,-110,z,z
3986,4096,-1616627.14630412,-1716363.87459284,99736.7282887215,-110,z,z
3987,4097,-1701557.89533702,-1802182.06832248,100624.172985464,-110,z,z
3988,4098,-1529667.3800346,-1888000.26205212,358332.882017518,-110,z,z
3989,4099,-1744109.46914962,-1973818.45578176,229708.986632147,-110,z,z
3990,4101,-1433746.42629957,-1544727.48713355,110981.060833982,-111,z,z
3991,4102,-2145454.84324105,-1630545.6808632,-514909.162377851,-111,z,z
3992,4103,-536973.284720213,-1716363.87459284,1179390.58987262,-111,z,z
3993,4104,-1210224.21273118,-1802182.06832248,591957.855591303,-111,z,z
3994,4105,-1198541.74806056,-1888000.26205212,689458.513991557,-111,z,z
3995,4107,-1122151.23116608,-1544727.48713355,422576.25596747,-112,z,z
3996,4108,-1889101.40472844,-1630545.6808632,-258555.723865246,-112,z,z
3997,4109,-1032501.87331279,-1716363.87459284,683862.001280049,-112,z,z
3998,4110,-2130343.09640152,-1802182.06832248,-328161.028079042,-112,z,z
3999,4112,-2198731.27443043,-1544727.48713355,-654003.787296878,-113,z,z
4000,4113,-1165059.23147937,-1630545.6808632,465486.44938383,-113,z,z
4001,4114,-646624.860239138,-1716363.87459284,1069739.0143537,-113,z,z
4002,4116,-1278836.22278473,-1544727.48713355,265891.264348824,-114,z,z
4003,4117,-1482306.13081341,-1630545.6808632,148239.550049789,-114,z,z
4004,4119,-1370572.32272545,-1544727.48713355,174155.164408107,-115,z,z
4005,4122,-1407967.19902709,-37698024.5873589,36290057.3883318,-117,z,z
4006,4123,-1474460.57502835,-36731472.6748625,35257012.0998342,-117,z,z
4007,4124,-2443043.45033151,-35764920.7623662,33321877.3120347,-117,z,z
4008,4125,-1315446.86070478,-34798368.8498698,33482921.989165,-117,z,z
4009,4126,-882260.375499328,-33831816.9373734,32949556.5618741,-117,z,z
4010,4127,-1025901.5026218,-32865265.024877,31839363.5222552,-117,z,z
4011,4128,-755928.404806377,-31898713.1123806,31142784.7075743,-117,z,z
4012,4129,-1740598.89738134,-30932161.1998843,29191562.3025029,-117,z,z
4013,4130,-1696783.06457349,-29965609.2873879,28268826.2228144,-117,z,z
4014,4131,-301471.503993038,-28999057.3748915,28697585.8708985,-117,z,z
4015,4132,-1038819.14606584,-28032505.4623951,26993686.3163293,-117,z,z
4016,4133,-905476.514630667,-27065953.5498987,26160477.0352681,-117,z,z
4017,4134,-201604.855076403,-26099401.6374023,25897796.7823259,-117,z,z
4018,4135,-946009.079656119,-25132849.724906,24186840.6452498,-117,z,z
4019,4136,-1043082.19990441,-24166297.8124096,23123215.6125052,-117,z,z
4020,4137,-1010355.31661036,-23199745.8999132,22189390.5833028,-117,z,z
4021,4138,-1873450.87102673,-22233193.9874168,20359743.1163901,-117,z,z
4022,4139,-1389753.74161022,-21266642.0749204,19876888.3333102,-117,z,z
4023,4140,-1245669.9249631,-20300090.162424,19054420.2374609,-117,z,z
4024,4141,-755358.576206831,-19333538.2499277,18578179.6737208,-117,z,z
4025,4142,-1551962.06045195,-18366986.3374313,16815024.2769793,-117,z,z
4026,4143,-1633495.57952353,-17400434.4249349,15766938.8454114,-117,z,z
4027,4144,-1468480.68483322,-16433882.5124385,14965401.8276053,-117,z,z
4028,4145,-1674345.09038363,-15467330.5999421,13792985.5095585,-117,z,z
4029,4146,-1376396.56924759,-14500778.6874457,13124382.1181982,-117,z,z
4030,4147,-2059636.64951141,-13534226.7749494,11474590.125438,-117,z,z
4031,4148,-515494.353331404,-12567674.862453,12052180.5091216,-117,z,z
4032,4149,-1161815.24422193,-11601122.9499566,10439307.7057347,-117,z,z
4033,4150,-1150600.07813814,-10634571.0374602,9483970.95932207,-117,z,z
4034,4151,-1077265.18191944,-9668019.12496383,8590753.94304439,-117,z,z
4035,4152,-1813537.3485393,-8701467.21246745,6887929.86392814,-117,z,z
4036,4153,-991201.798380277,-7734915.29997106,6743713.50159079,-117,z,z
4037,4154,-2045129.37254546,-6768363.38747468,4723234.01492922,-117,z,z
4038,4155,-2110782.02345321,-5801811.4749783,3691029.45152508,-117,z,z
4039,4156,-1118456.86222019,-4835259.56248191,3716802.70026172,-117,z,z
4040,4157,-620759.865829572,-3868707.64998553,3247947.78415596,-117,z,z
4041,4158,-1227682.77387334,-2902155.73748915,1674472.96361581,-117,z,z
4042,4159,-1423013.88558087,-1935603.82499277,512589.939411896,-117,z,z
4043,4160,-1315749.42981643,-969051.912496383,-346697.517320046,-117,z,z
4044,4161,-1351648.51106601,-2500,-1349148.51106601,-117,z,z
4045,4163,-1415482.15202722,-386620.764998553,-1028861.38702866,-118,z,z
4046,4164,-2345321.71231825,-408099.696387362,-1937222.01593088,-118,z,z
4047,4165,-1262828.98627659,-429578.62777617,-833250.358500423,-118,z,z
4048,4166,-846969.960479355,-451057.559164979,-395912.401314376,-118,z,z
4049,4167,-984865.442516929,-472536.490553787,-512328.951963142,-118,z,z
4050,4168,-725691.268614122,-494015.421942596,-231675.846671526,-118,z,z
4051,4169,-1670974.94148608,-515494.353331404,-1155480.58815468,-118,z,z
4052,4170,-1628911.74199055,-536973.284720213,-1091938.45727034,-118,z,z
4053,4171,-289412.643833317,-386620.764998553,97208.1211652367,-118,z,z
4054,4172,-997266.380223204,-408099.696387362,-589166.683835842,-118,z,z
4055,4173,-869257.454045441,-429578.62777617,-439678.826269271,-118,z,z
4056,4174,-193540.660873347,-451057.559164979,257516.898291632,-118,z,z
4057,4175,-906592.034670447,-472536.490553787,-434055.54411666,-118,z,z
4058,4176,-999620.441575064,-494015.421942596,-505605.019632469,-118,z,z
4059,4177,-968257.178418259,-515494.353331404,-452762.825086855,-118,z,z
4060,4178,-1795390.41806729,-536973.284720213,-1258417.13334707,-118,z,z
4061,4179,-1331847.33570979,-386620.764998553,-945226.570711239,-118,z,z
4062,4180,-1193767.01142297,-408099.696387362,-785667.315035605,-118,z,z
4063,4181,-723885.302198213,-429578.62777617,-294306.674422043,-118,z,z
4064,4182,-1487296.97459979,-451057.559164979,-1036239.41543481,-118,z,z
4065,4183,-1565433.26371005,-472536.490553787,-1092896.77315627,-118,z,z
4066,4184,-1407293.98963183,-494015.421942596,-913278.567689239,-118,z,z
4067,4185,-1604580.71161765,-515494.353331404,-1089086.35828624,-118,z,z
4068,4186,-1319046.71219561,-536973.284720213,-782073.427475393,-118,z,z
4069,4187,-1973818.45578176,-386620.764998553,-1587197.69078321,-118,z,z
4070,4188,-494015.421942596,-408099.696387362,-85915.725555234,-118,z,z
4071,4189,-1113406.27571268,-429578.62777617,-683827.647936512,-118,z,z
4072,4190,-1102658.40821572,-451057.559164979,-651600.849050741,-118,z,z
4073,4191,-1032379.1326728,-472536.490553787,-559842.64211901,-118,z,z
4074,4192,-1737973.29235017,-494015.421942596,-1243957.87040757,-118,z,z
4075,4193,-949901.723447766,-515494.353331404,-434407.370116361,-118,z,z
4076,4194,-1959915.6486894,-536973.284720213,-1422942.36396919,-118,z,z
4077,4195,-2022832.772476,-386620.764998553,-1636212.00747744,-118,z,z
4078,4196,-1071854.49296102,-408099.696387362,-663754.796573655,-118,z,z
4079,4197,-594894.871420007,-429578.62777617,-165316.243643837,-118,z,z
4080,4198,-1176529.32496195,-451057.559164979,-725471.765796973,-118,z,z
4081,4199,-1363721.64034833,-472536.490553787,-891185.149794547,-118,z,z
4082,4200,-1260926.53690741,-494015.421942596,-766911.114964816,-118,z,z
4083,4201,-1295329.82310492,-515494.353331404,-779835.46977352,-118,z,z
4084,4202,-1356503.72902608,-536973.284720213,-819530.44430587,-118,z,z
4085,4203,-2247599.97430499,-386620.764998553,-1860979.20930643,-118,z,z
4086,4204,-1210211.1118484,-408099.696387362,-802111.41546104,-118,z,z
4087,4205,-811679.545459382,-429578.62777617,-382100.917683212,-118,z,z
4088,4206,-943829.382412057,-451057.559164979,-492771.823247078,-118,z,z
4089,4207,-695454.132421866,-472536.490553787,-222917.641868079,-118,z,z
4090,4208,-1601350.98559083,-494015.421942596,-1107335.56364823,-118,z,z
4091,4209,-1561040.41940761,-515494.353331404,-1045546.06607621,-118,z,z
4092,4210,-277353.783673595,-536973.284720213,259619.501046618,-118,z,z
4093,4211,-955713.61438057,-386620.764998553,-569092.849382017,-118,z,z
4094,4212,-833038.393460214,-408099.696387362,-424938.697072852,-118,z,z
4095,4213,-185476.466670291,-429578.62777617,244102.161105879,-118,z,z
4096,4214,-867174.989684776,-451057.559164979,-416117.430519797,-118,z,z
4097,4215,-956158.683245714,-472536.490553787,-483622.192691926,-118,z,z
4098,4216,-926159.040226161,-494015.421942596,-432143.618283565,-118,z,z
4099,4217,-1717329.96510784,-515494.353331404,-1201835.61177644,-118,z,z
4100,4218,-1273940.92980937,-536973.284720213,-736967.645089154,-118,z,z
4101,4219,-1141864.09788284,-386620.764998553,-755243.332884284,-118,z,z
4102,4220,-692412.028189595,-408099.696387362,-284312.331802233,-118,z,z
4103,4221,-1422631.88874762,-429578.62777617,-993053.260971452,-118,z,z
4104,4222,-1497370.94789657,-451057.559164979,-1046313.38873159,-118,z,z
4105,4223,-1346107.29443045,-472536.490553787,-873570.803876663,-118,z,z
4106,4224,-1534816.33285166,-494015.421942596,-1040800.91090907,-118,z,z
4107,4225,-1261696.85514362,-515494.353331404,-746202.501812218,-118,z,z
4108,4226,-1888000.26205212,-536973.284720213,-1351026.97733191,-118,z,z
4109,4227,-472536.490553787,-386620.764998553,-85915.725555234,-118,z,z
4110,4228,-1064997.30720344,-408099.696387362,-656897.610816073,-118,z,z
4111,4229,-1054716.7382933,-429578.62777617,-625138.110517127,-118,z,z
4112,4230,-987493.083426154,-451057.559164979,-536435.524261175,-118,z,z
4113,4231,-1662409.23616103,-472536.490553787,-1189872.74560724,-118,z,z
4114,4232,-908601.648515254,-494015.421942596,-414586.226572658,-118,z,z
4115,4233,-1874701.92483334,-515494.353331404,-1359207.57150193,-118,z,z
4116,4234,-1934883.52149878,-536973.284720213,-1397910.23677857,-118,z,z
4117,4235,-1025252.12370184,-386620.764998553,-638631.358703289,-118,z,z
4118,4236,-569029.877010441,-408099.696387362,-160930.18062308,-118,z,z
4119,4237,-1125375.87605056,-429578.62777617,-695797.248274392,-118,z,z
4120,4238,-1304429.3951158,-451057.559164979,-853371.835950819,-118,z,z
4121,4239,-1206103.64399839,-472536.490553787,-733567.153444606,-118,z,z
4122,4240,-1239011.13514384,-494015.421942596,-744995.713201245,-118,z,z
4123,4241,-1297525.30602495,-515494.353331404,-782030.952693544,-118,z,z
4124,4242,-2149878.23629173,-536973.284720213,-1612904.95157151,-118,z,z
4125,4243,-1157593.23742021,-386620.764998553,-770972.472421657,-118,z,z
4126,4244,-776389.130439409,-408099.696387362,-368289.434052047,-118,z,z
4127,4245,-902793.322307185,-429578.62777617,-473214.694531015,-118,z,z
4128,4246,-665216.996229611,-451057.559164979,-214159.437064633,-118,z,z
4129,4247,-1531727.02969558,-472536.490553787,-1059190.53914179,-118,z,z
4130,4248,-1493169.09682467,-494015.421942596,-999153.674882076,-118,z,z
4131,4249,-265294.923513874,-515494.353331404,250199.429817531,-118,z,z
4132,4250,-914160.848537937,-536973.284720213,-377187.563817724,-118,z,z
4133,4251,-796819.332874988,-386620.764998553,-410198.567876434,-118,z,z
4134,4252,-177412.272467235,-408099.696387362,230687.423920127,-118,z,z
4135,4253,-827757.944699104,-429578.62777617,-398179.316922934,-118,z,z
4136,4254,-912696.924916363,-451057.559164979,-461639.365751384,-118,z,z
4137,4255,-884060.902034063,-472536.490553787,-411524.411480275,-118,z,z
4138,4256,-1639269.51214839,-494015.421942596,-1145254.0902058,-118,z,z
4139,4257,-1216034.52390894,-515494.353331404,-700540.170577536,-118,z,z
4140,4258,-1089961.18434271,-536973.284720213,-552987.899622496,-118,z,z
4141,4259,-660938.754180977,-386620.764998553,-274317.989182424,-118,z,z
4142,4260,-1357966.80289546,-408099.696387362,-949867.106508095,-118,z,z
4143,4261,-1429308.63208309,-429578.62777617,-999730.004306923,-118,z,z
4144,4262,-1284920.59922907,-451057.559164979,-833863.040064088,-118,z,z
4145,4263,-1465051.95408568,-472536.490553787,-992515.46353189,-118,z,z
4146,4264,-1204346.99809164,-494015.421942596,-710331.576149044,-118,z,z
4147,4265,-1802182.06832248,-515494.353331404,-1286687.71499108,-118,z,z
4148,4266,-451057.559164979,-536973.284720213,85915.725555234,-118,z,z
4149,4267,-1016588.33869419,-386620.764998553,-629967.573695635,-118,z,z
4150,4268,-1006775.06837087,-408099.696387362,-598675.371983512,-118,z,z
4151,4269,-942607.03417951,-429578.62777617,-513028.40640334,-118,z,z
4152,4270,-1586845.17997189,-451057.559164979,-1135787.62080691,-118,z,z
4153,4271,-867301.573582743,-472536.490553787,-394765.083028955,-118,z,z
4154,4272,-1789488.20097728,-494015.421942596,-1295472.77903468,-118,z,z
4155,4273,-1846934.27052156,-515494.353331404,-1331439.91719016,-118,z,z
4156,4274,-978649.754442668,-536973.284720213,-441676.469722455,-118,z,z
4157,4275,-543164.882600876,-386620.764998553,-156544.117602323,-118,z,z
4158,4276,-1074222.42713917,-408099.696387362,-666122.730751812,-118,z,z
4159,4277,-1245137.14988326,-429578.62777617,-815558.522107092,-118,z,z
4160,4278,-1151280.75108938,-451057.559164979,-700223.191924397,-118,z,z
4161,4279,-1182692.44718276,-472536.490553787,-710155.956628969,-118,z,z
4162,4280,-1238546.88302381,-494015.421942596,-744531.461081219,-118,z,z
4163,4281,-2052156.49827847,-515494.353331404,-1536662.14494706,-118,z,z
4164,4282,-1104975.36299202,-536973.284720213,-568002.078271806,-118,z,z
4165,4283,-741098.715419436,-386620.764998553,-354477.950420882,-118,z,z
4166,4284,-861757.262202313,-408099.696387362,-453657.565814951,-118,z,z
4167,4285,-634979.860037356,-429578.62777617,-205401.232261186,-118,z,z
4168,4286,-1462103.07380032,-451057.559164979,-1011045.51463534,-118,z,z
4169,4287,-1425297.77424173,-472536.490553787,-952761.283687945,-118,z,z
4170,4288,-253236.063354152,-494015.421942596,240779.358588444,-118,z,z
4171,4289,-872608.082695303,-515494.353331404,-357113.729363899,-118,z,z
4172,4290,-760600.272289761,-536973.284720213,-223626.987569548,-118,z,z
4173,4291,-169348.078264179,-386620.764998553,217272.686734375,-118,z,z
4174,4292,-788340.899713433,-408099.696387362,-380241.203326071,-118,z,z
4175,4293,-869235.166587012,-429578.62777617,-439656.538810842,-118,z,z
4176,4294,-841962.763841964,-451057.559164979,-390905.204676986,-118,z,z
4177,4295,-1561209.05918895,-472536.490553787,-1088672.56863516,-118,z,z
4178,4296,-1158128.11800851,-494015.421942596,-664112.696065919,-118,z,z
4179,4297,-1038058.27080258,-515494.353331404,-522563.917471175,-118,z,z
4180,4298,-629465.480172359,-536973.284720213,-92492.1954521462,-118,z,z
4181,4299,-1293301.71704329,-386620.764998553,-906680.952044739,-118,z,z
4182,4300,-1361246.31626961,-408099.696387362,-953146.61988225,-118,z,z
4183,4301,-1223733.90402768,-429578.62777617,-794155.276251513,-118,z,z
4184,4302,-1395287.57531969,-451057.559164979,-944230.016154714,-118,z,z
4185,4303,-1146997.14103966,-472536.490553787,-674460.65048587,-118,z,z
4186,4304,-1716363.87459284,-494015.421942596,-1222348.45265024,-118,z,z
4187,4305,-429578.62777617,-515494.353331404,85915.7255552341,-118,z,z
4188,4306,-968179.370184941,-536973.284720213,-431206.085464728,-118,z,z
4189,4307,-958833.398448452,-386620.764998553,-572212.633449898,-118,z,z
4190,4308,-897720.984932867,-408099.696387362,-489621.288545505,-118,z,z
4191,4309,-1511281.12378275,-429578.62777617,-1081702.49600658,-118,z,z
4192,4310,-826001.498650231,-451057.559164979,-374943.939485252,-118,z,z
4193,4311,-1704274.47712122,-472536.490553787,-1231737.98656743,-118,z,z
4194,4312,-1758985.01954434,-494015.421942596,-1264969.59760175,-118,z,z
4195,4313,-932047.385183493,-515494.353331404,-416553.031852089,-118,z,z
4196,4314,-517299.88819131,-536973.284720213,19673.3965289025,-118,z,z
4197,4315,-1023068.97822778,-386620.764998553,-636448.213229231,-118,z,z
4198,4316,-1185844.90465073,-408099.696387362,-777745.208263364,-118,z,z
4199,4317,-1096457.85818036,-429578.62777617,-666879.230404188,-118,z,z
4200,4318,-1126373.75922167,-451057.559164979,-675316.200056694,-118,z,z
4201,4319,-1179568.46002268,-472536.490553787,-707031.969468894,-118,z,z
4202,4320,-1954434.76026521,-494015.421942596,-1460419.33832261,-118,z,z
4203,4321,-1052357.48856383,-515494.353331404,-536863.135232423,-118,z,z
4204,4322,-705808.300399463,-536973.284720213,-168835.01567925,-118,z,z
4205,4323,-820721.202097441,-386620.764998553,-434100.437098888,-118,z,z
4206,4324,-604742.723845101,-408099.696387362,-196643.027457739,-118,z,z
4207,4325,-1392479.11790507,-429578.62777617,-962900.490128898,-118,z,z
4208,4326,-1357426.45165879,-451057.559164979,-906368.892493814,-118,z,z
4209,4327,-241177.20319443,-472536.490553787,231359.287359357,-118,z,z
4210,4328,-831055.31685267,-494015.421942596,-337039.894910074,-118,z,z
4211,4329,-724381.211704534,-515494.353331404,-208886.85837313,-118,z,z
4212,4330,-161283.884061122,-536973.284720213,375689.40065909,-118,z,z
4213,4331,-748923.854727761,-386620.764998553,-362303.089729208,-118,z,z
4214,4332,-825773.408257662,-408099.696387362,-417673.7118703,-118,z,z
4215,4333,-799864.625649866,-429578.62777617,-370285.997873696,-118,z,z
4216,4334,-1483148.6062295,-451057.559164979,-1032091.04706452,-118,z,z
4217,4335,-1100221.71210809,-472536.490553787,-627685.221554302,-118,z,z
4218,4336,-986155.357262451,-494015.421942596,-492139.935319855,-118,z,z
4219,4337,-597992.206163741,-515494.353331404,-82497.8528323367,-118,z,z
4220,4338,-1228636.63119113,-536973.284720213,-691663.346470915,-118,z,z
4221,4339,-1293184.00045613,-386620.764998553,-906563.235457578,-118,z,z
4222,4340,-1162547.2088263,-408099.696387362,-754447.512438937,-118,z,z
4223,4341,-1325523.19655371,-429578.62777617,-895944.568777538,-118,z,z
4224,4342,-1089647.28398767,-451057.559164979,-638589.724822695,-118,z,z
4225,4343,-1630545.6808632,-472536.490553787,-1158009.19030941,-118,z,z
4226,4344,-408099.696387362,-494015.421942596,85915.725555234,-118,z,z
4227,4345,-919770.401675694,-515494.353331404,-404276.04834429,-118,z,z
4228,4346,-910891.728526029,-536973.284720213,-373918.443805816,-118,z,z
4229,4347,-852834.935686224,-386620.764998553,-466214.170687671,-118,z,z
4230,4348,-1435717.06759362,-408099.696387362,-1027617.37120625,-118,z,z
4231,4349,-784701.42371772,-429578.62777617,-355122.795941549,-118,z,z
4232,4350,-1619060.75326516,-451057.559164979,-1168003.19410018,-118,z,z
4233,4351,-1671035.76856713,-472536.490553787,-1198499.27801334,-118,z,z
4234,4352,-885445.015924318,-494015.421942596,-391429.593981723,-118,z,z
4235,4353,-491434.893781745,-515494.353331404,24059.4595496596,-118,z,z
4236,4354,-971915.529316395,-536973.284720213,-434942.244596182,-118,z,z
4237,4355,-1126552.65941819,-386620.764998553,-739931.894419636,-118,z,z
4238,4356,-1041634.96527134,-408099.696387362,-633535.268883978,-118,z,z
4239,4357,-1070055.07126059,-429578.62777617,-640476.443484419,-118,z,z
4240,4358,-1120590.03702155,-451057.559164979,-669532.477856568,-118,z,z
4241,4359,-1856713.02225194,-472536.490553787,-1384176.53169816,-118,z,z
4242,4360,-999739.614135636,-494015.421942596,-505724.19219304,-118,z,z
4243,4361,-670517.885379489,-515494.353331404,-155023.532048085,-118,z,z
4244,4362,-779685.141992569,-536973.284720213,-242711.857272356,-118,z,z
4245,4363,-574505.587652846,-386620.764998553,-187884.822654293,-118,z,z
4246,4364,-1322855.16200982,-408099.696387362,-914755.465622453,-118,z,z
4247,4365,-1289555.12907585,-429578.62777617,-859976.501299683,-118,z,z
4248,4366,-229118.343034709,-451057.559164979,221939.21613027,-118,z,z
4249,4367,-789502.551010036,-472536.490553787,-316966.060456249,-118,z,z
4250,4368,-688162.151119307,-494015.421942596,-194146.729176712,-118,z,z
4251,4369,-153219.689858066,-515494.353331404,362274.663473338,-118,z,z
4252,4370,-709506.809742089,-536973.284720213,-172533.525021876,-118,z,z
4253,4371,-782311.649928311,-386620.764998553,-395690.884929758,-118,z,z
4254,4372,-757766.487457768,-408099.696387362,-349666.791070406,-118,z,z
4255,4373,-1405088.15327005,-429578.62777617,-975509.52549388,-118,z,z
4256,4374,-1042315.30620766,-451057.559164979,-591257.747042685,-118,z,z
4257,4375,-934252.443722322,-472536.490553787,-461715.953168535,-118,z,z
4258,4376,-566518.932155123,-494015.421942596,-72503.5102125272,-118,z,z
4259,4377,-1163971.54533896,-515494.353331404,-648477.192007559,-118,z,z
4260,4378,-1225121.68464265,-536973.284720213,-688148.399922438,-118,z,z
4261,4379,-1101360.51362491,-386620.764998553,-714739.748626361,-118,z,z
4262,4380,-1255758.81778772,-408099.696387362,-847659.121400362,-118,z,z
4263,4381,-1032297.42693569,-429578.62777617,-602718.799159521,-118,z,z
4264,4382,-1544727.48713355,-451057.559164979,-1093669.92796857,-118,z,z
4265,4383,-386620.764998553,-472536.490553787,85915.725555234,-118,z,z
4266,4384,-871361.433166447,-494015.421942596,-377346.011223851,-118,z,z
4267,4385,-862950.058603606,-515494.353331404,-347455.705272202,-118,z,z
4268,4386,-807948.88643958,-536973.284720213,-270975.601719368,-118,z,z
4269,4387,-1360153.01140448,-386620.764998553,-973532.246405925,-118,z,z
4270,4388,-743401.348785208,-408099.696387362,-335301.652397846,-118,z,z
4271,4389,-1533847.0294091,-429578.62777617,-1104268.40163293,-118,z,z
4272,4390,-1583086.51758991,-451057.559164979,-1132028.95842493,-118,z,z
4273,4391,-838842.646665144,-472536.490553787,-366306.156111356,-118,z,z
4274,4392,-465569.899372179,-494015.421942596,28445.5225704166,-118,z,z
4275,4393,-920762.080405006,-515494.353331404,-405267.727073601,-118,z,z
4276,4394,-1067260.41418565,-536973.284720213,-530287.12946544,-118,z,z
4277,4395,-986812.072362322,-386620.764998553,-600191.307363769,-118,z,z
4278,4396,-1013736.38329951,-408099.696387362,-605636.686912144,-118,z,z
4279,4397,-1061611.61402041,-429578.62777617,-632032.986244242,-118,z,z
4280,4398,-1758991.28423868,-451057.559164979,-1307933.72507371,-118,z,z
4281,4399,-947121.739707445,-472536.490553787,-474585.249153658,-118,z,z
4282,4400,-635227.470359516,-494015.421942596,-141212.048416921,-118,z,z
4283,4401,-738649.081887697,-515494.353331404,-223154.728556293,-118,z,z
4284,4402,-544268.451460591,-536973.284720213,-7295.16674037837,-118,z,z
4285,4403,-1253231.20611456,-386620.764998553,-866610.441116008,-118,z,z
4286,4404,-1221683.80649291,-408099.696387362,-813584.110105552,-118,z,z
4287,4405,-217059.482874987,-429578.62777617,212519.144901183,-118,z,z
4288,4406,-747949.785167403,-451057.559164979,-296892.226002424,-118,z,z
4289,4407,-651943.090534081,-472536.490553787,-179406.599980293,-118,z,z
4290,4408,-145155.49565501,-494015.421942596,348859.926287586,-118,z,z
4291,4409,-37251607.5114597,-515494.353331404,-36736113.1581283,-118,z,z
4292,4411,-41073861.6212363,-386620.764998553,-40687240.8562378,-119,z,z
4293,4412,-39785240.5915328,-408099.696387362,-39377140.8951454,-119,z,z
4294,4413,-73769628.0466776,-429578.62777617,-73340049.4189015,-119,z,z
4295,4414,-54724053.5759023,-451057.559164979,-54272996.0167373,-119,z,z
4296,4415,-49050753.2954219,-472536.490553787,-48578216.8048681,-119,z,z
4297,4416,-29744743.938144,-494015.421942596,-29250728.5162014,-119,z,z
4298,4418,-61111006.1302956,-386620.764998553,-60724385.365297,-120,z,z
4299,4419,-64321388.4437392,-408099.696387362,-63913288.7473518,-120,z,z
4300,4420,-57823926.965308,-429578.62777617,-57394348.3375318,-120,z,z
4301,4421,-65929837.9338555,-451057.559164979,-65478780.3746905,-120,z,z
4302,4422,-54198114.9141238,-472536.490553787,-53725578.42357,-120,z,z
4303,4424,-81100693.0745116,-386620.764998553,-80714072.309513,-121,z,z
4304,4425,-20300090.162424,-408099.696387362,-19891990.4660367,-121,z,z
4305,4426,-45748975.2412385,-429578.62777617,-45319396.6134623,-121,z,z
4306,4427,-45307378.0766893,-451057.559164979,-44856320.5175243,-121,z,z
4307,4429,-42419816.538078,-386620.764998553,-42033195.7730794,-122,z,z
4308,4430,-71410533.0987351,-408099.696387362,-71002433.4023477,-122,z,z
4309,4431,-39031070.8112234,-429578.62777617,-38601492.1834472,-122,z,z
4310,4433,-80529469.0439775,-386620.764998553,-80142848.2789789,-123,z,z
4311,4434,-83114542.1734703,-408099.696387362,-82706442.4770829,-123,z,z
4312,4436,-44041738.94992,-386620.764998553,-43655118.1849215,-124,z,z
4313,4439,-24444919.7170394,-84960239.7337286,60515320.0166892,-126,z,z
4314,4440,-48342509.2212628,-82781836.1508125,34439326.9295497,-126,z,z
4315,4441,-56033671.7447468,-80603432.5678963,24569760.8231496,-126,z,z
4316,4442,-51810133.7990219,-78425028.9849802,26614895.1859583,-126,z,z
4317,4443,-53223660.123224,-76246625.4020641,23022965.2788401,-126,z,z
4318,4444,-55737109.7360717,-74068221.819148,18331112.0830763,-126,z,z
4319,4445,-92349542.4225309,-71889818.2362319,-20459724.1862991,-126,z,z
4320,4446,-49726391.3346408,-69711414.6533158,19985023.3186749,-126,z,z
4321,4447,-33351942.1938746,-67533011.0703996,34181068.876525,-126,z,z
4322,4448,-38781576.7991041,-65354607.4874835,26573030.6883794,-126,z,z
4323,4449,-28576593.701681,-63176203.9045674,34599610.2028864,-126,z,z
4324,4450,-65797138.3210145,-60997800.3216513,-4799337.9993632,-126,z,z
4325,4451,-64140899.840878,-58819396.7387352,-5321503.10214279,-126,z,z
4326,4452,-11398122.8509368,-56640993.1558191,45242870.3048822,-126,z,z
4327,4453,-39269863.7212886,-54462589.5729029,15192725.8516143,-126,z,z
4328,4454,-34229512.2530392,-52284185.9899868,18054673.7369476,-126,z,z
4329,4455,-7623163.52188804,-50105782.4070707,42482618.8851827,-126,z,z
4330,4456,-985426.124641791,-47927378.8241546,46941952.6995128,-126,z,z
4331,4457,-1086543.95823377,-45748975.2412385,44662431.2830047,-126,z,z
4332,4458,-1052453.45480246,-43570571.6583223,42518118.2035199,-126,z,z
4333,4459,-1951511.32398618,-41392168.0754062,39440656.7514201,-126,z,z
4334,4460,-1447660.14751064,-39213764.4924901,37766104.3449795,-126,z,z
4335,4461,-1297572.83850322,-37035360.909574,35737788.0710708,-126,z,z
4336,4462,-786831.850215449,-34856957.3266579,34070125.4764424,-126,z,z
4337,4463,-1616627.14630412,-32678553.7437418,31061926.5974376,-126,z,z
4338,4464,-1701557.89533702,-30500150.1608256,28798592.2654886,-126,z,z
4339,4465,-1529667.3800346,-28321746.5779095,26792079.1978749,-126,z,z
4340,4466,-1744109.46914962,-26143342.9949934,24399233.5258438,-126,z,z
4341,4467,-1433746.42629957,-23964939.4120773,22531192.9857777,-126,z,z
4342,4468,-2145454.84324105,-21786535.8291612,19641080.9859201,-126,z,z
4343,4469,-536973.284720213,-19608132.2462451,19071158.9615248,-126,z,z
4344,4470,-1210224.21273118,-17429728.6633289,16219504.4505978,-126,z,z
4345,4471,-1198541.74806056,-15251325.0804128,14052783.3323523,-126,z,z
4346,4472,-1122151.23116608,-13072921.4974967,11950770.2663306,-126,z,z
4347,4473,-1889101.40472844,-10894517.9145806,9005416.50985215,-126,z,z
4348,4474,-1032501.87331279,-8716114.33166447,7683612.45835168,-126,z,z
4349,4475,-2130343.09640152,-6537710.74874835,4407367.65234683,-126,z,z
4350,4476,-2198731.27443043,-4359307.16583223,2160575.8914018,-126,z,z
4351,4477,-1165059.23147937,-2180903.58291612,1015844.35143675,-126,z,z
4352,4478,-646624.860239138,-2500,-644124.860239138,-126,z,z
4353,4480,-1278836.22278473,-871361.433166447,-407474.789618283,-127,z,z
4354,4481,-1482306.13081341,-919770.401675694,-562535.729137713,-127,z,z
4355,4482,-1370572.32272545,-968179.370184941,-402392.952540506,-127,z,z
4356,4483,-1407967.19902709,-1016588.33869419,-391378.860332903,-127,z,z
4357,4484,-1474460.57502835,-1064997.30720344,-409463.267824916,-127,z,z
4358,4485,-2443043.45033151,-1113406.27571268,-1329637.17461882,-127,z,z
4359,4486,-1315446.86070478,-1161815.24422193,-153631.616482855,-127,z,z
4360,4487,-882260.375499328,-1210224.21273118,327963.837231848,-127,z,z
4361,4488,-1025901.5026218,-871361.433166447,-154540.069455354,-127,z,z
4362,4489,-755928.404806377,-919770.401675694,163841.996869318,-127,z,z
4363,4490,-1740598.89738134,-968179.370184941,-772419.527196395,-127,z,z
4364,4491,-1696783.06457349,-1016588.33869419,-680194.725879303,-127,z,z
4365,4492,-301471.503993038,-1064997.30720344,763525.803210397,-127,z,z
4366,4493,-1038819.14606584,-1113406.27571268,74587.1296468452,-127,z,z
4367,4494,-905476.514630667,-1161815.24422193,256338.729591262,-127,z,z
4368,4495,-201604.855076403,-1210224.21273118,1008619.35765477,-127,z,z
4369,4496,-946009.079656119,-871361.433166447,-74647.6464896719,-127,z,z
4370,4497,-1043082.19990441,-919770.401675694,-123311.798228721,-127,z,z
4371,4498,-1010355.31661036,-968179.370184941,-42175.946425416,-127,z,z
4372,4499,-1873450.87102673,-1016588.33869419,-856862.532332546,-127,z,z
4373,4500,-1389753.74161022,-1064997.30720344,-324756.434406783,-127,z,z
4374,4501,-1245669.9249631,-1113406.27571268,-132263.649250414,-127,z,z
4375,4502,-755358.576206831,-1161815.24422193,406456.668015098,-127,z,z
4376,4503,-1551962.06045195,-1210224.21273118,-341737.847720775,-127,z,z
4377,4504,-1633495.57952353,-871361.433166447,-762134.146357088,-127,z,z
4378,4505,-1468480.68483322,-919770.401675694,-548710.283157525,-127,z,z
4379,4506,-1674345.09038363,-968179.370184941,-706165.720198691,-127,z,z
4380,4507,-1376396.56924759,-1016588.33869419,-359808.2305534,-127,z,z
4381,4508,-2059636.64951141,-1064997.30720344,-994639.34230797,-127,z,z
4382,4509,-515494.353331404,-1113406.27571268,597911.922381278,-127,z,z
4383,4510,-1161815.24422193,-1161815.24422193,0,-127,z,z
4384,4511,-1150600.07813814,-1210224.21273118,59624.1345930346,-127,z,z
4385,4512,-1077265.18191944,-871361.433166447,-205903.748752993,-127,z,z
4386,4513,-1813537.3485393,-919770.401675694,-893766.94686361,-127,z,z
4387,4514,-991201.798380277,-968179.370184941,-23022.428195336,-127,z,z
4388,4515,-2045129.37254546,-1016588.33869419,-1028541.03385127,-127,z,z
4389,4516,-2110782.02345321,-1064997.30720344,-1045784.71624978,-127,z,z
4390,4517,-1118456.86222019,-1113406.27571268,-5050.58650750923,-127,z,z
4391,4518,-620759.865829572,-1161815.24422193,541055.378392357,-127,z,z
4392,4519,-1227682.77387334,-1210224.21273118,-17458.5611421645,-127,z,z
4393,4520,-1423013.88558087,-871361.433166447,-551652.452414423,-127,z,z
4394,4521,-1315749.42981643,-919770.401675694,-395979.028140735,-127,z,z
4395,4522,-1351648.51106601,-968179.370184941,-383469.140881066,-127,z,z
4396,4523,-1415482.15202722,-1016588.33869419,-398893.813333029,-127,z,z
4397,4524,-2345321.71231825,-1064997.30720344,-1280324.40511481,-127,z,z
4398,4525,-1262828.98627659,-1113406.27571268,-149422.710563911,-127,z,z
4399,4526,-846969.960479355,-1161815.24422193,314845.283742574,-127,z,z
4400,4527,-984865.442516929,-1210224.21273118,225358.770214247,-127,z,z
4401,4528,-725691.268614122,-871361.433166447,145670.164552326,-127,z,z
4402,4529,-1670974.94148608,-919770.401675694,-751204.539810388,-127,z,z
4403,4530,-1628911.74199055,-968179.370184941,-660732.37180561,-127,z,z
4404,4531,-289412.643833317,-1016588.33869419,727175.694860872,-127,z,z
4405,4532,-997266.380223204,-1064997.30720344,67730.9269802317,-127,z,z
4406,4533,-869257.454045441,-1113406.27571268,244148.821667241,-127,z,z
4407,4534,-193540.660873347,-1161815.24422193,968274.583348582,-127,z,z
4408,4535,-906592.034670447,-1210224.21273118,303632.178060729,-127,z,z
4409,4536,-999620.441575064,-871361.433166447,-128259.008408617,-127,z,z
4410,4537,-968257.178418259,-919770.401675694,-48486.7767425649,-127,z,z
4411,4538,-1795390.41806729,-968179.370184941,-827211.047882346,-127,z,z
4412,4539,-1331847.33570979,-1016588.33869419,-315258.997015604,-127,z,z
4413,4540,-1193767.01142297,-1064997.30720344,-128769.704219532,-127,z,z
4414,4541,-723885.302198213,-1113406.27571268,389520.973514469,-127,z,z
4415,4542,-1487296.97459979,-1161815.24422193,-325481.730377857,-127,z,z
4416,4543,-1565433.26371005,-1210224.21273118,-355209.050978877,-127,z,z
4417,4544,-1407293.98963183,-871361.433166447,-535932.556465388,-127,z,z
4418,4545,-1604580.71161765,-919770.401675694,-684810.309941953,-127,z,z
4419,4546,-1319046.71219561,-968179.370184941,-350867.342010664,-127,z,z
4420,4547,-1973818.45578176,-1016588.33869419,-957230.117087575,-127,z,z
4421,4548,-494015.421942596,-1064997.30720344,570981.885260839,-127,z,z
4422,4549,-1113406.27571268,-1113406.27571268,0,-127,z,z
4423,4550,-1102658.40821572,-1161815.24422193,59156.83600621,-127,z,z
4424,4551,-1032379.1326728,-1210224.21273118,177845.080058379,-127,z,z
4425,4552,-1737973.29235017,-871361.433166447,-866611.859183719,-127,z,z
4426,4553,-949901.723447766,-919770.401675694,-30131.3217720715,-127,z,z
4427,4554,-1959915.6486894,-968179.370184941,-991736.278504458,-127,z,z
4428,4555,-2022832.772476,-1016588.33869419,-1006244.43378181,-127,z,z
4429,4556,-1071854.49296102,-1064997.30720344,-6857.18575758161,-127,z,z
4430,4557,-594894.871420007,-1113406.27571268,518511.404292676,-127,z,z
4431,4558,-1176529.32496195,-1161815.24422193,-14714.0807400222,-127,z,z
4432,4559,-1363721.64034833,-1210224.21273118,-153497.427617158,-127,z,z
4433,4560,-1260926.53690741,-871361.433166447,-389565.103740964,-127,z,z
4434,4561,-1295329.82310492,-919770.401675694,-375559.42142923,-127,z,z
4435,4562,-1356503.72902608,-968179.370184941,-388324.358841142,-127,z,z
4436,4563,-2247599.97430499,-1016588.33869419,-1231011.6356108,-127,z,z
4437,4564,-1210211.1118484,-1064997.30720344,-145213.804644966,-127,z,z
4438,4565,-811679.545459382,-1113406.27571268,301726.7302533,-127,z,z
4439,4566,-943829.382412057,-1161815.24422193,217985.861809872,-127,z,z
4440,4567,-695454.132421866,-1210224.21273118,514770.08030931,-127,z,z
4441,4568,-1601350.98559083,-871361.433166447,-729989.552424382,-127,z,z
4442,4569,-1561040.41940761,-919770.401675694,-641270.017731918,-127,z,z
4443,4570,-277353.783673595,-968179.370184941,690825.586511346,-127,z,z
4444,4571,-955713.61438057,-1016588.33869419,60874.724313618,-127,z,z
4445,4572,-833038.393460214,-1064997.30720344,231958.913743221,-127,z,z
4446,4573,-185476.466670291,-1113406.27571268,927929.809042391,-127,z,z
4447,4574,-867174.989684776,-1161815.24422193,294640.254537154,-127,z,z
4448,4575,-956158.683245714,-1210224.21273118,254065.529485463,-127,z,z
4449,4576,-926159.040226161,-871361.433166447,-54797.6070597137,-127,z,z
4450,4577,-1717329.96510784,-919770.401675694,-797559.563432146,-127,z,z
4451,4578,-1273940.92980937,-968179.370184941,-305761.559624425,-127,z,z
4452,4579,-1141864.09788284,-1016588.33869419,-125275.759188649,-127,z,z
4453,4580,-692412.028189595,-1064997.30720344,372585.27901384,-127,z,z
4454,4581,-1422631.88874762,-1113406.27571268,-309225.61303494,-127,z,z
4455,4582,-1497370.94789657,-1161815.24422193,-335555.703674644,-127,z,z
4456,4583,-1346107.29443045,-1210224.21273118,-135883.081699274,-127,z,z
4457,4584,-1534816.33285166,-871361.433166447,-663454.899685215,-127,z,z
4458,4585,-1261696.85514362,-919770.401675694,-341926.453467929,-127,z,z
4459,4586,-1888000.26205212,-968179.370184941,-919820.89186718,-127,z,z
4460,4587,-472536.490553787,-1016588.33869419,544051.848140401,-127,z,z
4461,4588,-1064997.30720344,-1064997.30720344,0,-127,z,z
4462,4589,-1054716.7382933,-1113406.27571268,58689.5374193855,-127,z,z
4463,4590,-987493.083426154,-1161815.24422193,174322.160795776,-127,z,z
4464,4591,-1662409.23616103,-1210224.21273118,-452185.023429852,-127,z,z
4465,4592,-908601.648515254,-871361.433166447,-37240.2153488071,-127,z,z
4466,4593,-1874701.92483334,-919770.401675694,-954931.523157645,-127,z,z
4467,4594,-1934883.52149878,-968179.370184941,-966704.151313838,-127,z,z
4468,4595,-1025252.12370184,-1016588.33869419,-8663.78500765399,-127,z,z
4469,4596,-569029.877010441,-1064997.30720344,495967.430192994,-127,z,z
4470,4597,-1125375.87605056,-1113406.27571268,-11969.6003378802,-127,z,z
4471,4598,-1304429.3951158,-1161815.24422193,-142614.150893869,-127,z,z
4472,4599,-1206103.64399839,-1210224.21273118,4120.56873278297,-127,z,z
4473,4600,-1239011.13514384,-871361.433166447,-367649.701977393,-127,z,z
4474,4601,-1297525.30602495,-919770.401675694,-377754.904349255,-127,z,z
4475,4602,-2149878.23629173,-968179.370184941,-1181698.86610678,-127,z,z
4476,4603,-1157593.23742021,-1016588.33869419,-141004.898726022,-127,z,z
4477,4604,-776389.130439409,-1064997.30720344,288608.176764026,-127,z,z
4478,4605,-902793.322307185,-1113406.27571268,210612.953405497,-127,z,z
4479,4606,-665216.996229611,-1161815.24422193,496598.247992318,-127,z,z
4480,4607,-1531727.02969558,-1210224.21273118,-321502.816964399,-127,z,z
4481,4608,-1493169.09682467,-871361.433166447,-621807.663658225,-127,z,z
4482,4609,-265294.923513874,-919770.401675694,654475.478161821,-127,z,z
4483,4610,-914160.848537937,-968179.370184941,54018.5216470045,-127,z,z
4484,4611,-796819.332874988,-1016588.33869419,219769.005819201,-127,z,z
4485,4612,-177412.272467235,-1064997.30720344,887585.034736201,-127,z,z
4486,4613,-827757.944699104,-1113406.27571268,285648.331013578,-127,z,z
4487,4614,-912696.924916363,-1161815.24422193,249118.319305566,-127,z,z
4488,4615,-884060.902034063,-1210224.21273118,326163.310697114,-127,z,z
4489,4616,-1639269.51214839,-871361.433166447,-767908.078981945,-127,z,z
4490,4617,-1216034.52390894,-919770.401675694,-296264.122233246,-127,z,z
4491,4618,-1089961.18434271,-968179.370184941,-121781.814157768,-127,z,z
4492,4619,-660938.754180977,-1016588.33869419,355649.584513211,-127,z,z
4493,4620,-1357966.80289546,-1064997.30720344,-292969.495692022,-127,z,z
4494,4621,-1429308.63208309,-1113406.27571268,-315902.35637041,-127,z,z
4495,4622,-1284920.59922907,-1161815.24422193,-123105.355007137,-127,z,z
4496,4623,-1465051.95408568,-1210224.21273118,-254827.741354501,-127,z,z
4497,4624,-1204346.99809164,-871361.433166447,-332985.564925193,-127,z,z
4498,4625,-1802182.06832248,-919770.401675694,-882411.666646785,-127,z,z
4499,4626,-451057.559164979,-968179.370184941,517121.811019962,-127,z,z
4500,4627,-1016588.33869419,-1016588.33869419,0,-127,z,z
4501,4628,-1006775.06837087,-1064997.30720344,58222.2388325611,-127,z,z
4502,4629,-942607.03417951,-1113406.27571268,170799.241533172,-127,z,z
4503,4630,-1586845.17997189,-1161815.24422193,-425029.935749962,-127,z,z
4504,4631,-867301.573582743,-1210224.21273118,342922.639148434,-127,z,z
4505,4632,-1789488.20097728,-871361.433166447,-918126.767810831,-127,z,z
4506,4633,-1846934.27052156,-919770.401675694,-927163.868845868,-127,z,z
4507,4634,-978649.754442668,-968179.370184941,-10470.3842577264,-127,z,z
4508,4635,-543164.882600876,-1016588.33869419,473423.456093312,-127,z,z
4509,4636,-1074222.42713917,-1064997.30720344,-9225.11993573816,-127,z,z
4510,4637,-1245137.14988326,-1113406.27571268,-131730.87417058,-127,z,z
4511,4638,-1151280.75108938,-1161815.24422193,10534.4931325538,-127,z,z
4512,4639,-1182692.44718276,-1210224.21273118,27531.7655484199,-127,z,z
4513,4640,-1238546.88302381,-871361.433166447,-367185.449857368,-127,z,z
4514,4641,-2052156.49827847,-919770.401675694,-1132386.09660277,-127,z,z
4515,4642,-1104975.36299202,-968179.370184941,-136795.992807078,-127,z,z
4516,4643,-741098.715419436,-1016588.33869419,275489.623274752,-127,z,z
4517,4644,-861757.262202313,-1064997.30720344,203240.045001122,-127,z,z
4518,4645,-634979.860037356,-1113406.27571268,478426.415675326,-127,z,z
4519,4646,-1462103.07380032,-1161815.24422193,-300287.829578393,-127,z,z
4520,4647,-1425297.77424173,-1210224.21273118,-215073.561510556,-127,z,z
4521,4648,-253236.063354152,-871361.433166447,618125.369812295,-127,z,z
4522,4649,-872608.082695303,-919770.401675694,47162.318980391,-127,z,z
4523,4650,-760600.272289761,-968179.370184941,207579.09789518,-127,z,z
4524,4651,-169348.078264179,-1016588.33869419,847240.26043001,-127,z,z
4525,4652,-788340.899713433,-1064997.30720344,276656.407490003,-127,z,z
4526,4653,-869235.166587012,-1113406.27571268,244171.10912567,-127,z,z
4527,4654,-841962.763841964,-1161815.24422193,319852.480379965,-127,z,z
4528,4655,-1561209.05918895,-1210224.21273118,-350984.846457769,-127,z,z
4529,4656,-1158128.11800851,-871361.433166447,-286766.684842068,-127,z,z
4530,4657,-1038058.27080258,-919770.401675694,-118287.869126886,-127,z,z
4531,4658,-629465.480172359,-968179.370184941,338713.890012582,-127,z,z
4532,4659,-1293301.71704329,-1016588.33869419,-276713.378349104,-127,z,z
4533,4660,-1361246.31626961,-1064997.30720344,-296249.009066177,-127,z,z
4534,4661,-1223733.90402768,-1113406.27571268,-110327.628315,-127,z,z
4535,4662,-1395287.57531969,-1161815.24422193,-233472.331097764,-127,z,z
4536,4663,-1146997.14103966,-1210224.21273118,63227.0716915194,-127,z,z
4537,4664,-1716363.87459284,-871361.433166447,-845002.44142639,-127,z,z
4538,4665,-429578.62777617,-919770.401675694,490191.773899524,-127,z,z
4539,4666,-968179.370184941,-968179.370184941,0,-127,z,z
4540,4667,-958833.398448452,-1016588.33869419,57754.9402457366,-127,z,z
4541,4668,-897720.984932867,-1064997.30720344,167276.322270568,-127,z,z
4542,4669,-1511281.12378275,-1113406.27571268,-397874.848070071,-127,z,z
4543,4670,-826001.498650231,-1161815.24422193,335813.745571698,-127,z,z
4544,4671,-1704274.47712122,-1210224.21273118,-494050.264390041,-127,z,z
4545,4672,-1758985.01954434,-871361.433166447,-887623.586377898,-127,z,z
4546,4673,-932047.385183493,-919770.401675694,-12276.9835077988,-127,z,z
4547,4674,-517299.88819131,-968179.370184941,450879.481993631,-127,z,z
4548,4675,-1023068.97822778,-1016588.33869419,-6480.63953359588,-127,z,z
4549,4676,-1185844.90465073,-1064997.30720344,-120847.59744729,-127,z,z
4550,4677,-1096457.85818036,-1113406.27571268,16948.4175323246,-127,z,z
4551,4678,-1126373.75922167,-1161815.24422193,35441.4850002565,-127,z,z
4552,4679,-1179568.46002268,-1210224.21273118,30655.7527084956,-127,z,z
4553,4680,-1954434.76026521,-871361.433166447,-1083073.32709876,-127,z,z
4554,4681,-1052357.48856383,-919770.401675694,-132587.086888133,-127,z,z
4555,4682,-705808.300399463,-968179.370184941,262371.069785479,-127,z,z
4556,4683,-820721.202097441,-1016588.33869419,195867.136596747,-127,z,z
4557,4684,-604742.723845101,-1064997.30720344,460254.583358334,-127,z,z
4558,4685,-1392479.11790507,-1113406.27571268,-279072.842192386,-127,z,z
4559,4686,-1357426.45165879,-1161815.24422193,-195611.207436864,-127,z,z
4560,4687,-241177.20319443,-1210224.21273118,969047.009536746,-127,z,z
4561,4688,-831055.31685267,-871361.433166447,40306.1163137774,-127,z,z
4562,4689,-724381.211704534,-919770.401675694,195389.18997116,-127,z,z
4563,4690,-161283.884061122,-968179.370184941,806895.486123819,-127,z,z
4564,4691,-748923.854727761,-1016588.33869419,267664.483966427,-127,z,z
4565,4692,-825773.408257662,-1064997.30720344,239223.898945773,-127,z,z
4566,4693,-799864.625649866,-1113406.27571268,313541.650062816,-127,z,z
4567,4694,-1483148.6062295,-1161815.24422193,-321333.362007568,-127,z,z
4568,4695,-1100221.71210809,-1210224.21273118,110002.500623087,-127,z,z
4569,4696,-986155.357262451,-871361.433166447,-114793.924096004,-127,z,z
4570,4697,-597992.206163741,-919770.401675694,321778.195511953,-127,z,z
4571,4698,-1228636.63119113,-968179.370184941,-260457.261006187,-127,z,z
4572,4699,-1293184.00045613,-1016588.33869419,-276595.661761943,-127,z,z
4573,4700,-1162547.2088263,-1064997.30720344,-97549.9016228633,-127,z,z
4574,4701,-1325523.19655371,-1113406.27571268,-212116.920841026,-127,z,z
4575,4702,-1089647.28398767,-1161815.24422193,72167.9602342551,-127,z,z
4576,4703,-1630545.6808632,-1210224.21273118,-420321.468132019,-127,z,z
4577,4704,-408099.696387362,-871361.433166447,463261.736779085,-127,z,z
4578,4705,-919770.401675694,-919770.401675694,0,-127,z,z
4579,4706,-910891.728526029,-968179.370184941,57287.6416589123,-127,z,z
4580,4707,-852834.935686224,-1016588.33869419,163753.403007964,-127,z,z
4581,4708,-1435717.06759362,-1064997.30720344,-370719.76039018,-127,z,z
4582,4709,-784701.42371772,-1113406.27571268,328704.851994963,-127,z,z
4583,4710,-1619060.75326516,-1161815.24422193,-457245.509043227,-127,z,z
4584,4711,-1671035.76856713,-1210224.21273118,-460811.555835951,-127,z,z
4585,4712,-885445.015924318,-871361.433166447,-14083.5827578713,-127,z,z
4586,4713,-491434.893781745,-919770.401675694,428335.507893949,-127,z,z
4587,4714,-971915.529316395,-968179.370184941,-3736.15913145361,-127,z,z
4588,4715,-1126552.65941819,-1016588.33869419,-109964.320724001,-127,z,z
4589,4716,-1041634.96527134,-1064997.30720344,23362.3419320954,-127,z,z
4590,4717,-1070055.07126059,-1113406.27571268,43351.204452093,-127,z,z
4591,4718,-1120590.03702155,-1161815.24422193,41225.2072003826,-127,z,z
4592,4719,-1856713.02225194,-1210224.21273118,-646488.809520769,-127,z,z
4593,4720,-999739.614135636,-871361.433166447,-128378.180969189,-127,z,z
4594,4721,-670517.885379489,-919770.401675694,249252.516296205,-127,z,z
4595,4722,-779685.141992569,-968179.370184941,188494.228192372,-127,z,z
4596,4723,-574505.587652846,-1016588.33869419,442082.751041342,-127,z,z
4597,4724,-1322855.16200982,-1064997.30720344,-257857.85480638,-127,z,z
4598,4725,-1289555.12907585,-1113406.27571268,-176148.853363171,-127,z,z
4599,4726,-229118.343034709,-1161815.24422193,932696.90118722,-127,z,z
4600,4728,-789502.551010036,-871361.433166447,81858.8821564108,-128,z,z
4601,4729,-688162.151119307,-919770.401675694,231608.250556387,-128,z,z
4602,4730,-153219.689858066,-968179.370184941,814959.680326875,-128,z,z
4603,4731,-709506.809742089,-1016588.33869419,307081.528952099,-128,z,z
4604,4732,-782311.649928311,-1064997.30720344,282685.657275124,-128,z,z
4605,4733,-757766.487457768,-1113406.27571268,355639.788254914,-128,z,z
4606,4735,-1405088.15327005,-871361.433166447,-533726.720103604,-129,z,z
4607,4736,-1042315.30620766,-919770.401675694,-122544.904531969,-129,z,z
4608,4737,-934252.443722322,-968179.370184941,33926.9264626195,-129,z,z
4609,4738,-566518.932155123,-1016588.33869419,450069.406539065,-129,z,z
4610,4739,-1163971.54533896,-1064997.30720344,-98974.2381355281,-129,z,z
4611,4741,-1225121.68464265,-871361.433166447,-353760.251476204,-130,z,z
4612,4742,-1101360.51362491,-919770.401675694,-181590.11194922,-130,z,z
4613,4743,-1255758.81778772,-968179.370184941,-287579.447602783,-130,z,z
4614,4744,-1032297.42693569,-1016588.33869419,-15709.0882415032,-130,z,z
4615,4746,-1544727.48713355,-871361.433166447,-673366.053967107,-131,z,z
4616,4747,-386620.764998553,-919770.401675694,533149.636677141,-131,z,z
4617,4748,-871361.433166447,-968179.370184941,96817.9370184941,-131,z,z
4618,4750,-862950.058603606,-871361.433166447,8411.37456284068,-132,z,z
4619,4751,-807948.88643958,-919770.401675694,111821.515236114,-132,z,z
4620,4753,-1360153.01140448,-871361.433166447,-488791.578238031,-133,z,z
4621,4756,-743401.348785208,-84140130.7138516,83396729.3650664,-135,z,z
4622,4757,-1533847.0294091,-81982755.5673426,80448908.5379335,-135,z,z
4623,4758,-1583086.51758991,-79825380.4208336,78242293.9032437,-135,z,z
4624,4759,-838842.646665144,-77668005.2743246,76829162.6276594,-135,z,z
4625,4760,-465569.899372179,-75510630.1278156,75045060.2284434,-135,z,z
4626,4761,-920762.080405006,-73353254.9813065,72432492.9009015,-135,z,z
4627,4762,-1067260.41418565,-71195879.8347975,70128619.4206119,-135,z,z
4628,4763,-986812.072362322,-69038504.6882885,68051692.6159262,-135,z,z
4629,4764,-1013736.38329951,-66881129.5417795,65867393.15848,-135,z,z
4630,4765,-1061611.61402041,-64723754.3952705,63662142.7812501,-135,z,z
4631,4766,-1758991.28423868,-62566379.2487614,60807387.9645228,-135,z,z
4632,4767,-947121.739707445,-60409004.1022524,59461882.362545,-135,z,z
4633,4768,-635227.470359516,-58251628.9557434,57616401.4853839,-135,z,z
4634,4769,-738649.081887697,-56094253.8092344,55355604.7273467,-135,z,z
4635,4770,-544268.451460591,-53936878.6627254,53392610.2112648,-135,z,z
4636,4771,-1253231.20611456,-51779503.5162164,50526272.3101018,-135,z,z
4637,4772,-1221683.80649291,-49622128.3697074,48400444.5632144,-135,z,z
4638,4773,-217059.482874987,-47464753.2231983,47247693.7403234,-135,z,z
4639,4774,-747949.785167403,-45307378.0766893,44559428.2915219,-135,z,z
4640,4775,-651943.090534081,-43150002.9301803,42498059.8396462,-135,z,z
4641,4776,-145155.49565501,-40992627.7836713,40847472.2880163,-135,z,z
4642,4777,-35477840.4871045,-38835252.6371623,3357412.15005781,-135,z,z
4643,4778,-39118082.4964156,-36677877.4906533,-2440205.00576229,-135,z,z
4644,4779,-37890824.3728884,-34520502.3441442,-3370322.02874415,-135,z,z
4645,4780,-70256907.6635025,-32363127.1976352,-37893780.4658673,-135,z,z
4646,4781,-52118265.3103832,-30205752.0511262,-21912513.2592569,-135,z,z
4647,4782,-46715122.1861161,-28048376.9046172,-18666745.2814989,-135,z,z
4648,4783,-28328446.6077562,-25891001.7581082,-2437444.84964797,-135,z,z
4649,4784,-58201077.2669482,-23733626.6115992,-34467450.655349,-135,z,z
4650,4785,-61258584.2321325,-21576251.4650902,-39682332.7670424,-135,z,z
4651,4786,-55070525.6812457,-19418876.3185811,-35651649.3626646,-135,z,z
4652,4787,-62790440.8893862,-17261501.1720721,-45528939.7173141,-135,z,z
4653,4788,-51617371.3467846,-15104126.0255631,-36513245.3212215,-135,z,z
4654,4789,-77238874.3566777,-12946750.8790541,-64292123.4776236,-135,z,z
4655,4790,-19333538.2499277,-10789375.7325451,-8544162.51738258,-135,z,z
4656,4791,-43570571.6583223,-8632000.58603606,-34938571.0722863,-135,z,z
4657,4792,-43150002.9301803,-6474625.43952705,-36675377.4906533,-135,z,z
4658,4793,-40399944.321979,-4317250.29301803,-36082694.028961,-135,z,z
4659,4794,-68010150.5702239,-2159875.14650902,-65850275.4237149,-135,z,z
4660,4795,-37172567.4392604,-2500,-37170067.4392604,-135,z,z
4661,4797,-76694851.4704548,-862950.058603606,-75831901.4118512,-136,z,z
4662,4798,-79156825.8794955,-910891.728526029,-78245934.1509695,-136,z,z
4663,4799,-41944632.3332572,-958833.398448452,-40985798.9348087,-136,z,z
4664,4800,-23280994.968609,-1006775.06837087,-22274219.9002381,-136,z,z
4665,4801,-46040604.0202503,-1054716.7382933,-44985887.281957,-136,z,z
4666,4802,-53365520.7092826,-1102658.40821572,-52262862.3010669,-136,z,z
4667,4803,-49343103.6181161,-1150600.07813814,-48192503.5399779,-136,z,z
4668,4804,-50689319.1649753,-1198541.74806056,-49490777.4169147,-136,z,z
4669,4805,-53083080.7010206,-862950.058603606,-52220130.642417,-136,z,z
4670,4806,-87952064.2119342,-910891.728526029,-87041172.4834082,-136,z,z
4671,4807,-47358586.9853722,-958833.398448452,-46399753.5869238,-136,z,z
4672,4808,-31763873.5179758,-1006775.06837087,-30757098.4496049,-136,z,z
4673,4809,-36934954.0943848,-1054716.7382933,-35880237.3560915,-136,z,z
4674,4810,-27215922.5730296,-1102658.40821572,-26113264.1648138,-136,z,z
4675,4811,-62664060.3057281,-1150600.07813814,-61513460.2275899,-136,z,z
4676,4812,-61086690.3246457,-1198541.74806056,-59888148.5765851,-136,z,z
4677,4813,-10855474.1437494,-862950.058603606,-9992524.08514576,-136,z,z
4678,4814,-37399989.2583701,-910891.728526029,-36489097.5298441,-136,z,z
4679,4815,-32599654.526704,-958833.398448452,-31640821.1282556,-136,z,z
4680,4816,-7260274.78275051,-1006775.06837087,-6253499.71437964,-136,z,z
4681,4817,-985426.124641791,-1054716.7382933,69290.6136515061,-136,z,z
4682,4818,-1086543.95823377,-1102658.40821572,16114.449981954,-136,z,z
4683,4819,-1052453.45480246,-1150600.07813814,98146.6233356863,-136,z,z
4684,4820,-1951511.32398618,-1198541.74806056,-752969.575925617,-136,z,z
4685,4821,-1447660.14751064,-862950.058603606,-584710.088907037,-136,z,z
4686,4822,-1297572.83850322,-910891.728526029,-386681.109977196,-136,z,z
4687,4823,-786831.850215449,-958833.398448452,172001.548233003,-136,z,z
4688,4824,-1616627.14630412,-1006775.06837087,-609852.077933242,-136,z,z
4689,4825,-1701557.89533702,-1054716.7382933,-646841.157043718,-136,z,z
4690,4826,-1529667.3800346,-1102658.40821572,-427008.971818884,-136,z,z
4691,4827,-1744109.46914962,-1150600.07813814,-593509.391011475,-136,z,z
4692,4828,-1433746.42629957,-1198541.74806056,-235204.678239007,-136,z,z
4693,4829,-2145454.84324105,-862950.058603606,-1282504.78463744,-136,z,z
4694,4830,-536973.284720213,-910891.728526029,373918.443805816,-136,z,z
4695,4831,-1210224.21273118,-958833.398448452,-251390.814282725,-136,z,z
4696,4832,-1198541.74806056,-1006775.06837087,-191766.67968969,-136,z,z
4697,4833,-1122151.23116608,-1054716.7382933,-67434.4928727872,-136,z,z
4698,4834,-1889101.40472844,-1102658.40821572,-786442.996512722,-136,z,z
4699,4835,-1032501.87331279,-1150600.07813814,118098.204825353,-136,z,z
4700,4836,-2130343.09640152,-1198541.74806056,-931801.348340957,-136,z,z
4701,4837,-2198731.27443043,-862950.058603606,-1335781.21582683,-136,z,z
4702,4838,-1165059.23147937,-910891.728526029,-254167.502953337,-136,z,z
4703,4839,-646624.860239138,-958833.398448452,312208.538209314,-136,z,z
4704,4840,-1278836.22278473,-1006775.06837087,-272061.154413856,-136,z,z
4705,4841,-1482306.13081341,-1054716.7382933,-427589.39252011,-136,z,z
4706,4842,-1370572.32272545,-1102658.40821572,-267913.914509728,-136,z,z
4707,4843,-1407967.19902709,-1150600.07813814,-257367.120888949,-136,z,z
4708,4844,-1474460.57502835,-1198541.74806056,-275918.826967787,-136,z,z
4709,4845,-2443043.45033151,-862950.058603606,-1580093.3917279,-136,z,z
4710,4846,-1315446.86070478,-910891.728526029,-404555.132178756,-136,z,z
4711,4847,-882260.375499328,-958833.398448452,76573.0229491233,-136,z,z
4712,4848,-1025901.5026218,-1006775.06837087,-19126.4342509271,-136,z,z
4713,4849,-755928.404806377,-1054716.7382933,298788.33348692,-136,z,z
4714,4850,-1740598.89738134,-1102658.40821572,-637940.489165616,-136,z,z
4715,4851,-1696783.06457349,-1150600.07813814,-546182.986435349,-136,z,z
4716,4852,-301471.503993038,-1198541.74806056,897070.244067526,-136,z,z
4717,4853,-1038819.14606584,-862950.058603606,-175869.087462231,-136,z,z
4718,4854,-905476.514630667,-910891.728526029,5415.21389536141,-136,z,z
4719,4855,-201604.855076403,-958833.398448452,757228.543372048,-136,z,z
4720,4856,-946009.079656119,-1006775.06837087,60765.9887147552,-136,z,z
4721,4857,-1043082.19990441,-1054716.7382933,11634.5383888818,-136,z,z
4722,4858,-1010355.31661036,-1102658.40821572,92303.0916053621,-136,z,z
4723,4859,-1873450.87102673,-1150600.07813814,-722850.792888592,-136,z,z
4724,4860,-1389753.74161022,-1198541.74806056,-191211.993549653,-136,z,z
4725,4861,-1245669.9249631,-862950.058603606,-382719.866359489,-136,z,z
4726,4862,-755358.576206831,-910891.728526029,155533.152319198,-136,z,z
4727,4863,-1551962.06045195,-958833.398448452,-593128.6620035,-136,z,z
4728,4864,-1633495.57952353,-1006775.06837087,-626720.511152661,-136,z,z
4729,4865,-1468480.68483322,-1054716.7382933,-413763.946539922,-136,z,z
4730,4866,-1674345.09038363,-1102658.40821572,-571686.682167912,-136,z,z
4731,4867,-1376396.56924759,-1150600.07813814,-225796.491109447,-136,z,z
4732,4868,-2059636.64951141,-1198541.74806056,-861094.901450841,-136,z,z
4733,4869,-515494.353331404,-862950.058603606,347455.705272202,-136,z,z
4734,4870,-1161815.24422193,-910891.728526029,-250923.5156959,-136,z,z
4735,4871,-1150600.07813814,-958833.398448452,-191766.67968969,-136,z,z
4736,4872,-1077265.18191944,-1006775.06837087,-70490.1135485664,-136,z,z
4737,4873,-1813537.3485393,-1054716.7382933,-758820.610246007,-136,z,z
4738,4874,-991201.798380277,-1102658.40821572,111456.609835442,-136,z,z
4739,4875,-2045129.37254546,-1150600.07813814,-894529.294407319,-136,z,z
4740,4876,-2110782.02345321,-1198541.74806056,-912240.27539265,-136,z,z
4741,4877,-1118456.86222019,-862950.058603606,-255506.803616585,-136,z,z
4742,4878,-620759.865829572,-910891.728526029,290131.862696457,-136,z,z
4743,4879,-1227682.77387334,-958833.398448452,-268849.375424889,-136,z,z
4744,4880,-1423013.88558087,-1006775.06837087,-416238.817209996,-136,z,z
4745,4881,-1315749.42981643,-1054716.7382933,-261032.691523132,-136,z,z
4746,4882,-1351648.51106601,-1102658.40821572,-248990.102850288,-136,z,z
4747,4883,-1415482.15202722,-1150600.07813814,-264882.073889075,-136,z,z
4748,4884,-2345321.71231825,-1198541.74806056,-1146779.96425768,-136,z,z
4749,4885,-1262828.98627659,-862950.058603606,-399878.927672987,-136,z,z
4750,4886,-846969.960479355,-910891.728526029,63921.7680466739,-136,z,z
4751,4887,-984865.442516929,-958833.398448452,-26032.0440684777,-136,z,z
4752,4888,-725691.268614122,-1006775.06837087,281083.799756753,-136,z,z
4753,4889,-1670974.94148608,-1054716.7382933,-616258.203192786,-136,z,z
4754,4890,-1628911.74199055,-1102658.40821572,-526253.333774832,-136,z,z
4755,4891,-289412.643833317,-1150600.07813814,861187.434304825,-136,z,z
4756,4892,-997266.380223204,-1198541.74806056,201275.367837361,-136,z,z
4757,4893,-869257.454045441,-862950.058603606,-6307.39544183447,-136,z,z
4758,4894,-193540.660873347,-910891.728526029,717351.067652682,-136,z,z
4759,4895,-906592.034670447,-958833.398448452,52241.3637780042,-136,z,z
4760,4896,-999620.441575064,-1006775.06837087,7154.62679580983,-136,z,z
4761,4897,-968257.178418259,-1054716.7382933,86459.5598750378,-136,z,z
4762,4898,-1795390.41806729,-1102658.40821572,-692732.009851568,-136,z,z
4763,4899,-1331847.33570979,-1150600.07813814,-181247.25757165,-136,z,z
4764,4900,-1193767.01142297,-1198541.74806056,4774.73663759767,-136,z,z
4765,4901,-723885.302198213,-862950.058603606,139064.756405393,-136,z,z
4766,4902,-1487296.97459979,-910891.728526029,-576405.246073758,-136,z,z
4767,4903,-1565433.26371005,-958833.398448452,-606599.865261602,-136,z,z
4768,4904,-1407293.98963183,-1006775.06837087,-400518.921260961,-136,z,z
4769,4905,-1604580.71161765,-1054716.7382933,-549863.97332435,-136,z,z
4770,4906,-1319046.71219561,-1102658.40821572,-216388.303979886,-136,z,z
4771,4907,-1973818.45578176,-1150600.07813814,-823218.377643621,-136,z,z
4772,4908,-494015.421942596,-1198541.74806056,704526.326117969,-136,z,z
4773,4909,-1113406.27571268,-862950.058603606,-250456.217109076,-136,z,z
4774,4910,-1102658.40821572,-910891.728526029,-191766.67968969,-136,z,z
4775,4911,-1032379.1326728,-958833.398448452,-73545.7342243457,-136,z,z
4776,4912,-1737973.29235017,-1006775.06837087,-731198.223979292,-136,z,z
4777,4913,-949901.723447766,-1054716.7382933,104815.014845531,-136,z,z
4778,4914,-1959915.6486894,-1102658.40821572,-857257.24047368,-136,z,z
4779,4915,-2022832.772476,-1150600.07813814,-872232.694337855,-136,z,z
4780,4916,-1071854.49296102,-1198541.74806056,126687.255099548,-136,z,z
4781,4917,-594894.871420007,-862950.058603606,268055.1871836,-136,z,z
4782,4918,-1176529.32496195,-910891.728526029,-265637.596435923,-136,z,z
4783,4919,-1363721.64034833,-958833.398448452,-404888.241899883,-136,z,z
4784,4920,-1260926.53690741,-1006775.06837087,-254151.468536537,-136,z,z
4785,4921,-1295329.82310492,-1054716.7382933,-240613.084811627,-136,z,z
4786,4922,-1356503.72902608,-1102658.40821572,-253845.320810363,-136,z,z
4787,4923,-2247599.97430499,-1150600.07813814,-1096999.89616684,-136,z,z
4788,4924,-1210211.1118484,-1198541.74806056,-11669.3637878371,-136,z,z
4789,4925,-811679.545459382,-862950.058603606,51270.5131442244,-136,z,z
4790,4926,-943829.382412057,-910891.728526029,-32937.6538860283,-136,z,z
4791,4927,-695454.132421866,-958833.398448452,263379.266026585,-136,z,z
4792,4928,-1601350.98559083,-1006775.06837087,-594575.917219955,-136,z,z
4793,4929,-1561040.41940761,-1054716.7382933,-506323.681114315,-136,z,z
4794,4930,-277353.783673595,-1102658.40821572,825304.624542124,-136,z,z
4795,4931,-955713.61438057,-1150600.07813814,194886.463757572,-136,z,z
4796,4932,-833038.393460214,-1198541.74806056,365503.35460035,-136,z,z
4797,4933,-185476.466670291,-862950.058603606,677473.591933316,-136,z,z
4798,4934,-867174.989684776,-910891.728526029,43716.7388412532,-136,z,z
4799,4935,-956158.683245714,-958833.398448452,2674.71520273783,-136,z,z
4800,4936,-926159.040226161,-1006775.06837087,80616.0281447134,-136,z,z
4801,4937,-1717329.96510784,-1054716.7382933,-662613.226814543,-136,z,z
4802,4938,-1273940.92980937,-1102658.40821572,-171282.521593647,-136,z,z
4803,4939,-1141864.09788284,-1150600.07813814,8735.98025530414,-136,z,z
4804,4940,-692412.028189595,-1198541.74806056,506129.71987097,-136,z,z
4805,4941,-1422631.88874762,-862950.058603606,-559681.830144016,-136,z,z
4806,4942,-1497370.94789657,-910891.728526029,-586479.219370545,-136,z,z
4807,4943,-1346107.29443045,-958833.398448452,-387273.895981999,-136,z,z
4808,4944,-1534816.33285166,-1006775.06837087,-528041.264480788,-136,z,z
4809,4945,-1261696.85514362,-1054716.7382933,-206980.116850326,-136,z,z
4810,4946,-1888000.26205212,-1102658.40821572,-785341.853836402,-136,z,z
4811,4947,-472536.490553787,-1150600.07813814,678063.587584355,-136,z,z
4812,4948,-1064997.30720344,-1198541.74806056,133544.440857129,-136,z,z
4813,4949,-1054716.7382933,-862950.058603606,-191766.67968969,-136,z,z
4814,4950,-987493.083426154,-910891.728526029,-76601.354900125,-136,z,z
4815,4951,-1662409.23616103,-958833.398448452,-703575.837712577,-136,z,z
4816,4952,-908601.648515254,-1006775.06837087,98173.41985562,-136,z,z
4817,4953,-1874701.92483334,-1054716.7382933,-819985.186540042,-136,z,z
4818,4954,-1934883.52149878,-1102658.40821572,-832225.11328306,-136,z,z
4819,4955,-1025252.12370184,-1150600.07813814,125347.9544363,-136,z,z
4820,4956,-569029.877010441,-1198541.74806056,629511.871050123,-136,z,z
4821,4957,-1125375.87605056,-862950.058603606,-262425.817446956,-136,z,z
4822,4958,-1304429.3951158,-910891.728526029,-393537.666589769,-136,z,z
4823,4959,-1206103.64399839,-958833.398448452,-247270.245549942,-136,z,z
4824,4960,-1239011.13514384,-1006775.06837087,-232236.066772966,-136,z,z
4825,4961,-1297525.30602495,-1054716.7382933,-242808.567731652,-136,z,z
4826,4962,-2149878.23629173,-1102658.40821572,-1047219.82807601,-136,z,z
4827,4963,-1157593.23742021,-1150600.07813814,-6993.15928206849,-136,z,z
4828,4964,-776389.130439409,-1198541.74806056,422152.617621155,-136,z,z
4829,4965,-902793.322307185,-862950.058603606,-39843.2637035787,-136,z,z
4830,4966,-665216.996229611,-910891.728526029,245674.732296418,-136,z,z
4831,4967,-1531727.02969558,-958833.398448452,-572893.631247124,-136,z,z
4832,4968,-1493169.09682467,-1006775.06837087,-486394.028453798,-136,z,z
4833,4969,-265294.923513874,-1054716.7382933,789421.814779423,-136,z,z
4834,4970,-914160.848537937,-1102658.40821572,188497.559677783,-136,z,z
4835,4971,-796819.332874988,-1150600.07813814,353780.745263154,-136,z,z
4836,4972,-177412.272467235,-1198541.74806056,1021129.47559333,-136,z,z
4837,4973,-827757.944699104,-862950.058603606,35192.1139045024,-136,z,z
4838,4974,-912696.924916363,-910891.728526029,-1805.19639033417,-136,z,z
4839,4975,-884060.902034063,-958833.398448452,74772.496414389,-136,z,z
4840,4976,-1639269.51214839,-1006775.06837087,-632494.443777518,-136,z,z
4841,4977,-1216034.52390894,-1054716.7382933,-161317.785615644,-136,z,z
4842,4978,-1089961.18434271,-1102658.40821572,12697.2238730106,-136,z,z
4843,4979,-660938.754180977,-1150600.07813814,489661.323957165,-136,z,z
4844,4980,-1357966.80289546,-1198541.74806056,-159425.054834893,-136,z,z
4845,4981,-1429308.63208309,-862950.058603606,-566358.573479486,-136,z,z
4846,4982,-1284920.59922907,-910891.728526029,-374028.870703038,-136,z,z
4847,4983,-1465051.95408568,-958833.398448452,-506218.555637226,-136,z,z
4848,4984,-1204346.99809164,-1006775.06837087,-197571.929720766,-136,z,z
4849,4985,-1802182.06832248,-1054716.7382933,-747465.330029183,-136,z,z
4850,4986,-451057.559164979,-1102658.40821572,651600.849050741,-136,z,z
4851,4987,-1016588.33869419,-1150600.07813814,134011.739443954,-136,z,z
4852,4988,-1006775.06837087,-1198541.74806056,191766.67968969,-136,z,z
4853,4989,-942607.03417951,-862950.058603606,-79656.975575904,-136,z,z
4854,4990,-1586845.17997189,-910891.728526029,-675953.451445862,-136,z,z
4855,4991,-867301.573582743,-958833.398448452,91531.8248657089,-136,z,z
4856,4992,-1789488.20097728,-1006775.06837087,-782713.132606404,-136,z,z
4857,4993,-1846934.27052156,-1054716.7382933,-792217.532228266,-136,z,z
4858,4994,-978649.754442668,-1102658.40821572,124008.653773052,-136,z,z
4859,4995,-543164.882600876,-1150600.07813814,607435.195537266,-136,z,z
4860,4996,-1074222.42713917,-1198541.74806056,124319.320921391,-136,z,z
4861,4997,-1245137.14988326,-862950.058603606,-382187.091279655,-136,z,z
4862,4998,-1151280.75108938,-910891.728526029,-240389.022563347,-136,z,z
4863,4999,-1182692.44718276,-958833.398448452,-223859.048734305,-136,z,z
4864,5000,-1238546.88302381,-1006775.06837087,-231771.814652941,-136,z,z
4865,5001,-2052156.49827847,-1054716.7382933,-997439.759985169,-136,z,z
4866,5002,-1104975.36299202,-1102658.40821572,-2316.95477629942,-136,z,z
4867,5003,-741098.715419436,-1150600.07813814,409501.362718706,-136,z,z
4868,5004,-861757.262202313,-1198541.74806056,336784.485858251,-136,z,z
4869,5005,-634979.860037356,-862950.058603606,227970.19856625,-136,z,z
4870,5006,-1462103.07380032,-910891.728526029,-551211.345274293,-136,z,z
4871,5007,-1425297.77424173,-958833.398448452,-466464.375793281,-136,z,z
4872,5008,-253236.063354152,-1006775.06837087,753539.005016722,-136,z,z
4873,5009,-872608.082695303,-1054716.7382933,182108.655597994,-136,z,z
4874,5010,-760600.272289761,-1102658.40821572,342058.135925959,-136,z,z
4875,5011,-169348.078264179,-1150600.07813814,981251.999873963,-136,z,z
4876,5012,-788340.899713433,-1198541.74806056,410200.848347132,-136,z,z
4877,5013,-869235.166587012,-862950.058603606,-6285.10798340605,-136,z,z
4878,5014,-841962.763841964,-910891.728526029,68928.9646840645,-136,z,z
4879,5015,-1561209.05918895,-958833.398448452,-602375.660740494,-136,z,z
4880,5016,-1158128.11800851,-1006775.06837087,-151353.049637641,-136,z,z
4881,5017,-1038058.27080258,-1054716.7382933,16658.4674907171,-136,z,z
4882,5018,-629465.480172359,-1102658.40821572,473192.92804336,-136,z,z
4883,5019,-1293301.71704329,-1150600.07813814,-142701.638905151,-136,z,z
4884,5020,-1361246.31626961,-1198541.74806056,-162704.568209048,-136,z,z
4885,5021,-1223733.90402768,-862950.058603606,-360783.845424076,-136,z,z
4886,5022,-1395287.57531969,-910891.728526029,-484395.846793664,-136,z,z
4887,5023,-1146997.14103966,-958833.398448452,-188163.742591206,-136,z,z
4888,5024,-1716363.87459284,-1006775.06837087,-709588.806221963,-136,z,z
4889,5025,-429578.62777617,-1054716.7382933,625138.110517127,-136,z,z
4890,5026,-968179.370184941,-1102658.40821572,134479.038030778,-136,z,z
4891,5027,-958833.398448452,-1150600.07813814,191766.67968969,-136,z,z
4892,5028,-897720.984932867,-1198541.74806056,300820.763127697,-136,z,z
4893,5029,-1511281.12378275,-862950.058603606,-648331.065179147,-136,z,z
4894,5030,-826001.498650231,-910891.728526029,84890.2298757979,-136,z,z
4895,5031,-1704274.47712122,-958833.398448452,-745441.078672765,-136,z,z
4896,5032,-1758985.01954434,-1006775.06837087,-752209.951173471,-136,z,z
4897,5033,-932047.385183493,-1054716.7382933,122669.353109804,-136,z,z
4898,5034,-517299.88819131,-1102658.40821572,585358.520024409,-136,z,z
4899,5035,-1023068.97822778,-1150600.07813814,127531.099910358,-136,z,z
4900,5036,-1185844.90465073,-1198541.74806056,12696.8434098389,-136,z,z
4901,5037,-1096457.85818036,-862950.058603606,-233507.799576751,-136,z,z
4902,5038,-1126373.75922167,-910891.728526029,-215482.030695644,-136,z,z
4903,5039,-1179568.46002268,-958833.398448452,-220735.061574229,-136,z,z
4904,5040,-1954434.76026521,-1006775.06837087,-947659.691894331,-136,z,z
4905,5041,-1052357.48856383,-1054716.7382933,2359.24972946942,-136,z,z
4906,5042,-705808.300399463,-1102658.40821572,396850.107816257,-136,z,z
4907,5043,-820721.202097441,-1150600.07813814,329878.876040701,-136,z,z
4908,5045,-604742.723845101,-862950.058603606,258207.334758505,-137,z,z
4909,5046,-1392479.11790507,-910891.728526029,-481587.38937904,-137,z,z
4910,5047,-1357426.45165879,-958833.398448452,-398593.053210341,-137,z,z
4911,5048,-241177.20319443,-1006775.06837087,765597.865176444,-137,z,z
4912,5049,-831055.31685267,-1054716.7382933,223661.421440627,-137,z,z
4913,5050,-724381.211704534,-1102658.40821572,378277.196511185,-137,z,z
4914,5052,-161283.884061122,-862950.058603606,701666.174542484,-138,z,z
4915,5053,-748923.854727761,-910891.728526029,161967.873798268,-138,z,z
4916,5054,-825773.408257662,-958833.398448452,133059.99019079,-138,z,z
4917,5055,-799864.625649866,-1006775.06837087,206910.442721008,-138,z,z
4918,5056,-1483148.6062295,-1054716.7382933,-428431.867936201,-138,z,z
4919,5058,-1100221.71210809,-862950.058603606,-237271.653504483,-139,z,z
4920,5059,-986155.357262451,-910891.728526029,-75263.6287364219,-139,z,z
4921,5060,-597992.206163741,-958833.398448452,360841.192284711,-139,z,z
4922,5061,-1228636.63119113,-1006775.06837087,-221861.562820254,-139,z,z
4923,5063,-1293184.00045613,-862950.058603606,-430233.941852525,-140,z,z
4924,5064,-1162547.2088263,-910891.728526029,-251655.48030027,-140,z,z
4925,5065,-1325523.19655371,-958833.398448452,-366689.798105257,-140,z,z
4926,5067,-1089647.28398767,-862950.058603606,-226697.225384068,-141,z,z
4927,5068,-1630545.6808632,-910891.728526029,-719653.952337167,-141,z,z
4928,5070,-408099.696387362,-862950.058603606,454850.362216245,-142,z,z
4929,5073,-919770.401675694,-78777516.4278591,77857746.0261834,-144,z,z
4930,5074,-910891.728526029,-76757644.2117601,75846752.4832341,-144,z,z
4931,5075,-852834.935686224,-74737771.9956612,73884937.0599749,-144,z,z
4932,5076,-1435717.06759362,-72717899.7795622,71282182.7119686,-144,z,z
4933,5077,-784701.42371772,-70698027.5634633,69913326.1397456,-144,z,z
4934,5078,-1619060.75326516,-68678155.3473643,67059094.5940992,-144,z,z
4935,5079,-1671035.76856713,-66658283.1312654,64987247.3626982,-144,z,z
4936,5080,-885445.015924318,-64638410.9151664,63752965.8992421,-144,z,z
4937,5081,-491434.893781745,-62618538.6990675,62127103.8052857,-144,z,z
4938,5082,-971915.529316395,-60598666.4829685,59626750.9536521,-144,z,z
4939,5083,-1126552.65941819,-58578794.2668696,57452241.6074514,-144,z,z
4940,5084,-1041634.96527134,-56558922.0507706,55517287.0854993,-144,z,z
4941,5085,-1070055.07126059,-54539049.8346717,53468994.7634111,-144,z,z
4942,5086,-1120590.03702155,-52519177.6185727,51398587.5815512,-144,z,z
4943,5087,-1856713.02225194,-50499305.4024738,48642592.3802218,-144,z,z
4944,5088,-999739.614135636,-48479433.1863748,47479693.5722392,-144,z,z
4945,5089,-670517.885379489,-46459560.9702759,45789043.0848964,-144,z,z
4946,5090,-779685.141992569,-44439688.7541769,43660003.6121843,-144,z,z
4947,5091,-574505.587652846,-42419816.538078,41845310.9504251,-144,z,z
4948,5092,-1322855.16200982,-40399944.321979,39077089.1599692,-144,z,z
4949,5093,-1289555.12907585,-38380072.1058801,37090516.9768042,-144,z,z
4950,5094,-229118.343034709,-36360199.8897811,36131081.5467464,-144,z,z
4951,5095,-789502.551010036,-34340327.6736822,33550825.1226721,-144,z,z
4952,5096,-688162.151119307,-32320455.4575832,31632293.3064639,-144,z,z
4953,5097,-153219.689858066,-30300583.2414843,30147363.5516262,-144,z,z
4954,5098,-709506.809742089,-28280711.0253853,27571204.2156432,-144,z,z
4955,5099,-782311.649928311,-26260838.8092864,25478527.159358,-144,z,z
4956,5100,-757766.487457768,-24240966.5931874,23483200.1057296,-144,z,z
4957,5101,-1405088.15327005,-22221094.3770885,20816006.2238184,-144,z,z
4958,5102,-1042315.30620766,-20201222.1609895,19158906.8547818,-144,z,z
4959,5103,-934252.443722322,-18181349.9448906,17247097.5011682,-144,z,z
4960,5104,-566518.932155123,-16161477.7287916,15594958.7966365,-144,z,z
4961,5105,-1163971.54533896,-14141605.5126927,12977633.9673537,-144,z,z
4962,5106,-1225121.68464265,-12121733.2965937,10896611.6119511,-144,z,z
4963,5107,-1101360.51362491,-10101861.0804948,9000500.56686984,-144,z,z
4964,5108,-1255758.81778772,-8081988.8643958,6826230.04660808,-144,z,z
4965,5109,-1032297.42693569,-6062116.64829685,5029819.22136116,-144,z,z
4966,5110,-1544727.48713355,-4042244.4321979,2497516.94506435,-144,z,z
4967,5111,-386620.764998553,-2022372.21609895,1635751.4511004,-144,z,z
4968,5112,-871361.433166447,-2500,-868861.433166447,-144,z,z
4969,5114,-862950.058603606,-807948.88643958,-55001.172164026,-145,z,z
4970,5115,-807948.88643958,-852834.935686224,44886.0492466433,-145,z,z
4971,5116,-1360153.01140448,-897720.984932867,-462432.026471611,-145,z,z
4972,5117,-743401.348785208,-942607.03417951,199205.685394303,-145,z,z
4973,5118,-1533847.0294091,-987493.083426154,-546353.945982941,-145,z,z
4974,5119,-1583086.51758991,-1032379.1326728,-550707.384917113,-145,z,z
4975,5120,-838842.646665144,-1077265.18191944,238422.535254297,-145,z,z
4976,5121,-465569.899372179,-1122151.23116608,656581.331793905,-145,z,z
4977,5122,-920762.080405006,-807948.88643958,-112813.193965425,-145,z,z
4978,5123,-1067260.41418565,-852834.935686224,-214425.478499429,-145,z,z
4979,5124,-986812.072362322,-897720.984932867,-89091.0874294549,-145,z,z
4980,5125,-1013736.38329951,-942607.03417951,-71129.3491199953,-145,z,z
4981,5126,-1061611.61402041,-987493.083426154,-74118.5305942588,-145,z,z
4982,5127,-1758991.28423868,-1032379.1326728,-726612.151565888,-145,z,z
4983,5128,-947121.739707445,-1077265.18191944,130143.442211996,-145,z,z
4984,5129,-635227.470359516,-1122151.23116608,486923.760806568,-145,z,z
4985,5130,-738649.081887697,-807948.88643958,69299.8045518835,-145,z,z
4986,5131,-544268.451460591,-852834.935686224,308566.484225633,-145,z,z
4987,5132,-1253231.20611456,-897720.984932867,-355510.221181695,-145,z,z
4988,5133,-1221683.80649291,-942607.03417951,-279076.772313403,-145,z,z
4989,5134,-217059.482874987,-987493.083426154,770433.600551166,-145,z,z
4990,5135,-747949.785167403,-1032379.1326728,284429.347505395,-145,z,z
4991,5136,-651943.090534081,-1077265.18191944,425322.09138536,-145,z,z
4992,5137,-145155.49565501,-1122151.23116608,976995.735511074,-145,z,z
4993,5138,-33704073.4627492,-807948.88643958,-32896124.5763097,-145,z,z
4994,5139,-37162303.3715948,-852834.935686224,-36309468.4359086,-145,z,z
4995,5140,-35996408.154244,-897720.984932867,-35098687.1693111,-145,z,z
4996,5141,-66744187.2803274,-942607.03417951,-65801580.2461479,-145,z,z
4997,5142,-49512477.044864,-987493.083426154,-48524983.9614378,-145,z,z
4998,5143,-44379491.0768103,-1032379.1326728,-43347111.9441375,-145,z,z
4999,5144,-26912149.2773683,-1077265.18191944,-25834884.0954489,-145,z,z
5000,5145,-55291148.4036008,-1122151.23116608,-54168997.1724347,-145,z,z
5001,5146,-58195780.0205259,-807948.88643958,-57387831.1340863,-145,z,z
5002,5147,-52317124.3971834,-852834.935686224,-51464289.4614972,-145,z,z
5003,5148,-59651043.8449169,-897720.984932867,-58753322.859984,-145,z,z
5004,5149,-49036627.7794453,-942607.03417951,-48094020.7452658,-145,z,z
5005,5150,-73377055.6388438,-987493.083426154,-72389562.5554176,-145,z,z
5006,5151,-18366986.3374313,-1032379.1326728,-17334607.2047585,-145,z,z
5007,5152,-41392168.0754062,-1077265.18191944,-40314902.8934868,-145,z,z
5008,5153,-40992627.7836713,-1122151.23116608,-39870476.5525052,-145,z,z
5009,5154,-38380072.1058801,-807948.88643958,-37572123.2194405,-145,z,z
5010,5155,-64609768.0417127,-852834.935686224,-63756933.1060265,-145,z,z
5011,5156,-35314064.0672974,-897720.984932867,-34416343.0823645,-145,z,z
5012,5157,-72860233.896932,-942607.03417951,-71917626.8627525,-145,z,z
5013,5158,-75199109.5855207,-987493.083426154,-74211616.5020946,-145,z,z
5014,5159,-39847525.7165943,-1032379.1326728,-38815146.5839215,-145,z,z
5015,5160,-22117070.2201785,-1077265.18191944,-21039805.0382591,-145,z,z
5016,5161,-43738698.8192378,-1122151.23116608,-42616547.5880717,-145,z,z
5017,5162,-50697369.6738185,-807948.88643958,-49889420.7873789,-145,z,z
5018,5163,-46876073.4372103,-852834.935686224,-46023238.5015241,-145,z,z
5019,5164,-48154978.2067265,-897720.984932867,-47257257.2217936,-145,z,z
5020,5165,-50429051.6659696,-942607.03417951,-49486444.6317901,-145,z,z
5021,5166,-83554586.0013375,-987493.083426154,-82567092.9179114,-145,z,z
5022,5167,-44990782.6361036,-1032379.1326728,-43958403.5034308,-145,z,z
5023,5168,-30175804.842077,-1077265.18191944,-29098539.6601576,-145,z,z
5024,5169,-35088331.3896656,-1122151.23116608,-33966180.1584995,-145,z,z
5025,5170,-25855251.4443781,-807948.88643958,-25047302.5579385,-145,z,z
5026,5171,-59530982.2904417,-852834.935686224,-58678147.3547555,-145,z,z
5027,5172,-58032480.8084134,-897720.984932867,-57134759.8234805,-145,z,z
5028,5173,-10312825.4365619,-942607.03417951,-9370218.40238239,-145,z,z
5029,5174,-35530114.7954516,-987493.083426154,-34542621.7120255,-145,z,z
5030,5175,-30969796.8003688,-1032379.1326728,-29937417.667696,-145,z,z
5031,5176,-6897386.04361298,-1077265.18191944,-5820120.86169354,-145,z,z
5032,5177,-985426.124641791,-1122151.23116608,136725.106524293,-145,z,z
5033,5178,-1086543.95823377,-807948.88643958,-278595.071794185,-145,z,z
5034,5179,-1052453.45480246,-852834.935686224,-199618.519116232,-145,z,z
5035,5180,-1951511.32398618,-897720.984932867,-1053790.33905331,-145,z,z
5036,5181,-1447660.14751064,-942607.03417951,-505053.113331133,-145,z,z
5037,5182,-1297572.83850322,-987493.083426154,-310079.755077071,-145,z,z
5038,5183,-786831.850215449,-1032379.1326728,245547.282457348,-145,z,z
5039,5184,-1616627.14630412,-1077265.18191944,-539361.964384675,-145,z,z
5040,5185,-1701557.89533702,-1122151.23116608,-579406.664170931,-145,z,z
5041,5186,-1529667.3800346,-807948.88643958,-721718.493595023,-145,z,z
5042,5187,-1744109.46914962,-852834.935686224,-891274.533463393,-145,z,z
5043,5188,-1433746.42629957,-897720.984932867,-536025.441366704,-145,z,z
5044,5189,-2145454.84324105,-942607.03417951,-1202847.80906154,-145,z,z
5045,5190,-536973.284720213,-987493.083426154,450519.798705941,-145,z,z
5046,5191,-1210224.21273118,-1032379.1326728,-177845.080058379,-145,z,z
5047,5192,-1198541.74806056,-1077265.18191944,-121276.566141124,-145,z,z
5048,5193,-1122151.23116608,-1122151.23116608,0,-145,z,z
5049,5194,-1889101.40472844,-807948.88643958,-1081152.51828886,-145,z,z
5050,5195,-1032501.87331279,-852834.935686224,-179666.937626565,-145,z,z
5051,5196,-2130343.09640152,-897720.984932867,-1232622.11146865,-145,z,z
5052,5197,-2198731.27443043,-942607.03417951,-1256124.24025092,-145,z,z
5053,5198,-1165059.23147937,-987493.083426154,-177566.148053212,-145,z,z
5054,5199,-646624.860239138,-1032379.1326728,385754.272433659,-145,z,z
5055,5200,-1278836.22278473,-1077265.18191944,-201571.04086529,-145,z,z
5056,5201,-1482306.13081341,-1122151.23116608,-360154.899647323,-145,z,z
5057,5202,-1370572.32272545,-807948.88643958,-562623.436285867,-145,z,z
5058,5203,-1407967.19902709,-852834.935686224,-555132.263340867,-145,z,z
5059,5204,-1474460.57502835,-897720.984932867,-576739.590095484,-145,z,z
5060,5205,-2443043.45033151,-942607.03417951,-1500436.416152,-145,z,z
5061,5206,-1315446.86070478,-987493.083426154,-327953.777278631,-145,z,z
5062,5207,-882260.375499328,-1032379.1326728,150118.757173469,-145,z,z
5063,5208,-1025901.5026218,-1077265.18191944,51363.6792976393,-145,z,z
5064,5209,-755928.404806377,-1122151.23116608,366222.826359707,-145,z,z
5065,5210,-1740598.89738134,-807948.88643958,-932650.010941755,-145,z,z
5066,5211,-1696783.06457349,-852834.935686224,-843948.128887267,-145,z,z
5067,5212,-301471.503993038,-897720.984932867,596249.480939829,-145,z,z
5068,5213,-1038819.14606584,-942607.03417951,-96212.1118863267,-145,z,z
5069,5214,-905476.514630667,-987493.083426154,82016.5687954864,-145,z,z
5070,5215,-201604.855076403,-1032379.1326728,830774.277596394,-145,z,z
5071,5216,-946009.079656119,-1077265.18191944,131256.102263322,-145,z,z
5072,5217,-1043082.19990441,-1122151.23116608,79069.031261669,-145,z,z
5073,5218,-1010355.31661036,-807948.88643958,-202406.430170777,-145,z,z
5074,5219,-1873450.87102673,-852834.935686224,-1020615.93534051,-145,z,z
5075,5220,-1389753.74161022,-897720.984932867,-492032.756677351,-145,z,z
5076,5221,-1245669.9249631,-942607.03417951,-303062.890783585,-145,z,z
5077,5222,-755358.576206831,-987493.083426154,232134.507219323,-145,z,z
5078,5223,-1551962.06045195,-1032379.1326728,-519582.927779154,-145,z,z
5079,5224,-1633495.57952353,-1077265.18191944,-556230.397604094,-145,z,z
5080,5225,-1468480.68483322,-1122151.23116608,-346329.453667135,-145,z,z
5081,5226,-1674345.09038363,-807948.88643958,-866396.203944051,-145,z,z
5082,5227,-1376396.56924759,-852834.935686224,-523561.633561365,-145,z,z
5083,5228,-2059636.64951141,-897720.984932867,-1161915.66457854,-145,z,z
5084,5229,-515494.353331404,-942607.03417951,427112.680848106,-145,z,z
5085,5230,-1161815.24422193,-987493.083426154,-174322.160795776,-145,z,z
5086,5231,-1150600.07813814,-1032379.1326728,-118220.945465345,-145,z,z
5087,5232,-1077265.18191944,-1077265.18191944,0,-145,z,z
5088,5233,-1813537.3485393,-1122151.23116608,-691386.11737322,-145,z,z
5089,5234,-991201.798380277,-807948.88643958,-183252.911940697,-145,z,z
5090,5235,-2045129.37254546,-852834.935686224,-1192294.43685924,-145,z,z
5091,5236,-2110782.02345321,-897720.984932867,-1213061.03852035,-145,z,z
5092,5237,-1118456.86222019,-942607.03417951,-175849.828040681,-145,z,z
5093,5238,-620759.865829572,-987493.083426154,366733.217596582,-145,z,z
5094,5239,-1227682.77387334,-1032379.1326728,-195303.641200544,-145,z,z
5095,5240,-1423013.88558087,-1077265.18191944,-345748.70366143,-145,z,z
5096,5241,-1315749.42981643,-1122151.23116608,-193598.198650345,-145,z,z
5097,5242,-1351648.51106601,-807948.88643958,-543699.624626427,-145,z,z
5098,5243,-1415482.15202722,-852834.935686224,-562647.216340993,-145,z,z
5099,5244,-2345321.71231825,-897720.984932867,-1447600.72738538,-145,z,z
5100,5245,-1262828.98627659,-942607.03417951,-320221.952097083,-145,z,z
5101,5246,-846969.960479355,-987493.083426154,140523.122946799,-145,z,z
5102,5247,-984865.442516929,-1032379.1326728,47513.690155868,-145,z,z
5103,5248,-725691.268614122,-1077265.18191944,351573.913305319,-145,z,z
5104,5249,-1670974.94148608,-1122151.23116608,-548823.710319998,-145,z,z
5105,5250,-1628911.74199055,-807948.88643958,-820962.855550971,-145,z,z
5106,5251,-289412.643833317,-852834.935686224,563422.291852907,-145,z,z
5107,5252,-997266.380223204,-897720.984932867,-99545.3952903365,-145,z,z
5108,5253,-869257.454045441,-942607.03417951,73349.5801340696,-145,z,z
5109,5254,-193540.660873347,-987493.083426154,793952.422552807,-145,z,z
5110,5255,-906592.034670447,-1032379.1326728,125787.09800235,-145,z,z
5111,5256,-999620.441575064,-1077265.18191944,77644.7403443762,-145,z,z
5112,5257,-968257.178418259,-1122151.23116608,153894.052747825,-145,z,z
5113,5258,-1795390.41806729,-807948.88643958,-987441.531627706,-145,z,z
5114,5259,-1331847.33570979,-852834.935686224,-479012.400023568,-145,z,z
5115,5260,-1193767.01142297,-897720.984932867,-296046.0264901,-145,z,z
5116,5261,-723885.302198213,-942607.03417951,218721.731981298,-145,z,z
5117,5262,-1487296.97459979,-987493.083426154,-499803.891173633,-145,z,z
5118,5263,-1565433.26371005,-1032379.1326728,-533054.131037257,-145,z,z
5119,5264,-1407293.98963183,-1077265.18191944,-330028.807712395,-145,z,z
5120,5265,-1604580.71161765,-1122151.23116608,-482429.480451563,-145,z,z
5121,5266,-1319046.71219561,-807948.88643958,-511097.825756025,-145,z,z
5122,5267,-1973818.45578176,-852834.935686224,-1120983.52009554,-145,z,z
5123,5268,-494015.421942596,-897720.984932867,403705.562990271,-145,z,z
5124,5269,-1113406.27571268,-942607.03417951,-170799.241533172,-145,z,z
5125,5270,-1102658.40821572,-987493.083426154,-115165.324789566,-145,z,z
5126,5271,-1032379.1326728,-1032379.1326728,0,-145,z,z
5127,5272,-1737973.29235017,-1077265.18191944,-660708.110430726,-145,z,z
5128,5273,-949901.723447766,-1122151.23116608,172249.507718318,-145,z,z
5129,5274,-1959915.6486894,-807948.88643958,-1151966.76224982,-145,z,z
5130,5275,-2022832.772476,-852834.935686224,-1169997.83678977,-145,z,z
5131,5276,-1071854.49296102,-897720.984932867,-174133.50802815,-145,z,z
5132,5277,-594894.871420007,-942607.03417951,347712.162759504,-145,z,z
5133,5278,-1176529.32496195,-987493.083426154,-189036.241535798,-145,z,z
5134,5279,-1363721.64034833,-1032379.1326728,-331342.507675537,-145,z,z
5135,5280,-1260926.53690741,-1077265.18191944,-183661.354987971,-145,z,z
5136,5281,-1295329.82310492,-1122151.23116608,-173178.59193884,-145,z,z
5137,5282,-1356503.72902608,-807948.88643958,-548554.842586502,-145,z,z
5138,5283,-2247599.97430499,-852834.935686224,-1394765.03861876,-145,z,z
5139,5284,-1210211.1118484,-897720.984932867,-312490.126915534,-145,z,z
5140,5285,-811679.545459382,-942607.03417951,130927.488720128,-145,z,z
5141,5286,-943829.382412057,-987493.083426154,43663.7010140966,-145,z,z
5142,5287,-695454.132421866,-1032379.1326728,336925.000250931,-145,z,z
5143,5288,-1601350.98559083,-1077265.18191944,-524085.803671388,-145,z,z
5144,5289,-1561040.41940761,-1122151.23116608,-438889.188241528,-145,z,z
5145,5290,-277353.783673595,-807948.88643958,530595.102765985,-145,z,z
5146,5291,-955713.61438057,-852834.935686224,-102878.678694346,-145,z,z
5147,5292,-833038.393460214,-897720.984932867,64682.5914726529,-145,z,z
5148,5293,-185476.466670291,-942607.03417951,757130.56750922,-145,z,z
5149,5294,-867174.989684776,-987493.083426154,120318.093741378,-145,z,z
5150,5295,-956158.683245714,-1032379.1326728,76220.4494270835,-145,z,z
5151,5296,-926159.040226161,-1077265.18191944,151106.14169328,-145,z,z
5152,5297,-1717329.96510784,-1122151.23116608,-595178.733941756,-145,z,z
5153,5298,-1273940.92980937,-807948.88643958,-465992.043369786,-145,z,z
5154,5299,-1141864.09788284,-852834.935686224,-289029.162196614,-145,z,z
5155,5300,-692412.028189595,-897720.984932867,205308.956743272,-145,z,z
5156,5301,-1422631.88874762,-942607.03417951,-480024.854568112,-145,z,z
5157,5302,-1497370.94789657,-987493.083426154,-509877.86447042,-145,z,z
5158,5303,-1346107.29443045,-1032379.1326728,-313728.161757654,-145,z,z
5159,5304,-1534816.33285166,-1077265.18191944,-457551.150932222,-145,z,z
5160,5305,-1261696.85514362,-1122151.23116608,-139545.623977539,-145,z,z
5161,5306,-1888000.26205212,-807948.88643958,-1080051.37561254,-145,z,z
5162,5307,-472536.490553787,-852834.935686224,380298.445132437,-145,z,z
5163,5308,-1064997.30720344,-897720.984932867,-167276.322270568,-145,z,z
5164,5309,-1054716.7382933,-942607.03417951,-112109.704113786,-145,z,z
5165,5310,-987493.083426154,-987493.083426154,0,-145,z,z
5166,5311,-1662409.23616103,-1032379.1326728,-630030.103488232,-145,z,z
5167,5312,-908601.648515254,-1077265.18191944,168663.533404186,-145,z,z
5168,5313,-1874701.92483334,-1122151.23116608,-752550.693667255,-145,z,z
5169,5314,-1934883.52149878,-807948.88643958,-1126934.6350592,-145,z,z
5170,5315,-1025252.12370184,-852834.935686224,-172417.188015618,-145,z,z
5171,5316,-569029.877010441,-897720.984932867,328691.107922426,-145,z,z
5172,5317,-1125375.87605056,-942607.03417951,-182768.841871052,-145,z,z
5173,5318,-1304429.3951158,-987493.083426154,-316936.311689644,-145,z,z
5174,5319,-1206103.64399839,-1032379.1326728,-173724.511325596,-145,z,z
5175,5320,-1239011.13514384,-1077265.18191944,-161745.9532244,-145,z,z
5176,5321,-1297525.30602495,-1122151.23116608,-175374.074858865,-145,z,z
5177,5322,-2149878.23629173,-807948.88643958,-1341929.34985215,-145,z,z
5178,5323,-1157593.23742021,-852834.935686224,-304758.301733987,-145,z,z
5179,5324,-776389.130439409,-897720.984932867,121331.854493458,-145,z,z
5180,5325,-902793.322307185,-942607.03417951,39813.7118723253,-145,z,z
5181,5326,-665216.996229611,-987493.083426154,322276.087196542,-145,z,z
5182,5327,-1531727.02969558,-1032379.1326728,-499347.897022778,-145,z,z
5183,5328,-1493169.09682467,-1077265.18191944,-415903.914905232,-145,z,z
5184,5329,-265294.923513874,-1122151.23116608,856856.30765221,-145,z,z
5185,5330,-914160.848537937,-807948.88643958,-106211.962098356,-145,z,z
5186,5331,-796819.332874988,-852834.935686224,56015.6028112363,-145,z,z
5187,5332,-177412.272467235,-897720.984932867,720308.712465632,-145,z,z
5188,5333,-827757.944699104,-942607.03417951,114849.089480406,-145,z,z
5189,5334,-912696.924916363,-987493.083426154,74796.1585097908,-145,z,z
5190,5335,-884060.902034063,-1032379.1326728,148318.230638735,-145,z,z
5191,5336,-1639269.51214839,-1077265.18191944,-562004.330228952,-145,z,z
5192,5337,-1216034.52390894,-1122151.23116608,-93883.2927428565,-145,z,z
5193,5338,-1089961.18434271,-807948.88643958,-282012.297903128,-145,z,z
5194,5339,-660938.754180977,-852834.935686224,191896.181505247,-145,z,z
5195,5340,-1357966.80289546,-897720.984932867,-460245.81796259,-145,z,z
5196,5341,-1429308.63208309,-942607.03417951,-486701.597903582,-145,z,z
5197,5342,-1284920.59922907,-987493.083426154,-297427.515802913,-145,z,z
5198,5343,-1465051.95408568,-1032379.1326728,-432672.821412881,-145,z,z
5199,5344,-1204346.99809164,-1077265.18191944,-127081.816172199,-145,z,z
5200,5345,-1802182.06832248,-1122151.23116608,-680030.837156396,-145,z,z
5201,5346,-451057.559164979,-807948.88643958,356891.327274602,-145,z,z
5202,5347,-1016588.33869419,-852834.935686224,-163753.403007964,-145,z,z
5203,5348,-1006775.06837087,-897720.984932867,-109054.083438007,-145,z,z
5204,5349,-942607.03417951,-942607.03417951,0,-145,z,z
5205,5350,-1586845.17997189,-987493.083426154,-599352.096545737,-145,z,z
5206,5351,-867301.573582743,-1032379.1326728,165077.559090055,-145,z,z
5207,5352,-1789488.20097728,-1077265.18191944,-712223.019057837,-145,z,z
5208,5353,-1846934.27052156,-1122151.23116608,-724783.039355479,-145,z,z
5209,5354,-978649.754442668,-807948.88643958,-170700.868003087,-145,z,z
5210,5355,-543164.882600876,-852834.935686224,309670.053085348,-145,z,z
5211,5356,-1074222.42713917,-897720.984932867,-176501.442206306,-145,z,z
5212,5357,-1245137.14988326,-942607.03417951,-302530.115703751,-145,z,z
5213,5358,-1151280.75108938,-987493.083426154,-163787.667663222,-145,z,z
5214,5359,-1182692.44718276,-1032379.1326728,-150313.314509959,-145,z,z
5215,5360,-1238546.88302381,-1077265.18191944,-161281.701104374,-145,z,z
5216,5362,-2052156.49827847,-807948.88643958,-1244207.61183889,-146,z,z
5217,5363,-1104975.36299202,-852834.935686224,-252140.427305795,-146,z,z
5218,5364,-741098.715419436,-897720.984932867,156622.269513431,-146,z,z
5219,5365,-861757.262202313,-942607.03417951,80849.7719771974,-146,z,z
5220,5366,-634979.860037356,-987493.083426154,352513.223388798,-146,z,z
5221,5367,-1462103.07380032,-1032379.1326728,-429723.941127525,-146,z,z
5222,5369,-1425297.77424173,-807948.88643958,-617348.887802152,-147,z,z
5223,5370,-253236.063354152,-852834.935686224,599598.872332072,-147,z,z
5224,5371,-872608.082695303,-897720.984932867,25112.902237564,-147,z,z
5225,5372,-760600.272289761,-942607.03417951,182006.76188975,-147,z,z
5226,5373,-169348.078264179,-987493.083426154,818145.005161975,-147,z,z
5227,5375,-788340.899713433,-807948.88643958,19607.9867261479,-148,z,z
5228,5376,-869235.166587012,-852834.935686224,-16400.2309007887,-148,z,z
5229,5377,-841962.763841964,-897720.984932867,55758.2210909027,-148,z,z
5230,5378,-1561209.05918895,-942607.03417951,-618602.025009435,-148,z,z
5231,5380,-1158128.11800851,-807948.88643958,-350179.231568934,-149,z,z
5232,5381,-1038058.27080258,-852834.935686224,-185223.335116356,-149,z,z
5233,5382,-629465.480172359,-897720.984932867,268255.504760508,-149,z,z
5234,5384,-1293301.71704329,-807948.88643958,-485352.830603712,-150,z,z
5235,5385,-1361246.31626961,-852834.935686224,-508411.380583388,-150,z,z
5236,5387,-1223733.90402768,-807948.88643958,-415785.017588102,-151,z,z
5237,5390,-1395287.57531969,-132617418.611937,131222131.036617,-153,z,z
5238,5391,-1146997.14103966,-129217036.083425,128070038.942386,-153,z,z
5239,5392,-1716363.87459284,-125816653.554914,124100289.680321,-153,z,z
5240,5393,-429578.62777617,-122416271.026403,121986692.398627,-153,z,z
5241,5394,-968179.370184941,-119015888.497892,118047709.127707,-153,z,z
5242,5395,-958833.398448452,-115615505.969381,114656672.570932,-153,z,z
5243,5396,-897720.984932867,-112215123.440869,111317402.455937,-153,z,z
5244,5397,-1511281.12378275,-108814740.912358,107303459.788575,-153,z,z
5245,5398,-826001.498650231,-105414358.383847,104588356.885197,-153,z,z
5246,5399,-1704274.47712122,-102013975.855336,100309701.378215,-153,z,z
5247,5400,-1758985.01954434,-98613593.3268246,96854608.3072803,-153,z,z
5248,5401,-932047.385183493,-95213210.7983134,94281163.4131299,-153,z,z
5249,5402,-517299.88819131,-91812828.2698023,91295528.3816109,-153,z,z
5250,5403,-1023068.97822778,-88412445.7412911,87389376.7630633,-153,z,z
5251,5404,-1185844.90465073,-85012063.2127799,83826218.3081291,-153,z,z
5252,5405,-1096457.85818036,-81611680.6842687,80515222.8260883,-153,z,z
5253,5406,-1126373.75922167,-78211298.1557575,77084924.3965358,-153,z,z
5254,5407,-1179568.46002268,-74810915.6272463,73631347.1672236,-153,z,z
5255,5408,-1954434.76026521,-71410533.0987351,69456098.3384699,-153,z,z
5256,5409,-1052357.48856383,-68010150.5702239,66957793.0816601,-153,z,z
5257,5410,-705808.300399463,-64609768.0417127,63903959.7413132,-153,z,z
5258,5411,-820721.202097441,-61209385.5132015,60388664.3111041,-153,z,z
5259,5412,-604742.723845101,-57809002.9846903,57204260.2608452,-153,z,z
5260,5413,-1392479.11790507,-54408620.4561791,53016141.338274,-153,z,z
5261,5414,-1357426.45165879,-51008237.9276679,49650811.4760091,-153,z,z
5262,5415,-241177.20319443,-47607855.3991567,47366678.1959623,-153,z,z
5263,5416,-831055.31685267,-44207472.8706455,43376417.5537929,-153,z,z
5264,5417,-724381.211704534,-40807090.3421343,40082709.1304298,-153,z,z
5265,5418,-161283.884061122,-37406707.8136231,37245423.929562,-153,z,z
5266,5419,-748923.854727761,-34006325.2851119,33257401.4303842,-153,z,z
5267,5420,-825773.408257662,-30605942.7566008,29780169.3483431,-153,z,z
5268,5421,-799864.625649866,-27205560.2280896,26405695.6024397,-153,z,z
5269,5422,-1483148.6062295,-23805177.6995784,22322029.0933489,-153,z,z
5270,5423,-1100221.71210809,-20404795.1710672,19304573.4589591,-153,z,z
5271,5424,-986155.357262451,-17004412.642556,16018257.2852935,-153,z,z
5272,5425,-597992.206163741,-13604030.1140448,13006037.907881,-153,z,z
5273,5426,-1228636.63119113,-10203647.5855336,8975010.95434246,-153,z,z
5274,5427,-1293184.00045613,-6803265.05702239,5510081.05656626,-153,z,z
5275,5428,-1162547.2088263,-3402882.52851119,2240335.3196849,-153,z,z
5276,5429,-1325523.19655371,-2500,-1323023.19655371,-153,z,z
5277,5431,-1089647.28398767,-1360153.01140448,270505.727416804,-154,z,z
5278,5432,-1630545.6808632,-1435717.06759362,-194828.61326958,-154,z,z
5279,5433,-408099.696387362,-1511281.12378275,1103181.42739539,-154,z,z
5280,5434,-919770.401675694,-1586845.17997189,667074.778296197,-154,z,z
5281,5435,-910891.728526029,-1662409.23616103,751517.507635,-154,z,z
5282,5436,-852834.935686224,-1737973.29235017,885138.356663942,-154,z,z
5283,5437,-1435717.06759362,-1813537.3485393,377820.280945688,-154,z,z
5284,5438,-784701.42371772,-1889101.40472844,1104399.98101072,-154,z,z
5285,5439,-1619060.75326516,-1360153.01140448,-258907.741860678,-154,z,z
5286,5440,-1671035.76856713,-1435717.06759362,-235318.700973512,-154,z,z
5287,5441,-885445.015924318,-1511281.12378275,625836.107858435,-154,z,z
5288,5442,-491434.893781745,-1586845.17997189,1095410.28619015,-154,z,z
5289,5443,-971915.529316395,-1662409.23616103,690493.706844634,-154,z,z
5290,5444,-1126552.65941819,-1737973.29235017,611420.632931977,-154,z,z
5291,5445,-1041634.96527134,-1813537.3485393,771902.383267964,-154,z,z
5292,5446,-1070055.07126059,-1889101.40472844,819046.333467852,-154,z,z
5293,5447,-1120590.03702155,-1360153.01140448,239562.974382931,-154,z,z
5294,5448,-1856713.02225194,-1435717.06759362,-420995.954658329,-154,z,z
5295,5449,-999739.614135636,-1511281.12378275,511541.509647117,-154,z,z
5296,5450,-670517.885379489,-1586845.17997189,916327.294592401,-154,z,z
5297,5451,-779685.141992569,-1662409.23616103,882724.09416846,-154,z,z
5298,5452,-574505.587652846,-1737973.29235017,1163467.70469732,-154,z,z
5299,5453,-1322855.16200982,-1813537.3485393,490682.186529489,-154,z,z
5300,5454,-1289555.12907585,-1889101.40472844,599546.275652588,-154,z,z
5301,5455,-229118.343034709,-1360153.01140448,1131034.66836977,-154,z,z
5302,5456,-789502.551010036,-1435717.06759362,646214.516583579,-154,z,z
5303,5457,-688162.151119307,-1511281.12378275,823118.972663446,-154,z,z
5304,5458,-153219.689858066,-1586845.17997189,1433625.49011382,-154,z,z
5305,5459,-709506.809742089,-1662409.23616103,952902.426418939,-154,z,z
5306,5460,-782311.649928311,-1737973.29235017,955661.642421855,-154,z,z
5307,5461,-757766.487457768,-1813537.3485393,1055770.86108154,-154,z,z
5308,5462,-1405088.15327005,-1889101.40472844,484013.251458391,-154,z,z
5309,5463,-1042315.30620766,-1360153.01140448,317837.705196815,-154,z,z
5310,5464,-934252.443722322,-1435717.06759362,501464.623871294,-154,z,z
5311,5465,-566518.932155123,-1511281.12378275,944762.19162763,-154,z,z
5312,5466,-1163971.54533896,-1586845.17997189,422873.634632928,-154,z,z
5313,5467,-1225121.68464265,-1662409.23616103,437287.551518378,-154,z,z
5314,5468,-1101360.51362491,-1737973.29235017,636612.778725252,-154,z,z
5315,5469,-1255758.81778772,-1813537.3485393,557778.53075158,-154,z,z
5316,5470,-1032297.42693569,-1889101.40472844,856803.97779275,-154,z,z
5317,5471,-1544727.48713355,-1360153.01140448,-184574.475729076,-154,z,z
5318,5472,-386620.764998553,-1435717.06759362,1049096.30259506,-154,z,z
5319,5473,-871361.433166447,-1511281.12378275,639919.690616306,-154,z,z
5320,5474,-862950.058603606,-1586845.17997189,723895.121368285,-154,z,z
5321,5475,-807948.88643958,-1662409.23616103,854460.349721448,-154,z,z
5322,5476,-1360153.01140448,-1737973.29235017,377820.280945688,-154,z,z
5323,5477,-743401.348785208,-1813537.3485393,1070135.9997541,-154,z,z
5324,5478,-1533847.0294091,-1889101.40472844,355254.375319346,-154,z,z
5325,5479,-1583086.51758991,-1360153.01140448,-222933.506185433,-154,z,z
5326,5480,-838842.646665144,-1435717.06759362,596874.420928472,-154,z,z
5327,5481,-465569.899372179,-1511281.12378275,1045711.22441057,-154,z,z
5328,5482,-920762.080405006,-1586845.17997189,666083.099566885,-154,z,z
5329,5483,-1067260.41418565,-1662409.23616103,595148.821975376,-154,z,z
5330,5484,-986812.072362322,-1737973.29235017,751161.219987844,-154,z,z
5331,5485,-1013736.38329951,-1813537.3485393,799800.965239798,-154,z,z
5332,5486,-1061611.61402041,-1889101.40472844,827489.790708029,-154,z,z
5333,5487,-1758991.28423868,-1360153.01140448,-398838.272834207,-154,z,z
5334,5488,-947121.739707445,-1435717.06759362,488595.327886171,-154,z,z
5335,5489,-635227.470359516,-1511281.12378275,876053.653423237,-154,z,z
5336,5490,-738649.081887697,-1586845.17997189,848196.098084194,-154,z,z
5337,5491,-544268.451460591,-1662409.23616103,1118140.78470044,-154,z,z
5338,5492,-1253231.20611456,-1737973.29235017,484742.086235605,-154,z,z
5339,5493,-1221683.80649291,-1813537.3485393,591853.54204639,-154,z,z
5340,5494,-217059.482874987,-1889101.40472844,1672041.92185345,-154,z,z
5341,5495,-747949.785167403,-1360153.01140448,612203.226237075,-154,z,z
5342,5496,-651943.090534081,-1435717.06759362,783773.977059535,-154,z,z
5343,5497,-145155.49565501,-1511281.12378275,1366125.62812774,-154,z,z
5344,5498,-31930306.438394,-1586845.17997189,-30343461.2584221,-154,z,z
5345,5499,-35206524.246774,-1662409.23616103,-33544115.010613,-154,z,z
5346,5500,-34101991.9355995,-1737973.29235017,-32364018.6432494,-154,z,z
5347,5501,-63231466.8971523,-1813537.3485393,-61417929.548613,-154,z,z
5348,5502,-46906688.7793448,-1889101.40472844,-45017587.3746164,-154,z,z
5349,5503,-42043859.9675045,-1360153.01140448,-40683706.9561,-154,z,z
5350,5504,-25495851.9469805,-1435717.06759362,-24060134.8793869,-154,z,z
5351,5505,-52381219.5402533,-1511281.12378275,-50869938.4164706,-154,z,z
5352,5506,-55132975.8089193,-1586845.17997189,-53546130.6289474,-154,z,z
5353,5507,-49563723.1131211,-1662409.23616103,-47901313.8769601,-154,z,z
5354,5508,-56511646.8004476,-1737973.29235017,-54773673.5080974,-154,z,z
5355,5509,-46455884.2121061,-1813537.3485393,-44642346.8635668,-154,z,z
5356,5510,-69515236.9210099,-1889101.40472844,-67626135.5162815,-154,z,z
5357,5511,-17400434.4249349,-1360153.01140448,-16040281.4135304,-154,z,z
5358,5512,-39213764.4924901,-1435717.06759362,-37778047.4248965,-154,z,z
5359,5513,-38835252.6371623,-1511281.12378275,-37323971.5133795,-154,z,z
5360,5514,-36360199.8897811,-1586845.17997189,-34773354.7098092,-154,z,z
5361,5515,-61209385.5132015,-1662409.23616103,-59546976.2770405,-154,z,z
5362,5516,-33455560.6953344,-1737973.29235017,-31717587.4029842,-154,z,z
5363,5517,-69025616.3234093,-1813537.3485393,-67212078.97487,-154,z,z
5364,5518,-71241393.291546,-1889101.40472844,-69352291.8868175,-154,z,z
5365,5519,-37750419.0999315,-1360153.01140448,-36390266.088527,-154,z,z
5366,5520,-20953145.4717481,-1435717.06759362,-19517428.4041544,-154,z,z
5367,5521,-41436793.6182252,-1511281.12378275,-39925512.4944425,-154,z,z
5368,5522,-48029218.6383544,-1586845.17997189,-46442373.4583825,-154,z,z
5369,5523,-44409043.2563045,-1662409.23616103,-42746634.0201435,-154,z,z
5370,5524,-45620637.2484778,-1737973.29235017,-43882663.9561276,-154,z,z
5371,5525,-47775022.6309186,-1813537.3485393,-45961485.2823793,-154,z,z
5372,5526,-79157107.7907408,-1889101.40472844,-77268006.3860124,-154,z,z
5373,5527,-42622978.286835,-1360153.01140448,-41262825.2754305,-154,z,z
5374,5528,-28587736.1661782,-1435717.06759362,-27152019.0985846,-154,z,z
5375,5529,-33241708.6849464,-1511281.12378275,-31730427.5611636,-154,z,z
5376,5530,-24494580.3157266,-1586845.17997189,-22907735.1357547,-154,z,z
5377,5531,-56397904.2751553,-1662409.23616103,-54735495.0389942,-154,z,z
5378,5532,-54978271.2921811,-1737973.29235017,-53240297.9998309,-154,z,z
5379,5533,-9770176.72937443,-1813537.3485393,-7956639.38083513,-154,z,z
5380,5534,-33660240.3325331,-1889101.40472844,-31771138.9278047,-154,z,z
5381,5535,-29339939.0740336,-1360153.01140448,-27979786.0626291,-154,z,z
5382,5536,-6534497.30447546,-1435717.06759362,-5098780.23688184,-154,z,z
5383,5537,-985426.124641791,-1511281.12378275,525854.999140963,-154,z,z
5384,5538,-1086543.95823377,-1586845.17997189,500301.221738125,-154,z,z
5385,5539,-1052453.45480246,-1662409.23616103,609955.781358573,-154,z,z
5386,5540,-1951511.32398618,-1737973.29235017,-213538.031636015,-154,z,z
5387,5541,-1447660.14751064,-1813537.3485393,365877.20102866,-154,z,z
5388,5542,-1297572.83850322,-1889101.40472844,591528.566225217,-154,z,z
5389,5543,-786831.850215449,-1360153.01140448,573321.161189029,-154,z,z
5390,5544,-1616627.14630412,-1435717.06759362,-180910.0787105,-154,z,z
5391,5545,-1701557.89533702,-1511281.12378275,-190276.771554262,-154,z,z
5392,5546,-1529667.3800346,-1586845.17997189,57177.7999372876,-154,z,z
5393,5547,-1744109.46914962,-1662409.23616103,-81700.2329885876,-154,z,z
5394,5548,-1433746.42629957,-1737973.29235017,304226.866050595,-154,z,z
5395,5549,-2145454.84324105,-1813537.3485393,-331917.494701743,-154,z,z
5396,5550,-536973.284720213,-1889101.40472844,1352128.12000823,-154,z,z
5397,5551,-1210224.21273118,-1360153.01140448,149928.798673302,-154,z,z
5398,5552,-1198541.74806056,-1435717.06759362,237175.319533051,-154,z,z
5399,5553,-1122151.23116608,-1511281.12378275,389129.892616669,-154,z,z
5400,5554,-1889101.40472844,-1586845.17997189,-302256.224756551,-154,z,z
5401,5555,-1032501.87331279,-1662409.23616103,629907.36284824,-154,z,z
5402,5556,-2130343.09640152,-1737973.29235017,-392369.804051355,-154,z,z
5403,5557,-2198731.27443043,-1813537.3485393,-385193.925891128,-154,z,z
5404,5558,-1165059.23147937,-1889101.40472844,724042.173249076,-154,z,z
5405,5559,-646624.860239138,-1360153.01140448,713528.15116534,-154,z,z
5406,5560,-1278836.22278473,-1435717.06759362,156880.844808886,-154,z,z
5407,5561,-1482306.13081341,-1511281.12378275,28974.9929693462,-154,z,z
5408,5562,-1370572.32272545,-1586845.17997189,216272.857246444,-154,z,z
5409,5563,-1407967.19902709,-1662409.23616103,254442.037133938,-154,z,z
5410,5564,-1474460.57502835,-1737973.29235017,263512.717321815,-154,z,z
5411,5565,-2443043.45033151,-1813537.3485393,-629506.101792203,-154,z,z
5412,5566,-1315446.86070478,-1889101.40472844,573654.544023657,-154,z,z
5413,5567,-882260.375499328,-1360153.01140448,477892.63590515,-154,z,z
5414,5568,-1025901.5026218,-1435717.06759362,409815.564971814,-154,z,z
5415,5569,-755928.404806377,-1511281.12378275,755352.718976377,-154,z,z
5416,5570,-1740598.89738134,-1586845.17997189,-153753.717409445,-154,z,z
5417,5571,-1696783.06457349,-1662409.23616103,-34373.8284124625,-154,z,z
5418,5572,-301471.503993038,-1737973.29235017,1436501.78835713,-154,z,z
5419,5573,-1038819.14606584,-1813537.3485393,774718.202473467,-154,z,z
5420,5574,-905476.514630667,-1889101.40472844,983624.890097774,-154,z,z
5421,5575,-201604.855076403,-1360153.01140448,1158548.15632807,-154,z,z
5422,5576,-946009.079656119,-1435717.06759362,489707.987937497,-154,z,z
5423,5577,-1043082.19990441,-1511281.12378275,468198.923878338,-154,z,z
5424,5578,-1010355.31661036,-1586845.17997189,576489.863361534,-154,z,z
5425,5579,-1873450.87102673,-1662409.23616103,-211041.634865705,-154,z,z
5426,5580,-1389753.74161022,-1737973.29235017,348219.550739948,-154,z,z
5427,5581,-1245669.9249631,-1813537.3485393,567867.423576208,-154,z,z
5428,5582,-755358.576206831,-1889101.40472844,1133742.82852161,-154,z,z
5429,5583,-1551962.06045195,-1360153.01140448,-191809.049047473,-154,z,z
5430,5584,-1633495.57952353,-1435717.06759362,-197778.511929919,-154,z,z
5431,5585,-1468480.68483322,-1511281.12378275,42800.4389495342,-154,z,z
5432,5586,-1674345.09038363,-1586845.17997189,-87499.9104117409,-154,z,z
5433,5587,-1376396.56924759,-1662409.23616103,286012.66691344,-154,z,z
5434,5588,-2059636.64951141,-1737973.29235017,-321663.357161239,-154,z,z
5435,5589,-515494.353331404,-1813537.3485393,1298042.9952079,-154,z,z
5436,5590,-1161815.24422193,-1889101.40472844,727286.160506512,-154,z,z
5437,5591,-1150600.07813814,-1360153.01140448,209552.933266336,-154,z,z
5438,5592,-1077265.18191944,-1435717.06759362,358451.885674175,-154,z,z
5439,5593,-1813537.3485393,-1511281.12378275,-302256.224756551,-154,z,z
5440,5594,-991201.798380277,-1586845.17997189,595643.381591614,-154,z,z
5441,5595,-2045129.37254546,-1662409.23616103,-382720.136384432,-154,z,z
5442,5596,-2110782.02345321,-1737973.29235017,-372808.731103048,-154,z,z
5443,5597,-1118456.86222019,-1813537.3485393,695080.486319112,-154,z,z
5444,5598,-620759.865829572,-1889101.40472844,1268341.53889887,-154,z,z
5445,5599,-1227682.77387334,-1360153.01140448,132470.237531137,-154,z,z
5446,5600,-1423013.88558087,-1435717.06759362,12703.1820127452,-154,z,z
5447,5601,-1315749.42981643,-1511281.12378275,195531.693966324,-154,z,z
5448,5602,-1351648.51106601,-1586845.17997189,235196.668905883,-154,z,z
5449,5603,-1415482.15202722,-1662409.23616103,246927.084133812,-154,z,z
5450,5604,-2345321.71231825,-1737973.29235017,-607348.41996808,-154,z,z
5451,5605,-1262828.98627659,-1813537.3485393,550708.362262711,-154,z,z
5452,5606,-846969.960479355,-1889101.40472844,1042131.44424909,-154,z,z
5453,5607,-984865.442516929,-1360153.01140448,375287.568887549,-154,z,z
5454,5608,-725691.268614122,-1435717.06759362,710025.798979494,-154,z,z
5455,5609,-1670974.94148608,-1511281.12378275,-159693.817703329,-154,z,z
5456,5610,-1628911.74199055,-1586845.17997189,-42066.5620186606,-154,z,z
5457,5611,-289412.643833317,-1662409.23616103,1372996.59232771,-154,z,z
5458,5612,-997266.380223204,-1737973.29235017,740706.912126963,-154,z,z
5459,5613,-869257.454045441,-1813537.3485393,944279.894493863,-154,z,z
5460,5614,-193540.660873347,-1889101.40472844,1695560.74385509,-154,z,z
5461,5615,-906592.034670447,-1360153.01140448,453560.976734031,-154,z,z
5462,5616,-999620.441575064,-1435717.06759362,436096.626018551,-154,z,z
5463,5617,-968257.178418259,-1511281.12378275,543023.945364494,-154,z,z
5464,5618,-1795390.41806729,-1586845.17997189,-208545.238095396,-154,z,z
5465,5619,-1331847.33570979,-1662409.23616103,330561.900451237,-154,z,z
5466,5620,-1193767.01142297,-1737973.29235017,544206.280927199,-154,z,z
5467,5621,-723885.302198213,-1813537.3485393,1089652.04634109,-154,z,z
5468,5622,-1487296.97459979,-1889101.40472844,401804.430128655,-154,z,z
5469,5623,-1565433.26371005,-1360153.01140448,-205280.252305576,-154,z,z
5470,5624,-1407293.98963183,-1435717.06759362,28423.0779617806,-154,z,z
5471,5625,-1604580.71161765,-1511281.12378275,-93299.5878348937,-154,z,z
5472,5626,-1319046.71219561,-1586845.17997189,267798.467776285,-154,z,z
5473,5627,-1973818.45578176,-1662409.23616103,-311409.219620735,-154,z,z
5474,5628,-494015.421942596,-1737973.29235017,1243957.87040757,-154,z,z
5475,5629,-1113406.27571268,-1813537.3485393,700131.072826621,-154,z,z
5476,5630,-1102658.40821572,-1889101.40472844,786442.996512722,-154,z,z
5477,5631,-1032379.1326728,-1360153.01140448,327773.878731681,-154,z,z
5478,5632,-1737973.29235017,-1435717.06759362,-302256.224756551,-154,z,z
5479,5633,-949901.723447766,-1511281.12378275,561379.400334988,-154,z,z
5480,5634,-1959915.6486894,-1586845.17997189,-373070.468717509,-154,z,z
5481,5635,-2022832.772476,-1662409.23616103,-360423.536314968,-154,z,z
5482,5636,-1071854.49296102,-1737973.29235017,666118.799389149,-154,z,z
5483,5637,-594894.871420007,-1813537.3485393,1218642.4771193,-154,z,z
5484,5638,-1176529.32496195,-1889101.40472844,712572.07976649,-154,z,z
5485,5639,-1363721.64034833,-1360153.01140448,-3568.62894385657,-154,z,z
5486,5640,-1260926.53690741,-1435717.06759362,174790.530686204,-154,z,z
5487,5641,-1295329.82310492,-1511281.12378275,215951.300677829,-154,z,z
5488,5642,-1356503.72902608,-1586845.17997189,230341.450945808,-154,z,z
5489,5643,-2247599.97430499,-1662409.23616103,-585190.738143957,-154,z,z
5490,5644,-1210211.1118484,-1737973.29235017,527762.180501765,-154,z,z
5491,5645,-811679.545459382,-1813537.3485393,1001857.80307992,-154,z,z
5492,5646,-943829.382412057,-1889101.40472844,945272.022316384,-154,z,z
5493,5647,-695454.132421866,-1360153.01140448,664698.878982611,-154,z,z
5494,5648,-1601350.98559083,-1435717.06759362,-165633.917997213,-154,z,z
5495,5649,-1561040.41940761,-1511281.12378275,-49759.2956248587,-154,z,z
5496,5650,-277353.783673595,-1586845.17997189,1309491.3962983,-154,z,z
5497,5651,-955713.61438057,-1662409.23616103,706695.621780459,-154,z,z
5498,5652,-833038.393460214,-1737973.29235017,904934.898889952,-154,z,z
5499,5653,-185476.466670291,-1813537.3485393,1628060.88186901,-154,z,z
5500,5654,-867174.989684776,-1889101.40472844,1021926.41504367,-154,z,z
5501,5655,-956158.683245714,-1360153.01140448,403994.328158764,-154,z,z
5502,5656,-926159.040226161,-1435717.06759362,509558.027367455,-154,z,z
5503,5657,-1717329.96510784,-1511281.12378275,-206048.841325087,-154,z,z
5504,5658,-1273940.92980937,-1586845.17997189,312904.250162525,-154,z,z
5505,5659,-1141864.09788284,-1662409.23616103,520545.138278191,-154,z,z
5506,5660,-692412.028189595,-1737973.29235017,1045561.26416057,-154,z,z
5507,5661,-1422631.88874762,-1813537.3485393,390905.459791682,-154,z,z
5508,5662,-1497370.94789657,-1889101.40472844,391730.456831868,-154,z,z
5509,5663,-1346107.29443045,-1360153.01140448,14045.7169740272,-154,z,z
5510,5664,-1534816.33285166,-1435717.06759362,-99099.2652580468,-154,z,z
5511,5665,-1261696.85514362,-1511281.12378275,249584.268639131,-154,z,z
5512,5666,-1888000.26205212,-1586845.17997189,-301155.08208023,-154,z,z
5513,5667,-472536.490553787,-1662409.23616103,1189872.74560724,-154,z,z
5514,5668,-1064997.30720344,-1737973.29235017,672975.985146731,-154,z,z
5515,5669,-1054716.7382933,-1813537.3485393,758820.610246007,-154,z,z
5516,5670,-987493.083426154,-1889101.40472844,901608.321302288,-154,z,z
5517,5671,-1662409.23616103,-1360153.01140448,-302256.224756551,-154,z,z
5518,5672,-908601.648515254,-1435717.06759362,527115.419078362,-154,z,z
5519,5673,-1874701.92483334,-1511281.12378275,-363420.801050586,-154,z,z
5520,5674,-1934883.52149878,-1586845.17997189,-348038.341526889,-154,z,z
5521,5675,-1025252.12370184,-1662409.23616103,637157.112459187,-154,z,z
5522,5676,-569029.877010441,-1737973.29235017,1168943.41533972,-154,z,z
5523,5677,-1125375.87605056,-1813537.3485393,688161.472488741,-154,z,z
5524,5679,-1304429.3951158,-1360153.01140448,55723.6162886799,-155,z,z
5525,5680,-1206103.64399839,-1435717.06759362,229613.423595222,-155,z,z
5526,5681,-1239011.13514384,-1511281.12378275,272269.988638913,-155,z,z
5527,5682,-1297525.30602495,-1586845.17997189,289319.873946942,-155,z,z
5528,5683,-2149878.23629173,-1662409.23616103,-487469.000130697,-155,z,z
5529,5684,-1157593.23742021,-1737973.29235017,580380.054929956,-155,z,z
5530,5686,-776389.130439409,-1360153.01140448,583763.880965069,-156,z,z
5531,5687,-902793.322307185,-1435717.06759362,532923.745286431,-156,z,z
5532,5688,-665216.996229611,-1511281.12378275,846064.127553142,-156,z,z
5533,5689,-1531727.02969558,-1586845.17997189,55118.1502763156,-156,z,z
5534,5690,-1493169.09682467,-1662409.23616103,169240.139336356,-156,z,z
5535,5692,-265294.923513874,-1360153.01140448,1094858.0878906,-157,z,z
5536,5693,-914160.848537937,-1435717.06759362,521556.219055679,-157,z,z
5537,5694,-796819.332874988,-1511281.12378275,714461.790907766,-157,z,z
5538,5695,-177412.272467235,-1586845.17997189,1409432.90750466,-157,z,z
5539,5697,-827757.944699104,-1360153.01140448,532395.066705374,-158,z,z
5540,5698,-912696.924916363,-1435717.06759362,523020.142677253,-158,z,z
5541,5699,-884060.902034063,-1511281.12378275,627220.221748691,-158,z,z
5542,5701,-1639269.51214839,-1360153.01140448,-279116.500743914,-159,z,z
5543,5702,-1216034.52390894,-1435717.06759362,219682.543684675,-159,z,z
5544,5704,-1089961.18434271,-1360153.01140448,270191.827061769,-160,z,z
5545,5707,-660938.754180977,-72484131.5065578,71823192.7523768,-162,z,z
5546,5708,-1357966.80289546,-70625628.1345947,69267661.3316993,-162,z,z
5547,5709,-1429308.63208309,-68767124.7626317,67337816.1305486,-162,z,z
5548,5710,-1284920.59922907,-66908621.3906687,65623700.7914396,-162,z,z
5549,5711,-1465051.95408568,-65050118.0187057,63585066.06462,-162,z,z
5550,5712,-1204346.99809164,-63191614.6467427,61987267.648651,-162,z,z
5551,5713,-1802182.06832248,-61333111.2747796,59530929.2064572,-162,z,z
5552,5714,-451057.559164979,-59474607.9028166,59023550.3436516,-162,z,z
5553,5715,-1016588.33869419,-57616104.5308536,56599516.1921594,-162,z,z
5554,5716,-1006775.06837087,-55757601.1588906,54750826.0905197,-162,z,z
5555,5717,-942607.03417951,-53899097.7869276,52956490.7527481,-162,z,z
5556,5718,-1586845.17997189,-52040594.4149645,50453749.2349927,-162,z,z
5557,5719,-867301.573582743,-50182091.0430015,49314789.4694188,-162,z,z
5558,5720,-1789488.20097728,-48323587.6710385,46534099.4700612,-162,z,z
5559,5721,-1846934.27052156,-46465084.2990755,44618150.0285539,-162,z,z
5560,5722,-978649.754442668,-44606580.9271125,43627931.1726698,-162,z,z
5561,5723,-543164.882600876,-42748077.5551495,42204912.6725486,-162,z,z
5562,5724,-1074222.42713917,-40889574.1831864,39815351.7560473,-162,z,z
5563,5725,-1245137.14988326,-39031070.8112234,37785933.6613401,-162,z,z
5564,5726,-1151280.75108938,-37172567.4392604,36021286.688171,-162,z,z
5565,5727,-1182692.44718276,-35314064.0672974,34131371.6201146,-162,z,z
5566,5728,-1238546.88302381,-33455560.6953344,32217013.8123105,-162,z,z
5567,5729,-2052156.49827847,-31597057.3233713,29544900.8250929,-162,z,z
5568,5730,-1104975.36299202,-29738553.9514083,28633578.5884163,-162,z,z
5569,5731,-741098.715419436,-27880050.5794453,27138951.8640259,-162,z,z
5570,5732,-861757.262202313,-26021547.2074823,25159789.94528,-162,z,z
5571,5733,-634979.860037356,-24163043.8355193,23528063.9754819,-162,z,z
5572,5734,-1462103.07380032,-22304540.4635562,20842437.3897559,-162,z,z
5573,5735,-1425297.77424173,-20446037.0915932,19020739.3173515,-162,z,z
5574,5736,-253236.063354152,-18587533.7196302,18334297.656276,-162,z,z
5575,5737,-872608.082695303,-16729030.3476672,15856422.2649719,-162,z,z
5576,5738,-760600.272289761,-14870526.9757042,14109926.7034144,-162,z,z
5577,5739,-169348.078264179,-13012023.6037411,12842675.525477,-162,z,z
5578,5740,-788340.899713433,-11153520.2317781,10365179.3320647,-162,z,z
5579,5741,-869235.166587012,-9295016.8598151,8425781.69322809,-162,z,z
5580,5742,-841962.763841964,-7436513.48785208,6594550.72401011,-162,z,z
5581,5743,-1561209.05918895,-5578010.11588906,4016801.05670011,-162,z,z
5582,5744,-1158128.11800851,-3719506.74392604,2561378.62591752,-162,z,z
5583,5745,-1038058.27080258,-1861003.37196302,822945.10116044,-162,z,z
5584,5746,-629465.480172359,-2500,-626965.480172359,-162,z,z
5585,5748,-1293301.71704329,-743401.348785208,-549900.368258085,-163,z,z
5586,5749,-1361246.31626961,-784701.42371772,-576544.892551893,-163,z,z
5587,5750,-1223733.90402768,-826001.498650231,-397732.405377452,-163,z,z
5588,5751,-1395287.57531969,-867301.573582743,-527986.001736951,-163,z,z
5589,5752,-1146997.14103966,-908601.648515254,-238395.492524403,-163,z,z
5590,5753,-1716363.87459284,-949901.723447766,-766462.151145072,-163,z,z
5591,5754,-429578.62777617,-991201.798380277,561623.170604107,-163,z,z
5592,5755,-968179.370184941,-1032501.87331279,64322.5031278476,-163,z,z
5593,5756,-958833.398448452,-743401.348785208,-215432.049663244,-163,z,z
5594,5757,-897720.984932867,-784701.42371772,-113019.561215148,-163,z,z
5595,5758,-1511281.12378275,-826001.498650231,-685279.625132522,-163,z,z
5596,5759,-826001.498650231,-867301.573582743,41300.0749325115,-163,z,z
5597,5760,-1704274.47712122,-908601.648515254,-795672.828605963,-163,z,z
5598,5761,-1758985.01954434,-949901.723447766,-809083.296096579,-163,z,z
5599,5762,-932047.385183493,-991201.798380277,59154.4131967843,-163,z,z
5600,5763,-517299.88819131,-1032501.87331279,515201.985121479,-163,z,z
5601,5764,-1023068.97822778,-743401.348785208,-279667.629442576,-163,z,z
5602,5765,-1185844.90465073,-784701.42371772,-401143.480933006,-163,z,z
5603,5766,-1096457.85818036,-826001.498650231,-270456.359530127,-163,z,z
5604,5767,-1126373.75922167,-867301.573582743,-259072.18563893,-163,z,z
5605,5768,-1179568.46002268,-908601.648515254,-270966.811507427,-163,z,z
5606,5769,-1954434.76026521,-949901.723447766,-1004533.03681744,-163,z,z
5607,5770,-1052357.48856383,-991201.798380277,-61155.6901835501,-163,z,z
5608,5771,-705808.300399463,-1032501.87331279,326693.572913326,-163,z,z
5609,5772,-820721.202097441,-743401.348785208,-77319.8533122331,-163,z,z
5610,5773,-604742.723845101,-784701.42371772,179958.699872618,-163,z,z
5611,5774,-1392479.11790507,-826001.498650231,-566477.619254838,-163,z,z
5612,5775,-1357426.45165879,-867301.573582743,-490124.87807605,-163,z,z
5613,5776,-241177.20319443,-908601.648515254,667424.445320824,-163,z,z
5614,5777,-831055.31685267,-949901.723447766,118846.406595096,-163,z,z
5615,5778,-724381.211704534,-991201.798380277,266820.586675743,-163,z,z
5616,5779,-161283.884061122,-1032501.87331279,871217.989251666,-163,z,z
5617,5780,-748923.854727761,-743401.348785208,-5522.50594255293,-163,z,z
5618,5781,-825773.408257662,-784701.42371772,-41071.9845399424,-163,z,z
5619,5782,-799864.625649866,-826001.498650231,26136.8730003649,-163,z,z
5620,5783,-1483148.6062295,-867301.573582743,-615847.032646755,-163,z,z
5621,5784,-1100221.71210809,-908601.648515254,-191620.063592835,-163,z,z
5622,5785,-986155.357262451,-949901.723447766,-36253.6338146852,-163,z,z
5623,5786,-597992.206163741,-991201.798380277,393209.592216536,-163,z,z
5624,5787,-1228636.63119113,-1032501.87331279,-196134.757878339,-163,z,z
5625,5788,-1293184.00045613,-743401.348785208,-549782.651670924,-163,z,z
5626,5789,-1162547.2088263,-784701.42371772,-377845.785108579,-163,z,z
5627,5790,-1325523.19655371,-826001.498650231,-499521.697903477,-163,z,z
5628,5791,-1089647.28398767,-867301.573582743,-222345.710404932,-163,z,z
5629,5792,-1630545.6808632,-908601.648515254,-721944.032347941,-163,z,z
5630,5793,-408099.696387362,-949901.723447766,541802.027060404,-163,z,z
5631,5794,-919770.401675694,-991201.798380277,71431.3967045831,-163,z,z
5632,5795,-910891.728526029,-1032501.87331279,121610.14478676,-163,z,z
5633,5796,-852834.935686224,-743401.348785208,-109433.586901016,-163,z,z
5634,5797,-1435717.06759362,-784701.42371772,-651015.643875896,-163,z,z
5635,5798,-784701.42371772,-826001.498650231,41300.0749325115,-163,z,z
5636,5799,-1619060.75326516,-867301.573582743,-751759.179682414,-163,z,z
5637,5800,-1671035.76856713,-908601.648515254,-762434.120051874,-163,z,z
5638,5801,-885445.015924318,-949901.723447766,64456.7075234474,-163,z,z
5639,5802,-491434.893781745,-991201.798380277,499766.904598533,-163,z,z
5640,5803,-971915.529316395,-1032501.87331279,60586.343996394,-163,z,z
5641,5804,-1126552.65941819,-743401.348785208,-383151.310632981,-163,z,z
5642,5805,-1041634.96527134,-784701.42371772,-256933.54155362,-163,z,z
5643,5806,-1070055.07126059,-826001.498650231,-244053.572610358,-163,z,z
5644,5807,-1120590.03702155,-867301.573582743,-253288.463438804,-163,z,z
5645,5808,-1856713.02225194,-908601.648515254,-948111.373736691,-163,z,z
5646,5809,-999739.614135636,-949901.723447766,-49837.8906878704,-163,z,z
5647,5810,-670517.885379489,-991201.798380277,320683.913000788,-163,z,z
5648,5811,-779685.141992569,-1032501.87331279,252816.73132022,-163,z,z
5649,5812,-574505.587652846,-743401.348785208,168895.761132362,-163,z,z
5650,5813,-1322855.16200982,-784701.42371772,-538153.738292096,-163,z,z
5651,5814,-1289555.12907585,-826001.498650231,-463553.630425622,-163,z,z
5652,5815,-229118.343034709,-867301.573582743,638183.230548034,-163,z,z
5653,5816,-789502.551010036,-908601.648515254,119099.097505218,-163,z,z
5654,5817,-688162.151119307,-949901.723447766,261739.572328458,-163,z,z
5655,5818,-153219.689858066,-991201.798380277,837982.108522211,-163,z,z
5656,5819,-709506.809742089,-1032501.87331279,322995.0635707,-163,z,z
5657,5820,-782311.649928311,-743401.348785208,-38910.3011431033,-163,z,z
5658,5821,-757766.487457768,-784701.42371772,26934.9362599516,-163,z,z
5659,5822,-1405088.15327005,-826001.498650231,-579086.65461982,-163,z,z
5660,5823,-1042315.30620766,-867301.573582743,-175013.732624921,-163,z,z
5661,5824,-934252.443722322,-908601.648515254,-25650.7952070676,-163,z,z
5662,5825,-566518.932155123,-949901.723447766,383382.791292643,-163,z,z
5663,5826,-1163971.54533896,-991201.798380277,-172769.746958686,-163,z,z
5664,5827,-1225121.68464265,-1032501.87331279,-192619.811329862,-163,z,z
5665,5828,-1101360.51362491,-743401.348785208,-357959.164839706,-163,z,z
5666,5829,-1255758.81778772,-784701.42371772,-471057.394070004,-163,z,z
5667,5830,-1032297.42693569,-826001.498650231,-206295.92828546,-163,z,z
5668,5831,-1544727.48713355,-867301.573582743,-677425.913550811,-163,z,z
5669,5832,-386620.764998553,-908601.648515254,521980.883516701,-163,z,z
5670,5833,-871361.433166447,-949901.723447766,78540.2902813186,-163,z,z
5671,5834,-862950.058603606,-991201.798380277,128251.739776671,-163,z,z
5672,5835,-807948.88643958,-1032501.87331279,224552.986873208,-163,z,z
5673,5836,-1360153.01140448,-743401.348785208,-616751.66261927,-163,z,z
5674,5837,-743401.348785208,-784701.42371772,41300.0749325115,-163,z,z
5675,5838,-1533847.0294091,-826001.498650231,-707845.530758864,-163,z,z
5676,5839,-1583086.51758991,-867301.573582743,-715784.944007168,-163,z,z
5677,5840,-838842.646665144,-908601.648515254,69759.0018501105,-163,z,z
5678,5841,-465569.899372179,-949901.723447766,484331.824075586,-163,z,z
5679,5842,-920762.080405006,-991201.798380277,70439.7179752716,-163,z,z
5680,5843,-1067260.41418565,-1032501.87331279,-34758.5408728643,-163,z,z
5681,5844,-986812.072362322,-743401.348785208,-243410.723577114,-163,z,z
5682,5845,-1013736.38329951,-784701.42371772,-229034.959581786,-163,z,z
5683,5846,-1061611.61402041,-826001.498650231,-235610.115370182,-163,z,z
5684,5847,-1758991.28423868,-867301.573582743,-891689.710655942,-163,z,z
5685,5848,-947121.739707445,-908601.648515254,-38520.0911921907,-163,z,z
5686,5849,-635227.470359516,-949901.723447766,314674.253088249,-163,z,z
5687,5850,-738649.081887697,-991201.798380277,252552.71649258,-163,z,z
5688,5851,-544268.451460591,-1032501.87331279,488233.421852198,-163,z,z
5689,5852,-1253231.20611456,-743401.348785208,-509829.857329354,-163,z,z
5690,5853,-1221683.80649291,-784701.42371772,-436982.382775194,-163,z,z
5691,5854,-217059.482874987,-826001.498650231,608942.015775244,-163,z,z
5692,5855,-747949.785167403,-867301.573582743,119351.78841534,-163,z,z
5693,5856,-651943.090534081,-908601.648515254,256658.557981173,-163,z,z
5694,5857,-145155.49565501,-949901.723447766,804746.227792755,-163,z,z
5695,5858,-30156539.4140388,-991201.798380277,-29165337.6156585,-163,z,z
5696,5859,-33250745.1219532,-1032501.87331279,-32218243.2486404,-163,z,z
5697,5860,-32207575.7169551,-743401.348785208,-31464174.3681699,-163,z,z
5698,5861,-59718746.5139771,-784701.42371772,-58934045.0902594,-163,z,z
5699,5862,-44300900.5138257,-826001.498650231,-43474899.0151755,-163,z,z
5700,5863,-39708228.8581987,-867301.573582743,-38840927.2846159,-163,z,z
5701,5864,-24079554.6165927,-908601.648515254,-23170952.9680775,-163,z,z
5702,5865,-49471290.6769059,-949901.723447766,-48521388.9534582,-163,z,z
5703,5866,-52070171.5973127,-991201.798380277,-51078969.7989324,-163,z,z
5704,5867,-46810321.8290589,-1032501.87331279,-45777819.9557461,-163,z,z
5705,5868,-53372249.7559783,-743401.348785208,-52628848.4071931,-163,z,z
5706,5869,-43875140.6447669,-784701.42371772,-43090439.2210492,-163,z,z
5707,5870,-65653418.203176,-826001.498650231,-64827416.7045258,-163,z,z
5708,5871,-16433882.5124385,-867301.573582743,-15566580.9388558,-163,z,z
5709,5872,-37035360.909574,-908601.648515254,-36126759.2610587,-163,z,z
5710,5873,-36677877.4906533,-949901.723447766,-35727975.7672055,-163,z,z
5711,5874,-34340327.6736822,-991201.798380277,-33349125.8753019,-163,z,z
5712,5875,-57809002.9846903,-1032501.87331279,-56776501.1113775,-163,z,z
5713,5876,-31597057.3233713,-743401.348785208,-30853655.9745861,-163,z,z
5714,5877,-65190998.7498865,-784701.42371772,-64406297.3261688,-163,z,z
5715,5878,-67283676.9975712,-826001.498650231,-66457675.498921,-163,z,z
5716,5879,-35653312.4832686,-867301.573582743,-34786010.9096859,-163,z,z
5717,5880,-19789220.7233176,-908601.648515254,-18880619.0748024,-163,z,z
5718,5881,-39134888.4172127,-949901.723447766,-38184986.693765,-163,z,z
5719,5882,-45361067.6028902,-991201.798380277,-44369865.80451,-163,z,z
5720,5883,-41942013.0753987,-1032501.87331279,-40909511.2020859,-163,z,z
5721,5884,-43086296.290229,-743401.348785208,-42342894.9414438,-163,z,z
5722,5885,-45120993.5958675,-784701.42371772,-44336292.1721498,-163,z,z
5723,5886,-74759629.5801441,-826001.498650231,-73933628.0814939,-163,z,z
5724,5887,-40255173.9375664,-867301.573582743,-39387872.3639837,-163,z,z
5725,5888,-26999667.4902794,-908601.648515254,-26091065.8417642,-163,z,z
5726,5889,-31395085.9802271,-949901.723447766,-30445184.2567793,-163,z,z
5727,5890,-23133909.1870751,-991201.798380277,-22142707.3886948,-163,z,z
5728,5891,-53264826.2598689,-1032501.87331279,-52232324.3865561,-163,z,z
5729,5892,-51924061.7759488,-743401.348785208,-51180660.4271636,-163,z,z
5730,5893,-9227528.02218696,-784701.42371772,-8442826.59846924,-163,z,z
5731,5894,-31790365.8696146,-826001.498650231,-30964364.3709644,-163,z,z
5732,5895,-27710081.3476984,-867301.573582743,-26842779.7741157,-163,z,z
5733,5896,-6171608.56533793,-908601.648515254,-5263006.91682268,-163,z,z
5734,5897,-985426.124641791,-949901.723447766,-35524.401194025,-163,z,z
5735,5898,-1086543.95823377,-991201.798380277,-95342.1598534882,-163,z,z
5736,5899,-1052453.45480246,-1032501.87331279,-19951.5814896667,-163,z,z
5737,5900,-1951511.32398618,-743401.348785208,-1208109.97520097,-163,z,z
5738,5901,-1447660.14751064,-784701.42371772,-662958.723792924,-163,z,z
5739,5902,-1297572.83850322,-826001.498650231,-471571.339852994,-163,z,z
5740,5903,-786831.850215449,-867301.573582743,80469.7233672938,-163,z,z
5741,5904,-1616627.14630412,-908601.648515254,-708025.497788862,-163,z,z
5742,5905,-1701557.89533702,-949901.723447766,-751656.171889249,-163,z,z
5743,5906,-1529667.3800346,-991201.798380277,-538465.581654326,-163,z,z
5744,5907,-1744109.46914962,-1032501.87331279,-711607.595836828,-163,z,z
5745,5908,-1433746.42629957,-743401.348785208,-690345.077514363,-163,z,z
5746,5909,-2145454.84324105,-784701.42371772,-1360753.41952333,-163,z,z
5747,5910,-536973.284720213,-826001.498650231,289028.213930018,-163,z,z
5748,5911,-1210224.21273118,-867301.573582743,-342922.639148434,-163,z,z
5749,5912,-1198541.74806056,-908601.648515254,-289940.09954531,-163,z,z
5750,5913,-1122151.23116608,-949901.723447766,-172249.507718318,-163,z,z
5751,5914,-1889101.40472844,-991201.798380277,-897899.606348164,-163,z,z
5752,5915,-1032501.87331279,-1032501.87331279,0,-163,z,z
5753,5916,-2130343.09640152,-743401.348785208,-1386941.74761631,-163,z,z
5754,5917,-2198731.27443043,-784701.42371772,-1414029.85071271,-163,z,z
5755,5918,-1165059.23147937,-826001.498650231,-339057.732829135,-163,z,z
5756,5919,-646624.860239138,-867301.573582743,220676.713343605,-163,z,z
5757,5920,-1278836.22278473,-908601.648515254,-370234.574269476,-163,z,z
5758,5921,-1482306.13081341,-949901.723447766,-532404.407365641,-163,z,z
5759,5922,-1370572.32272545,-991201.798380277,-379370.52434517,-163,z,z
5760,5923,-1407967.19902709,-1032501.87331279,-375465.325714302,-163,z,z
5761,5924,-1474460.57502835,-743401.348785208,-731059.226243143,-163,z,z
5762,5925,-2443043.45033151,-784701.42371772,-1658342.02661379,-163,z,z
5763,5926,-1315446.86070478,-826001.498650231,-489445.362054553,-163,z,z
5764,5927,-882260.375499328,-867301.573582743,-14958.8019165857,-163,z,z
5765,5928,-1025901.5026218,-908601.648515254,-117299.854106547,-163,z,z
5766,5929,-755928.404806377,-949901.723447766,193973.318641389,-163,z,z
5767,5930,-1740598.89738134,-991201.798380277,-749397.099001059,-163,z,z
5768,5931,-1696783.06457349,-1032501.87331279,-664281.191260702,-163,z,z
5769,5932,-301471.503993038,-743401.348785208,441929.84479217,-163,z,z
5770,5933,-1038819.14606584,-784701.42371772,-254117.722348118,-163,z,z
5771,5934,-905476.514630667,-826001.498650231,-79475.0159804365,-163,z,z
5772,5935,-201604.855076403,-867301.573582743,665696.71850634,-163,z,z
5773,5936,-946009.079656119,-908601.648515254,-37407.4311408649,-163,z,z
5774,5937,-1043082.19990441,-949901.723447766,-93180.4764566493,-163,z,z
5775,5938,-1010355.31661036,-991201.798380277,-19153.51823008,-163,z,z
5776,5939,-1873450.87102673,-1032501.87331279,-840948.997713945,-163,z,z
5777,5940,-1389753.74161022,-743401.348785208,-646352.39282501,-163,z,z
5778,5941,-1245669.9249631,-784701.42371772,-460968.501245376,-163,z,z
5779,5942,-755358.576206831,-826001.498650231,70642.9224434001,-163,z,z
5780,5943,-1551962.06045195,-867301.573582743,-684660.486869209,-163,z,z
5781,5944,-1633495.57952353,-908601.648515254,-724893.931008281,-163,z,z
5782,5945,-1468480.68483322,-949901.723447766,-518578.961385453,-163,z,z
5783,5946,-1674345.09038363,-991201.798380277,-683143.292003355,-163,z,z
5784,5947,-1376396.56924759,-1032501.87331279,-343894.6959348,-163,z,z
5785,5948,-2059636.64951141,-743401.348785208,-1316235.3007262,-163,z,z
5786,5949,-515494.353331404,-784701.42371772,269207.070386315,-163,z,z
5787,5950,-1161815.24422193,-826001.498650231,-335813.745571698,-163,z,z
5788,5951,-1150600.07813814,-867301.573582743,-283298.504555399,-163,z,z
5789,5952,-1077265.18191944,-908601.648515254,-168663.533404186,-163,z,z
5790,5953,-1813537.3485393,-949901.723447766,-863635.625091538,-163,z,z
5791,5954,-991201.798380277,-991201.798380277,0,-163,z,z
5792,5955,-2045129.37254546,-1032501.87331279,-1012627.49923267,-163,z,z
5793,5956,-2110782.02345321,-743401.348785208,-1367380.67466801,-163,z,z
5794,5957,-1118456.86222019,-784701.42371772,-333755.438502472,-163,z,z
5795,5958,-620759.865829572,-826001.498650231,205241.632820659,-163,z,z
5796,5959,-1227682.77387334,-867301.573582743,-360381.200290598,-163,z,z
5797,5960,-1423013.88558087,-908601.648515254,-514412.237065616,-163,z,z
5798,5961,-1315749.42981643,-949901.723447766,-365847.706368664,-163,z,z
5799,5962,-1351648.51106601,-991201.798380277,-360446.71268573,-163,z,z
5800,5963,-1415482.15202722,-1032501.87331279,-382980.278714428,-163,z,z
5801,5964,-2345321.71231825,-743401.348785208,-1601920.36353304,-163,z,z
5802,5965,-1262828.98627659,-784701.42371772,-478127.562558874,-163,z,z
5803,5966,-846969.960479355,-826001.498650231,-20968.461829124,-163,z,z
5804,5967,-984865.442516929,-867301.573582743,-117563.868934187,-163,z,z
5805,5968,-725691.268614122,-908601.648515254,182910.379901133,-163,z,z
5806,5969,-1670974.94148608,-949901.723447766,-721073.218038317,-163,z,z
5807,5970,-1628911.74199055,-991201.798380277,-637709.943610274,-163,z,z
5808,5971,-289412.643833317,-1032501.87331279,743089.229479472,-163,z,z
5809,5972,-997266.380223204,-743401.348785208,-253865.031437996,-163,z,z
5810,5973,-869257.454045441,-784701.42371772,-84556.0303277214,-163,z,z
5811,5974,-193540.660873347,-826001.498650231,632460.837776884,-163,z,z
5812,5975,-906592.034670447,-867301.573582743,-39290.4610877048,-163,z,z
5813,5976,-999620.441575064,-908601.648515254,-91018.7930598102,-163,z,z
5814,5977,-968257.178418259,-949901.723447766,-18355.4549704933,-163,z,z
5815,5978,-1795390.41806729,-991201.798380277,-804188.61968701,-163,z,z
5816,5979,-1331847.33570979,-1032501.87331279,-299345.462397003,-163,z,z
5817,5980,-1193767.01142297,-743401.348785208,-450365.662637759,-163,z,z
5818,5981,-723885.302198213,-784701.42371772,60816.1215195066,-163,z,z
5819,5982,-1487296.97459979,-826001.498650231,-661295.475949556,-163,z,z
5820,5983,-1565433.26371005,-867301.573582743,-698131.690127311,-163,z,z
5821,5984,-1407293.98963183,-908601.648515254,-498692.341116581,-163,z,z
5822,5985,-1604580.71161765,-949901.723447766,-654678.988169881,-163,z,z
5823,5986,-1319046.71219561,-991201.798380277,-327844.913815328,-163,z,z
5824,5987,-1973818.45578176,-1032501.87331279,-941316.582468974,-163,z,z
5825,5988,-494015.421942596,-743401.348785208,249385.926842612,-163,z,z
5826,5989,-1113406.27571268,-784701.42371772,-328704.851994963,-163,z,z
5827,5990,-1102658.40821572,-826001.498650231,-276656.909565488,-163,z,z
5828,5991,-1032379.1326728,-867301.573582743,-165077.559090055,-163,z,z
5829,5992,-1737973.29235017,-908601.648515254,-829371.643834912,-163,z,z
5830,5993,-949901.723447766,-949901.723447766,0,-163,z,z
5831,5994,-1959915.6486894,-991201.798380277,-968713.850309122,-163,z,z
5832,5996,-2022832.772476,-743401.348785208,-1279431.42369079,-164,z,z
5833,5997,-1071854.49296102,-784701.42371772,-287153.069243297,-164,z,z
5834,5998,-594894.871420007,-826001.498650231,231106.627230224,-164,z,z
5835,5999,-1176529.32496195,-867301.573582743,-309227.751379209,-164,z,z
5836,6000,-1363721.64034833,-908601.648515254,-455119.99183308,-164,z,z
5837,6001,-1260926.53690741,-949901.723447766,-311024.813459646,-164,z,z
5838,6003,-1295329.82310492,-743401.348785208,-551928.474319716,-165,z,z
5839,6004,-1356503.72902608,-784701.42371772,-571802.305308363,-165,z,z
5840,6005,-2247599.97430499,-826001.498650231,-1421598.47565475,-165,z,z
5841,6006,-1210211.1118484,-867301.573582743,-342909.538265659,-165,z,z
5842,6007,-811679.545459382,-908601.648515254,96922.1030558722,-165,z,z
5843,6009,-943829.382412057,-743401.348785208,-200428.033626849,-166,z,z
5844,6010,-695454.132421866,-784701.42371772,89247.291295853,-166,z,z
5845,6011,-1601350.98559083,-826001.498650231,-775349.486940598,-166,z,z
5846,6012,-1561040.41940761,-867301.573582743,-693738.845824869,-166,z,z
5847,6014,-277353.783673595,-743401.348785208,466047.565111613,-167,z,z
5848,6015,-955713.61438057,-784701.42371772,-171012.190662851,-167,z,z
5849,6016,-833038.393460214,-826001.498650231,-7036.89480998321,-167,z,z
5850,6018,-185476.466670291,-743401.348785208,557924.882114917,-168,z,z
5851,6019,-867174.989684776,-784701.42371772,-82473.5659670562,-168,z,z
5852,6021,-956158.683245714,-743401.348785208,-212757.334460506,-169,z,z
5853,6024,-926159.040226161,-149552585.367387,148626426.327161,-171,z,z
5854,6025,-1717329.96510784,-145717967.793864,144000637.828756,-171,z,z
5855,6026,-1273940.92980937,-141883350.220341,140609409.290532,-171,z,z
5856,6027,-1141864.09788284,-138048732.646819,136906868.548936,-171,z,z
5857,6028,-692412.028189595,-134214115.073296,133521703.045106,-171,z,z
5858,6029,-1422631.88874762,-130379497.499773,128956865.611025,-171,z,z
5859,6030,-1497370.94789657,-126544879.92625,125047508.978354,-171,z,z
5860,6031,-1346107.29443045,-122710262.352728,121364155.058297,-171,z,z
5861,6032,-1534816.33285166,-118875644.779205,117340828.446353,-171,z,z
5862,6033,-1261696.85514362,-115041027.205682,113779330.350539,-171,z,z
5863,6034,-1888000.26205212,-111206409.632159,109318409.370107,-171,z,z
5864,6035,-472536.490553787,-107371792.058637,106899255.568083,-171,z,z
5865,6036,-1064997.30720344,-103537174.485114,102472177.17791,-171,z,z
5866,6037,-1054716.7382933,-99702556.9115912,98647840.1732979,-171,z,z
5867,6038,-987493.083426154,-95867939.3380684,94880446.2546423,-171,z,z
5868,6039,-1662409.23616103,-92033321.7645457,90370912.5283847,-171,z,z
5869,6040,-908601.648515254,-88198704.191023,87290102.5425077,-171,z,z
5870,6041,-1874701.92483334,-84364086.6175002,82489384.6926669,-171,z,z
5871,6042,-1934883.52149878,-80529469.0439775,78594585.5224787,-171,z,z
5872,6043,-1025252.12370184,-76694851.4704548,75669599.3467529,-171,z,z
5873,6044,-569029.877010441,-72860233.896932,72291204.0199216,-171,z,z
5874,6045,-1125375.87605056,-69025616.3234093,67900240.4473587,-171,z,z
5875,6046,-1304429.3951158,-65190998.7498865,63886569.3547707,-171,z,z
5876,6047,-1206103.64399839,-61356381.1763638,60150277.5323654,-171,z,z
5877,6048,-1239011.13514384,-57521763.6028411,56282752.4676972,-171,z,z
5878,6049,-1297525.30602495,-53687146.0293183,52389620.7232934,-171,z,z
5879,6050,-2149878.23629173,-49852528.4557956,47702650.2195039,-171,z,z
5880,6051,-1157593.23742021,-46017910.8822729,44860317.6448526,-171,z,z
5881,6052,-776389.130439409,-42183293.3087501,41406904.1783107,-171,z,z
5882,6053,-902793.322307185,-38348675.7352274,37445882.4129202,-171,z,z
5883,6054,-665216.996229611,-34514058.1617046,33848841.165475,-171,z,z
5884,6055,-1531727.02969558,-30679440.5881819,29147713.5584863,-171,z,z
5885,6056,-1493169.09682467,-26844823.0146592,25351653.9178345,-171,z,z
5886,6057,-265294.923513874,-23010205.4411364,22744910.5176226,-171,z,z
5887,6058,-914160.848537937,-19175587.8676137,18261427.0190758,-171,z,z
5888,6059,-796819.332874988,-15340970.294091,14544150.961216,-171,z,z
5889,6060,-177412.272467235,-11506352.7205682,11328940.448101,-171,z,z
5890,6061,-827757.944699104,-7671735.14704548,6843977.20234637,-171,z,z
5891,6062,-912696.924916363,-3837117.57352274,2924420.64860638,-171,z,z
5892,6063,-884060.902034063,-2500,-881560.902034063,-171,z,z
5893,6065,-1639269.51214839,-1533847.0294091,-105422.482739297,-172,z,z
5894,6066,-1216034.52390894,-1619060.75326516,403026.229356216,-172,z,z
5895,6067,-1089961.18434271,-1704274.47712122,614313.292778508,-172,z,z
5896,6068,-660938.754180977,-1789488.20097728,1128549.4467963,-172,z,z
5897,6069,-1357966.80289546,-1874701.92483334,516735.121937882,-172,z,z
5898,6070,-1429308.63208309,-1959915.6486894,530607.016606307,-172,z,z
5899,6071,-1284920.59922907,-2045129.37254546,760208.773316394,-172,z,z
5900,6072,-1465051.95408568,-2130343.09640152,665291.142315843,-172,z,z
5901,6073,-1204346.99809164,-1533847.0294091,329500.031317455,-172,z,z
5902,6074,-1802182.06832248,-1619060.75326516,-183121.315057323,-172,z,z
5903,6075,-451057.559164979,-1704274.47712122,1253216.91795624,-172,z,z
5904,6076,-1016588.33869419,-1789488.20097728,772899.86228309,-172,z,z
5905,6077,-1006775.06837087,-1874701.92483334,867926.856462464,-172,z,z
5906,6078,-942607.03417951,-1959915.6486894,1017308.61450989,-172,z,z
5907,6079,-1586845.17997189,-2045129.37254546,458284.19257357,-172,z,z
5908,6080,-867301.573582743,-2130343.09640152,1263041.52281878,-172,z,z
5909,6081,-1789488.20097728,-1533847.0294091,-255641.171568183,-172,z,z
5910,6082,-1846934.27052156,-1619060.75326516,-227873.517256406,-172,z,z
5911,6083,-978649.754442668,-1704274.47712122,725624.722678549,-172,z,z
5912,6084,-543164.882600876,-1789488.20097728,1246323.3183764,-172,z,z
5913,6085,-1074222.42713917,-1874701.92483334,800479.497694165,-172,z,z
5914,6086,-1245137.14988326,-1959915.6486894,714778.498806138,-172,z,z
5915,6087,-1151280.75108938,-2045129.37254546,893848.621456085,-172,z,z
5916,6088,-1182692.44718276,-2130343.09640152,947650.649218765,-172,z,z
5917,6089,-1238546.88302381,-1533847.0294091,295300.14638528,-172,z,z
5918,6090,-2052156.49827847,-1619060.75326516,-433095.745013309,-172,z,z
5919,6091,-1104975.36299202,-1704274.47712122,599299.114129198,-172,z,z
5920,6092,-741098.715419436,-1789488.20097728,1048389.48555784,-172,z,z
5921,6093,-861757.262202313,-1874701.92483334,1012944.66263103,-172,z,z
5922,6094,-634979.860037356,-1959915.6486894,1324935.78865204,-172,z,z
5923,6095,-1462103.07380032,-2045129.37254546,583026.298745138,-172,z,z
5924,6096,-1425297.77424173,-2130343.09640152,705045.322159789,-172,z,z
5925,6097,-253236.063354152,-1533847.0294091,1280610.96605494,-172,z,z
5926,6098,-872608.082695303,-1619060.75326516,746452.670569853,-172,z,z
5927,6099,-760600.272289761,-1704274.47712122,943674.204831456,-172,z,z
5928,6100,-169348.078264179,-1789488.20097728,1620140.1227131,-172,z,z
5929,6101,-788340.899713433,-1874701.92483334,1086361.02511991,-172,z,z
5930,6102,-869235.166587012,-1959915.6486894,1090680.48210239,-172,z,z
5931,6103,-841962.763841964,-2045129.37254546,1203166.6087035,-172,z,z
5932,6104,-1561209.05918895,-2130343.09640152,569134.037212576,-172,z,z
5933,6105,-1158128.11800851,-1533847.0294091,375718.911400581,-172,z,z
5934,6106,-1038058.27080258,-1619060.75326516,581002.482462576,-172,z,z
5935,6107,-629465.480172359,-1704274.47712122,1074808.99694886,-172,z,z
5936,6108,-1293301.71704329,-1789488.20097728,496186.483933985,-172,z,z
5937,6109,-1361246.31626961,-1874701.92483334,513455.608563727,-172,z,z
5938,6110,-1223733.90402768,-1959915.6486894,736181.744661717,-172,z,z
5939,6111,-1395287.57531969,-2045129.37254546,649841.797225767,-172,z,z
5940,6112,-1146997.14103966,-2130343.09640152,983345.955361864,-172,z,z
5941,6113,-1716363.87459284,-1533847.0294091,-182516.845183742,-172,z,z
5942,6114,-429578.62777617,-1619060.75326516,1189482.12548899,-172,z,z
5943,6115,-968179.370184941,-1704274.47712122,736095.106936276,-172,z,z
5944,6116,-958833.398448452,-1789488.20097728,830654.802528826,-172,z,z
5945,6117,-897720.984932867,-1874701.92483334,976980.939900472,-172,z,z
5946,6118,-1511281.12378275,-1959915.6486894,448634.524906647,-172,z,z
5947,6119,-826001.498650231,-2045129.37254546,1219127.87389523,-172,z,z
5948,6120,-1704274.47712122,-2130343.09640152,426068.619280304,-172,z,z
5949,6121,-1758985.01954434,-1533847.0294091,-225137.99013525,-172,z,z
5950,6122,-932047.385183493,-1619060.75326516,687013.368081663,-172,z,z
5951,6123,-517299.88819131,-1704274.47712122,1186974.58892991,-172,z,z
5952,6124,-1023068.97822778,-1789488.20097728,766419.222749494,-172,z,z
5953,6125,-1185844.90465073,-1874701.92483334,688857.020182613,-172,z,z
5954,6126,-1096457.85818036,-1959915.6486894,863457.790509042,-172,z,z
5955,6127,-1126373.75922167,-2045129.37254546,918755.613323787,-172,z,z
5956,6128,-1179568.46002268,-2130343.09640152,950774.63637884,-172,z,z
5957,6129,-1954434.76026521,-1533847.0294091,-420587.73085611,-172,z,z
5958,6130,-1052357.48856383,-1619060.75326516,566703.264701329,-172,z,z
5959,6131,-705808.300399463,-1704274.47712122,998466.176721754,-172,z,z
5960,6132,-820721.202097441,-1789488.20097728,968766.998879837,-172,z,z
5961,6133,-604742.723845101,-1874701.92483334,1269959.20098824,-172,z,z
5962,6134,-1392479.11790507,-1959915.6486894,567436.530784331,-172,z,z
5963,6135,-1357426.45165879,-2045129.37254546,687702.920886668,-172,z,z
5964,6136,-241177.20319443,-2130343.09640152,1889165.89320709,-172,z,z
5965,6137,-831055.31685267,-1533847.0294091,702791.712556426,-172,z,z
5966,6138,-724381.211704534,-1619060.75326516,894679.541560622,-172,z,z
5967,6139,-161283.884061122,-1704274.47712122,1542990.59306009,-172,z,z
5968,6140,-748923.854727761,-1789488.20097728,1040564.34624952,-172,z,z
5969,6141,-825773.408257662,-1874701.92483334,1048928.51657568,-172,z,z
5970,6142,-799864.625649866,-1959915.6486894,1160051.02303953,-172,z,z
5971,6143,-1483148.6062295,-2045129.37254546,561980.766315963,-172,z,z
5972,6144,-1100221.71210809,-2130343.09640152,1030121.38429343,-172,z,z
5973,6145,-986155.357262451,-1533847.0294091,547691.672146645,-172,z,z
5974,6146,-597992.206163741,-1619060.75326516,1021068.54710141,-172,z,z
5975,6147,-1228636.63119113,-1704274.47712122,475637.845930089,-172,z,z
5976,6148,-1293184.00045613,-1789488.20097728,496304.200521147,-172,z,z
5977,6149,-1162547.2088263,-1874701.92483334,712154.71600704,-172,z,z
5978,6150,-1325523.19655371,-1959915.6486894,634392.452135691,-172,z,z
5979,6151,-1089647.28398767,-2045129.37254546,955482.088557786,-172,z,z
5980,6152,-1630545.6808632,-2130343.09640152,499797.415538326,-172,z,z
5981,6153,-408099.696387362,-1533847.0294091,1125747.33302173,-172,z,z
5982,6154,-919770.401675694,-1619060.75326516,699290.351589462,-172,z,z
5983,6155,-910891.728526029,-1704274.47712122,793382.748595188,-172,z,z
5984,6156,-852834.935686224,-1789488.20097728,936653.265291054,-172,z,z
5985,6157,-1435717.06759362,-1874701.92483334,438984.857239723,-172,z,z
5986,6158,-784701.42371772,-1959915.6486894,1175214.22497168,-172,z,z
5987,6159,-1619060.75326516,-2045129.37254546,426068.619280304,-172,z,z
5988,6160,-1671035.76856713,-2130343.09640152,459307.327834393,-172,z,z
5989,6161,-885445.015924318,-1533847.0294091,648402.013484777,-172,z,z
5990,6162,-491434.893781745,-1619060.75326516,1127625.85948341,-172,z,z
5991,6163,-971915.529316395,-1704274.47712122,732358.947804822,-172,z,z
5992,6164,-1126552.65941819,-1789488.20097728,662935.541559089,-172,z,z
5993,6165,-1041634.96527134,-1874701.92483334,833066.959561999,-172,z,z
5994,6166,-1070055.07126059,-1959915.6486894,889860.57742881,-172,z,z
5995,6167,-1120590.03702155,-2045129.37254546,924539.335523914,-172,z,z
5996,6168,-1856713.02225194,-2130343.09640152,273630.074149576,-172,z,z
5997,6169,-999739.614135636,-1533847.0294091,534107.415273459,-172,z,z
5998,6170,-670517.885379489,-1619060.75326516,948542.867885667,-172,z,z
5999,6171,-779685.141992569,-1704274.47712122,924589.335128648,-172,z,z
6000,6172,-574505.587652846,-1789488.20097728,1214982.61332443,-172,z,z
6001,6173,-1322855.16200982,-1874701.92483334,551846.762823524,-172,z,z
6002,6174,-1289555.12907585,-1959915.6486894,670360.519613546,-172,z,z
6003,6175,-229118.343034709,-2045129.37254546,1816011.02951075,-172,z,z
6004,6176,-789502.551010036,-2130343.09640152,1340840.54539149,-172,z,z
6005,6177,-688162.151119307,-1533847.0294091,845684.878289788,-172,z,z
6006,6178,-153219.689858066,-1619060.75326516,1465841.06340709,-172,z,z
6007,6179,-709506.809742089,-1704274.47712122,994767.667379128,-172,z,z
6008,6180,-782311.649928311,-1789488.20097728,1007176.55104897,-172,z,z
6009,6181,-757766.487457768,-1874701.92483334,1116935.43737557,-172,z,z
6010,6182,-1405088.15327005,-1959915.6486894,554827.495419349,-172,z,z
6011,6183,-1042315.30620766,-2045129.37254546,1002814.0663378,-172,z,z
6012,6184,-934252.443722322,-2130343.09640152,1196090.6526792,-172,z,z
6013,6185,-566518.932155123,-1533847.0294091,967328.097253972,-172,z,z
6014,6186,-1163971.54533896,-1619060.75326516,455089.207926193,-172,z,z
6015,6187,-1225121.68464265,-1704274.47712122,479152.792478566,-172,z,z
6016,6188,-1101360.51362491,-1789488.20097728,688127.687352364,-172,z,z
6017,6189,-1255758.81778772,-1874701.92483334,618943.107045615,-172,z,z
6018,6190,-1032297.42693569,-1959915.6486894,927618.221753708,-172,z,z
6019,6191,-1544727.48713355,-2045129.37254546,500401.885411907,-172,z,z
6020,6192,-386620.764998553,-2130343.09640152,1743722.33140297,-172,z,z
6021,6193,-871361.433166447,-1533847.0294091,662485.596242648,-172,z,z
6022,6194,-862950.058603606,-1619060.75326516,756110.69466155,-172,z,z
6023,6195,-807948.88643958,-1704274.47712122,896325.590681636,-172,z,z
6024,6196,-1360153.01140448,-1789488.20097728,429335.1895728,-172,z,z
6025,6197,-743401.348785208,-1874701.92483334,1131300.57604813,-172,z,z
6026,6198,-1533847.0294091,-1959915.6486894,426068.619280304,-172,z,z
6027,6199,-1583086.51758991,-2045129.37254546,462042.85495555,-172,z,z
6028,6200,-838842.646665144,-2130343.09640152,1291500.44973638,-172,z,z
6029,6201,-465569.899372179,-1533847.0294091,1068277.13003692,-172,z,z
6030,6202,-920762.080405006,-1619060.75326516,698298.672860151,-172,z,z
6031,6203,-1067260.41418565,-1704274.47712122,637014.062935564,-172,z,z
6032,6204,-986812.072362322,-1789488.20097728,802676.128614956,-172,z,z
6033,6205,-1013736.38329951,-1874701.92483334,860965.541533833,-172,z,z
6034,6206,-1061611.61402041,-1959915.6486894,898304.034668987,-172,z,z
6035,6207,-1758991.28423868,-2045129.37254546,286138.088306776,-172,z,z
6036,6208,-947121.739707445,-2130343.09640152,1183221.35669408,-172,z,z
6037,6209,-635227.470359516,-1533847.0294091,898619.559049579,-172,z,z
6038,6210,-738649.081887697,-1619060.75326516,880411.671377459,-172,z,z
6039,6211,-544268.451460591,-1704274.47712122,1160006.02566063,-172,z,z
6040,6212,-1253231.20611456,-1789488.20097728,536256.994862716,-172,z,z
6041,6213,-1221683.80649291,-1874701.92483334,653018.118340425,-172,z,z
6042,6214,-217059.482874987,-1959915.6486894,1742856.16581441,-172,z,z
6043,6215,-747949.785167403,-2045129.37254546,1297179.58737806,-172,z,z
6044,6216,-651943.090534081,-2130343.09640152,1478400.00586744,-172,z,z
6045,6217,-145155.49565501,-1533847.0294091,1388691.53375408,-172,z,z
6046,6218,-28382772.3896836,-1619060.75326516,-26763711.6364184,-172,z,z
6047,6219,-31294965.9971324,-1704274.47712122,-29590691.5200112,-172,z,z
6048,6220,-30313159.4983107,-1789488.20097728,-28523671.2973334,-172,z,z
6049,6221,-56206026.130802,-1874701.92483334,-54331324.2059687,-172,z,z
6050,6222,-41695112.2483065,-1959915.6486894,-39735196.5996171,-172,z,z
6051,6223,-37372597.7488929,-2045129.37254546,-35327468.3763474,-172,z,z
6052,6224,-22663257.2862049,-2130343.09640152,-20532914.1898034,-172,z,z
6053,6225,-46561361.8135585,-1533847.0294091,-45027514.7841494,-172,z,z
6054,6226,-49007367.385706,-1619060.75326516,-47388306.6324409,-172,z,z
6055,6227,-44056920.5449966,-1704274.47712122,-42352646.0678754,-172,z,z
6056,6228,-50232852.7115089,-1789488.20097728,-48443364.5105317,-172,z,z
6057,6229,-41294397.0774276,-1874701.92483334,-39419695.1525943,-172,z,z
6058,6230,-61791599.4853421,-1959915.6486894,-59831683.8366527,-172,z,z
6059,6231,-15467330.5999421,-2045129.37254546,-13422201.2273967,-172,z,z
6060,6232,-34856957.3266579,-2130343.09640152,-32726614.2302564,-172,z,z
6061,6233,-34520502.3441442,-1533847.0294091,-32986655.3147352,-172,z,z
6062,6234,-32320455.4575832,-1619060.75326516,-30701394.7043181,-172,z,z
6063,6235,-54408620.4561791,-1704274.47712122,-52704345.9790579,-172,z,z
6064,6236,-29738553.9514083,-1789488.20097728,-27949065.750431,-172,z,z
6065,6237,-61356381.1763638,-1874701.92483334,-59481679.2515305,-172,z,z
6066,6238,-63325960.7035964,-1959915.6486894,-61366045.054907,-172,z,z
6067,6239,-33556205.8666057,-2045129.37254546,-31511076.4940603,-172,z,z
6068,6240,-18625295.9748872,-2130343.09640152,-16494952.8784856,-172,z,z
6069,6241,-36832983.2162002,-1533847.0294091,-35299136.1867911,-172,z,z
6070,6242,-42692916.5674261,-1619060.75326516,-41073855.814161,-172,z,z
6071,6243,-39474982.8944929,-1704274.47712122,-37770708.4173717,-172,z,z
6072,6244,-40551955.3319802,-1789488.20097728,-38762467.1310029,-172,z,z
6073,6245,-42466964.5608165,-1874701.92483334,-40592262.6359832,-172,z,z
6074,6246,-70362151.3695474,-1959915.6486894,-68402235.720858,-172,z,z
6075,6247,-37887369.5882978,-2045129.37254546,-35842240.2157523,-172,z,z
6076,6248,-25411598.8143806,-2130343.09640152,-23281255.7179791,-172,z,z
6077,6249,-29548463.2755079,-1533847.0294091,-28014616.2460988,-172,z,z
6078,6250,-21773238.0584236,-1619060.75326516,-20154177.3051585,-172,z,z
6079,6251,-50131748.2445825,-1704274.47712122,-48427473.7674612,-172,z,z
6080,6252,-48869852.2597165,-1789488.20097728,-47080364.0587393,-172,z,z
6081,6253,-8684879.31499949,-1874701.92483334,-6810177.39016616,-172,z,z
6082,6254,-29920491.4066961,-1959915.6486894,-27960575.7580067,-172,z,z
6083,6255,-26080223.6213632,-2045129.37254546,-24035094.2488178,-172,z,z
6084,6256,-5808719.82620041,-2130343.09640152,-3678376.72979889,-172,z,z
6085,6257,-985426.124641791,-1533847.0294091,548420.904767305,-172,z,z
6086,6258,-1086543.95823377,-1619060.75326516,532516.795031391,-172,z,z
6087,6259,-1052453.45480246,-1704274.47712122,651821.022318761,-172,z,z
6088,6260,-1951511.32398618,-1789488.20097728,-162023.123008904,-172,z,z
6089,6261,-1447660.14751064,-1874701.92483334,427041.777322695,-172,z,z
6090,6262,-1297572.83850322,-1959915.6486894,662342.810186175,-172,z,z
6091,6263,-786831.850215449,-2045129.37254546,1258297.52233001,-172,z,z
6092,6264,-1616627.14630412,-2130343.09640152,513715.950097405,-172,z,z
6093,6265,-1701557.89533702,-1533847.0294091,-167710.86592792,-172,z,z
6094,6266,-1529667.3800346,-1619060.75326516,89393.3732305528,-172,z,z
6095,6267,-1744109.46914962,-1704274.47712122,-39834.9920283994,-172,z,z
6096,6268,-1433746.42629957,-1789488.20097728,355741.774677707,-172,z,z
6097,6269,-2145454.84324105,-1874701.92483334,-270752.918407708,-172,z,z
6098,6270,-536973.284720213,-1959915.6486894,1422942.36396919,-172,z,z
6099,6271,-1210224.21273118,-2045129.37254546,834905.159814284,-172,z,z
6100,6272,-1198541.74806056,-2130343.09640152,931801.348340957,-172,z,z
6101,6273,-1122151.23116608,-1533847.0294091,411695.798243011,-172,z,z
6102,6274,-1889101.40472844,-1619060.75326516,-270040.651463285,-172,z,z
6103,6275,-1032501.87331279,-1704274.47712122,671772.603808428,-172,z,z
6104,6276,-2130343.09640152,-1789488.20097728,-340854.895424243,-172,z,z
6105,6277,-2198731.27443043,-1874701.92483334,-324029.349597093,-172,z,z
6106,6278,-1165059.23147937,-1959915.6486894,794856.417210034,-172,z,z
6107,6279,-646624.860239138,-2045129.37254546,1398504.51230632,-172,z,z
6108,6280,-1278836.22278473,-2130343.09640152,851506.873616791,-172,z,z
6109,6281,-1482306.13081341,-1533847.0294091,51540.8985956884,-172,z,z
6110,6282,-1370572.32272545,-1619060.75326516,248488.430539709,-172,z,z
6111,6283,-1407967.19902709,-1704274.47712122,296307.278094126,-172,z,z
6112,6284,-1474460.57502835,-1789488.20097728,315027.625948927,-172,z,z
6113,6285,-2443043.45033151,-1874701.92483334,-568341.525498168,-172,z,z
6114,6286,-1315446.86070478,-1959915.6486894,644468.787984615,-172,z,z
6115,6287,-882260.375499328,-2045129.37254546,1162868.99704613,-172,z,z
6116,6288,-1025901.5026218,-2130343.09640152,1104441.59377972,-172,z,z
6117,6289,-755928.404806377,-1533847.0294091,777918.624602719,-172,z,z
6118,6290,-1740598.89738134,-1619060.75326516,-121538.14411618,-172,z,z
6119,6291,-1696783.06457349,-1704274.47712122,7491.41254772572,-172,z,z
6120,6292,-301471.503993038,-1789488.20097728,1488016.69698424,-172,z,z
6121,6293,-1038819.14606584,-1874701.92483334,835882.778767502,-172,z,z
6122,6294,-905476.514630667,-1959915.6486894,1054439.13405873,-172,z,z
6123,6295,-201604.855076403,-2045129.37254546,1843524.51746906,-172,z,z
6124,6296,-946009.079656119,-2130343.09640152,1184334.0167454,-172,z,z
6125,6297,-1043082.19990441,-1533847.0294091,490764.82950468,-172,z,z
6126,6298,-1010355.31661036,-1619060.75326516,608705.436654799,-172,z,z
6127,6299,-1873450.87102673,-1704274.47712122,-169176.393905517,-172,z,z
6128,6300,-1389753.74161022,-1789488.20097728,399734.45936706,-172,z,z
6129,6301,-1245669.9249631,-1874701.92483334,629031.999870243,-172,z,z
6130,6302,-755358.576206831,-1959915.6486894,1204557.07248257,-172,z,z
6131,6303,-1551962.06045195,-2045129.37254546,493167.312093509,-172,z,z
6132,6304,-1633495.57952353,-2130343.09640152,496847.516877987,-172,z,z
6133,6305,-1468480.68483322,-1533847.0294091,65366.3445758764,-172,z,z
6134,6306,-1674345.09038363,-1619060.75326516,-55284.3371184757,-172,z,z
6135,6307,-1376396.56924759,-1704274.47712122,327877.907873628,-172,z,z
6136,6308,-2059636.64951141,-1789488.20097728,-270148.448534127,-172,z,z
6137,6309,-515494.353331404,-1874701.92483334,1359207.57150193,-172,z,z
6138,6310,-1161815.24422193,-1959915.6486894,798100.40446747,-172,z,z
6139,6311,-1150600.07813814,-2045129.37254546,894529.294407319,-172,z,z
6140,6313,-1077265.18191944,-1533847.0294091,456581.847489655,-173,z,z
6141,6314,-1813537.3485393,-1619060.75326516,-194476.595274148,-173,z,z
6142,6315,-991201.798380277,-1704274.47712122,713072.67874094,-173,z,z
6143,6316,-2045129.37254546,-1789488.20097728,-255641.171568183,-173,z,z
6144,6317,-2110782.02345321,-1874701.92483334,-236080.098619876,-173,z,z
6145,6318,-1118456.86222019,-1959915.6486894,841458.786469208,-173,z,z
6146,6320,-620759.865829572,-1533847.0294091,913087.163579523,-174,z,z
6147,6321,-1227682.77387334,-1619060.75326516,391377.979391815,-174,z,z
6148,6322,-1423013.88558087,-1704274.47712122,281260.591540346,-174,z,z
6149,6323,-1315749.42981643,-1789488.20097728,473738.771160849,-174,z,z
6150,6324,-1351648.51106601,-1874701.92483334,523053.413767331,-174,z,z
6151,6326,-1415482.15202722,-1533847.0294091,118364.877381878,-175,z,z
6152,6327,-2345321.71231825,-1619060.75326516,-726260.95905309,-175,z,z
6153,6328,-1262828.98627659,-1704274.47712122,441445.490844624,-175,z,z
6154,6329,-846969.960479355,-1789488.20097728,942518.240497923,-175,z,z
6155,6331,-984865.442516929,-1533847.0294091,548981.586892166,-176,z,z
6156,6332,-725691.268614122,-1619060.75326516,893369.484651035,-176,z,z
6157,6333,-1670974.94148608,-1704274.47712122,33299.5356351347,-176,z,z
6158,6335,-1628911.74199055,-1533847.0294091,-95064.7125814562,-177,z,z
6159,6336,-289412.643833317,-1619060.75326516,1329648.10943184,-177,z,z
6160,6338,-997266.380223204,-1533847.0294091,536580.649185892,-178,z,z
6161,6341,-869257.454045441,-154353435.465016,153484178.010971,-180,z,z
6162,6342,-193540.660873347,-150395719.171041,150202178.510168,-180,z,z
6163,6343,-906592.034670447,-146438002.877067,145531410.842396,-180,z,z
6164,6344,-999620.441575064,-142480286.583092,141480666.141517,-180,z,z
6165,6345,-968257.178418259,-138522570.289117,137554313.110699,-180,z,z
6166,6346,-1795390.41806729,-134564853.995142,132769463.577075,-180,z,z
6167,6347,-1331847.33570979,-130607137.701168,129275290.365458,-180,z,z
6168,6348,-1193767.01142297,-126649421.407193,125455654.39577,-180,z,z
6169,6349,-723885.302198213,-122691705.113218,121967819.81102,-180,z,z
6170,6350,-1487296.97459979,-118733988.819243,117246691.844644,-180,z,z
6171,6351,-1565433.26371005,-114776272.525269,113210839.261558,-180,z,z
6172,6352,-1407293.98963183,-110818556.231294,109411262.241662,-180,z,z
6173,6353,-1604580.71161765,-106860839.937319,105256259.225701,-180,z,z
6174,6354,-1319046.71219561,-102903123.643344,101584076.931149,-180,z,z
6175,6355,-1973818.45578176,-98945407.3493694,96971588.8935876,-180,z,z
6176,6356,-494015.421942596,-94987691.0553946,94493675.633452,-180,z,z
6177,6357,-1113406.27571268,-91029974.7614198,89916568.4857072,-180,z,z
6178,6358,-1102658.40821572,-87072258.4674451,85969600.0592294,-180,z,z
6179,6359,-1032379.1326728,-83114542.1734703,82082163.0407975,-180,z,z
6180,6360,-1737973.29235017,-79156825.8794955,77418852.5871454,-180,z,z
6181,6361,-949901.723447766,-75199109.5855207,74249207.862073,-180,z,z
6182,6362,-1959915.6486894,-71241393.291546,69281477.6428566,-180,z,z
6183,6363,-2022832.772476,-67283676.9975712,65260844.2250952,-180,z,z
6184,6364,-1071854.49296102,-63325960.7035964,62254106.2106354,-180,z,z
6185,6365,-594894.871420007,-59368244.4096216,58773349.5382016,-180,z,z
6186,6366,-1176529.32496195,-55410528.1156469,54233998.7906849,-180,z,z
6187,6367,-1363721.64034833,-51452811.8216721,50089090.1813238,-180,z,z
6188,6368,-1260926.53690741,-47495095.5276973,46234168.9907899,-180,z,z
6189,6369,-1295329.82310492,-43537379.2337225,42242049.4106176,-180,z,z
6190,6370,-1356503.72902608,-39579662.9397478,38223159.2107217,-180,z,z
6191,6371,-2247599.97430499,-35621946.645773,33374346.671468,-180,z,z
6192,6372,-1210211.1118484,-31664230.3517982,30454019.2399498,-180,z,z
6193,6373,-811679.545459382,-27706514.0578234,26894834.5123641,-180,z,z
6194,6374,-943829.382412057,-23748797.7638487,22804968.3814366,-180,z,z
6195,6375,-695454.132421866,-19791081.4698739,19095627.337452,-180,z,z
6196,6376,-1601350.98559083,-15833365.1758991,14232014.1903083,-180,z,z
6197,6377,-1561040.41940761,-11875648.8819243,10314608.4625167,-180,z,z
6198,6378,-277353.783673595,-7917932.58794955,7640578.80427596,-180,z,z
6199,6379,-955713.61438057,-3960216.29397478,3004502.67959421,-180,z,z
6200,6380,-833038.393460214,-2500,-830538.393460214,-180,z,z
6201,6382,-185476.466670291,-1583086.51758991,1397610.05091962,-181,z,z
6202,6383,-867174.989684776,-1671035.76856713,803860.778882352,-181,z,z
6203,6384,-956158.683245714,-1758985.01954434,802826.336298631,-181,z,z
6204,6385,-926159.040226161,-1846934.27052156,920775.230295402,-181,z,z
6205,6386,-1717329.96510784,-1934883.52149878,217553.55639094,-181,z,z
6206,6387,-1273940.92980937,-2022832.772476,748891.842666631,-181,z,z
6207,6388,-1141864.09788284,-2110782.02345321,968917.925570377,-181,z,z
6208,6389,-692412.028189595,-2198731.27443043,1506319.24624084,-181,z,z
6209,6390,-1422631.88874762,-1583086.51758991,160454.628842289,-181,z,z
6210,6391,-1497370.94789657,-1671035.76856713,173664.820670554,-181,z,z
6211,6392,-1346107.29443045,-1758985.01954434,412877.725113894,-181,z,z
6212,6393,-1534816.33285166,-1846934.27052156,312117.9376699,-181,z,z
6213,6394,-1261696.85514362,-1934883.52149878,673186.666355157,-181,z,z
6214,6395,-1888000.26205212,-2022832.772476,134832.510423876,-181,z,z
6215,6396,-472536.490553787,-2110782.02345321,1638245.53289943,-181,z,z
6216,6397,-1064997.30720344,-2198731.27443043,1133733.967227,-181,z,z
6217,6398,-1054716.7382933,-1583086.51758991,528369.779296614,-181,z,z
6218,6399,-987493.083426154,-1671035.76856713,683542.685140974,-181,z,z
6219,6400,-1662409.23616103,-1758985.01954434,96575.7833833164,-181,z,z
6220,6401,-908601.648515254,-1846934.27052156,938332.622006308,-181,z,z
6221,6402,-1874701.92483334,-1934883.52149878,60181.5966654411,-181,z,z
6222,6403,-1934883.52149878,-2022832.772476,87949.2509772172,-181,z,z
6223,6404,-1025252.12370184,-2110782.02345321,1085529.89975137,-181,z,z
6224,6405,-569029.877010441,-2198731.27443043,1629701.39741999,-181,z,z
6225,6406,-1125375.87605056,-1583086.51758991,457710.641539348,-181,z,z
6226,6407,-1304429.3951158,-1671035.76856713,366606.37345133,-181,z,z
6227,6408,-1206103.64399839,-1758985.01954434,552881.375545952,-181,z,z
6228,6409,-1239011.13514384,-1846934.27052156,607923.135377722,-181,z,z
6229,6410,-1297525.30602495,-1934883.52149878,637358.215473831,-181,z,z
6230,6411,-2149878.23629173,-2022832.772476,-127045.463815729,-181,z,z
6231,6412,-1157593.23742021,-2110782.02345321,953188.786033004,-181,z,z
6232,6413,-776389.130439409,-2198731.27443043,1422342.14399102,-181,z,z
6233,6414,-902793.322307185,-1583086.51758991,680293.195282725,-181,z,z
6234,6415,-665216.996229611,-1671035.76856713,1005818.77233752,-181,z,z
6235,6416,-1531727.02969558,-1758985.01954434,227257.98984877,-181,z,z
6236,6417,-1493169.09682467,-1846934.27052156,353765.17369689,-181,z,z
6237,6418,-265294.923513874,-1934883.52149878,1669588.59798491,-181,z,z
6238,6419,-914160.848537937,-2022832.772476,1108671.92393806,-181,z,z
6239,6420,-796819.332874988,-2110782.02345321,1313962.69057823,-181,z,z
6240,6421,-177412.272467235,-2198731.27443043,2021319.0019632,-181,z,z
6241,6422,-827757.944699104,-1583086.51758991,755328.572890807,-181,z,z
6242,6423,-912696.924916363,-1671035.76856713,758338.843650765,-181,z,z
6243,6424,-884060.902034063,-1758985.01954434,874924.117510282,-181,z,z
6244,6425,-1639269.51214839,-1846934.27052156,207664.75837317,-181,z,z
6245,6426,-1216034.52390894,-1934883.52149878,718848.997589839,-181,z,z
6246,6427,-1089961.18434271,-2022832.772476,932871.588133288,-181,z,z
6247,6428,-660938.754180977,-2110782.02345321,1449843.26927224,-181,z,z
6248,6429,-1357966.80289546,-2198731.27443043,840764.471534975,-181,z,z
6249,6430,-1429308.63208309,-1583086.51758991,153777.885506818,-181,z,z
6250,6431,-1284920.59922907,-1671035.76856713,386115.169338061,-181,z,z
6251,6432,-1465051.95408568,-1758985.01954434,293933.065458667,-181,z,z
6252,6433,-1204346.99809164,-1846934.27052156,642587.272429923,-181,z,z
6253,6434,-1802182.06832248,-1934883.52149878,132701.4531763,-181,z,z
6254,6435,-451057.559164979,-2022832.772476,1571775.21331102,-181,z,z
6255,6436,-1016588.33869419,-2110782.02345321,1094193.68475903,-181,z,z
6256,6437,-1006775.06837087,-2198731.27443043,1191956.20605956,-181,z,z
6257,6438,-942607.03417951,-1583086.51758991,640479.4834104,-181,z,z
6258,6439,-1586845.17997189,-1671035.76856713,84190.5885952369,-181,z,z
6259,6440,-867301.573582743,-1758985.01954434,891683.445961603,-181,z,z
6260,6441,-1789488.20097728,-1846934.27052156,57446.0695442846,-181,z,z
6261,6442,-1846934.27052156,-1934883.52149878,87949.2509772172,-181,z,z
6262,6443,-978649.754442668,-2022832.772476,1044183.01803333,-181,z,z
6263,6444,-543164.882600876,-2110782.02345321,1567617.14085234,-181,z,z
6264,6445,-1074222.42713917,-2198731.27443043,1124508.84729126,-181,z,z
6265,6446,-1245137.14988326,-1583086.51758991,337949.367706649,-181,z,z
6266,6447,-1151280.75108938,-1671035.76856713,519755.017477752,-181,z,z
6267,6448,-1182692.44718276,-1758985.01954434,576292.572361589,-181,z,z
6268,6449,-1238546.88302381,-1846934.27052156,608387.387497748,-181,z,z
6269,6450,-2052156.49827847,-1934883.52149878,-117272.976779686,-181,z,z
6270,6451,-1104975.36299202,-2022832.772476,917857.409483978,-181,z,z
6271,6452,-741098.715419436,-2110782.02345321,1369683.30803378,-181,z,z
6272,6453,-861757.262202313,-2198731.27443043,1336974.01222812,-181,z,z
6273,6454,-634979.860037356,-1583086.51758991,948106.657552554,-181,z,z
6274,6455,-1462103.07380032,-1671035.76856713,208932.694766806,-181,z,z
6275,6456,-1425297.77424173,-1758985.01954434,333687.245302612,-181,z,z
6276,6457,-253236.063354152,-1846934.27052156,1593698.20716741,-181,z,z
6277,6458,-872608.082695303,-1934883.52149878,1062275.43880348,-181,z,z
6278,6459,-760600.272289761,-2022832.772476,1262232.50018624,-181,z,z
6279,6460,-169348.078264179,-2110782.02345321,1941433.94518904,-181,z,z
6280,6461,-788340.899713433,-2198731.27443043,1410390.374717,-181,z,z
6281,6462,-869235.166587012,-1583086.51758991,713851.351002898,-181,z,z
6282,6463,-841962.763841964,-1671035.76856713,829073.004725163,-181,z,z
6283,6464,-1561209.05918895,-1758985.01954434,197775.9603554,-181,z,z
6284,6465,-1158128.11800851,-1846934.27052156,688806.152513048,-181,z,z
6285,6466,-1038058.27080258,-1934883.52149878,896825.2506962,-181,z,z
6286,6467,-629465.480172359,-2022832.772476,1393367.29230364,-181,z,z
6287,6468,-1293301.71704329,-2110782.02345321,817480.306409922,-181,z,z
6288,6469,-1361246.31626961,-2198731.27443043,837484.95816082,-181,z,z
6289,6470,-1223733.90402768,-1583086.51758991,359352.613562228,-181,z,z
6290,6471,-1395287.57531969,-1671035.76856713,275748.193247435,-181,z,z
6291,6472,-1146997.14103966,-1758985.01954434,611987.878504688,-181,z,z
6292,6473,-1716363.87459284,-1846934.27052156,130570.395928725,-181,z,z
6293,6474,-429578.62777617,-1934883.52149878,1505304.89372261,-181,z,z
6294,6475,-968179.370184941,-2022832.772476,1054653.40229106,-181,z,z
6295,6476,-958833.398448452,-2110782.02345321,1151948.62500476,-181,z,z
6296,6477,-897720.984932867,-2198731.27443043,1301010.28949756,-181,z,z
6297,6478,-1511281.12378275,-1583086.51758991,71805.3938071574,-181,z,z
6298,6479,-826001.498650231,-1671035.76856713,845034.269916897,-181,z,z
6299,6480,-1704274.47712122,-1758985.01954434,54710.5424231282,-181,z,z
6300,6481,-1758985.01954434,-1846934.27052156,87949.2509772175,-181,z,z
6301,6482,-932047.385183493,-1934883.52149878,1002836.13631529,-181,z,z
6302,6483,-517299.88819131,-2022832.772476,1505532.88428469,-181,z,z
6303,6484,-1023068.97822778,-2110782.02345321,1087713.04522543,-181,z,z
6304,6485,-1185844.90465073,-2198731.27443043,1012886.36977971,-181,z,z
6305,6486,-1096457.85818036,-1583086.51758991,486628.659409553,-181,z,z
6306,6487,-1126373.75922167,-1671035.76856713,544662.009345455,-181,z,z
6307,6488,-1179568.46002268,-1758985.01954434,579416.559521664,-181,z,z
6308,6489,-1954434.76026521,-1846934.27052156,-107500.489743643,-181,z,z
6309,6490,-1052357.48856383,-1934883.52149878,882526.032934952,-181,z,z
6310,6491,-705808.300399463,-2022832.772476,1317024.47207653,-181,z,z
6311,6492,-820721.202097441,-2110782.02345321,1290060.82135577,-181,z,z
6312,6493,-604742.723845101,-2198731.27443043,1593988.55058533,-181,z,z
6313,6494,-1392479.11790507,-1583086.51758991,190607.399684842,-181,z,z
6314,6495,-1357426.45165879,-1671035.76856713,313609.316908335,-181,z,z
6315,6496,-241177.20319443,-1758985.01954434,1517807.81634991,-181,z,z
6316,6497,-831055.31685267,-1846934.27052156,1015878.95366889,-181,z,z
6317,6498,-724381.211704534,-1934883.52149878,1210502.30979425,-181,z,z
6318,6499,-161283.884061122,-2022832.772476,1861548.88841487,-181,z,z
6319,6500,-748923.854727761,-2110782.02345321,1361858.16872545,-181,z,z
6320,6501,-825773.408257662,-2198731.27443043,1372957.86617277,-181,z,z
6321,6502,-799864.625649866,-1583086.51758991,783221.891940044,-181,z,z
6322,6503,-1483148.6062295,-1671035.76856713,187887.16233763,-181,z,z
6323,6504,-1100221.71210809,-1758985.01954434,658763.307436256,-181,z,z
6324,6505,-986155.357262451,-1846934.27052156,860778.913259112,-181,z,z
6325,6506,-597992.206163741,-1934883.52149878,1336891.31533504,-181,z,z
6326,6507,-1228636.63119113,-2022832.772476,794196.141284869,-181,z,z
6327,6508,-1293184.00045613,-2110782.02345321,817598.022997083,-181,z,z
6328,6509,-1162547.2088263,-2198731.27443043,1036184.06560413,-181,z,z
6329,6510,-1325523.19655371,-1583086.51758991,257563.321036202,-181,z,z
6330,6511,-1089647.28398767,-1671035.76856713,581388.484579454,-181,z,z
6331,6512,-1630545.6808632,-1758985.01954434,128439.33868115,-181,z,z
6332,6513,-408099.696387362,-1846934.27052156,1438834.5741342,-181,z,z
6333,6514,-919770.401675694,-1934883.52149878,1015113.11982309,-181,z,z
6334,6515,-910891.728526029,-2022832.772476,1111941.04394997,-181,z,z
6335,6516,-852834.935686224,-2110782.02345321,1257947.08776699,-181,z,z
6336,6517,-1435717.06759362,-2198731.27443043,763014.206836816,-181,z,z
6337,6518,-784701.42371772,-1583086.51758991,798385.093872191,-181,z,z
6338,6519,-1619060.75326516,-1671035.76856713,51975.0153019717,-181,z,z
6339,6520,-1671035.76856713,-1758985.01954434,87949.2509772172,-181,z,z
6340,6521,-885445.015924318,-1846934.27052156,961489.254597244,-181,z,z
6341,6522,-491434.893781745,-1934883.52149878,1443448.62771703,-181,z,z
6342,6523,-971915.529316395,-2022832.772476,1050917.2431596,-181,z,z
6343,6524,-1126552.65941819,-2110782.02345321,984229.364035025,-181,z,z
6344,6525,-1041634.96527134,-2198731.27443043,1157096.30915909,-181,z,z
6345,6526,-1070055.07126059,-1583086.51758991,513031.446329321,-181,z,z
6346,6527,-1120590.03702155,-1671035.76856713,550445.731545581,-181,z,z
6347,6528,-1856713.02225194,-1758985.01954434,-97728.0027075999,-181,z,z
6348,6529,-999739.614135636,-1846934.27052156,847194.656385926,-181,z,z
6349,6530,-670517.885379489,-1934883.52149878,1264365.63611929,-181,z,z
6350,6531,-779685.141992569,-2022832.772476,1243147.63048343,-181,z,z
6351,6532,-574505.587652846,-2110782.02345321,1536276.43580037,-181,z,z
6352,6533,-1322855.16200982,-2198731.27443043,875876.112420617,-181,z,z
6353,6534,-1289555.12907585,-1583086.51758991,293531.388514057,-181,z,z
6354,6535,-229118.343034709,-1671035.76856713,1441917.42553242,-181,z,z
6355,6536,-789502.551010036,-1758985.01954434,969482.468534309,-181,z,z
6356,6537,-688162.151119307,-1846934.27052156,1158772.11940226,-181,z,z
6357,6538,-153219.689858066,-1934883.52149878,1781663.83164071,-181,z,z
6358,6539,-709506.809742089,-2022832.772476,1313325.96273391,-181,z,z
6359,6540,-782311.649928311,-2110782.02345321,1328470.3735249,-181,z,z
6360,6541,-757766.487457768,-2198731.27443043,1440964.78697266,-181,z,z
6361,6542,-1405088.15327005,-1583086.51758991,177998.36431986,-181,z,z
6362,6543,-1042315.30620766,-1671035.76856713,628720.462359464,-181,z,z
6363,6544,-934252.443722322,-1758985.01954434,824732.575822023,-181,z,z
6364,6545,-566518.932155123,-1846934.27052156,1280415.33836644,-181,z,z
6365,6546,-1163971.54533896,-1934883.52149878,770911.976159816,-181,z,z
6366,6547,-1225121.68464265,-2022832.772476,797711.087833346,-181,z,z
6367,6548,-1101360.51362491,-2110782.02345321,1009421.5098283,-181,z,z
6368,6549,-1255758.81778772,-2198731.27443043,942972.456642708,-181,z,z
6369,6550,-1032297.42693569,-1583086.51758991,550789.090654219,-181,z,z
6370,6551,-1544727.48713355,-1671035.76856713,126308.281433574,-181,z,z
6371,6552,-386620.764998553,-1758985.01954434,1372364.25454579,-181,z,z
6372,6553,-871361.433166447,-1846934.27052156,975572.837355115,-181,z,z
6373,6554,-862950.058603606,-1934883.52149878,1071933.46289517,-181,z,z
6374,6555,-807948.88643958,-2022832.772476,1214883.88603642,-181,z,z
6375,6556,-1360153.01140448,-2110782.02345321,750629.012048737,-181,z,z
6376,6557,-743401.348785208,-2198731.27443043,1455329.92564522,-181,z,z
6377,6558,-1533847.0294091,-1583086.51758991,49239.4881808153,-181,z,z
6378,6559,-1583086.51758991,-1671035.76856713,87949.2509772172,-181,z,z
6379,6560,-838842.646665144,-1758985.01954434,920142.372879201,-181,z,z
6380,6561,-465569.899372179,-1846934.27052156,1381364.37114938,-181,z,z
6381,6562,-920762.080405006,-1934883.52149878,1014121.44109377,-181,z,z
6382,6563,-1067260.41418565,-2022832.772476,955572.358290344,-181,z,z
6383,6564,-986812.072362322,-2110782.02345321,1123969.95109089,-181,z,z
6384,6565,-1013736.38329951,-2198731.27443043,1184994.89113093,-181,z,z
6385,6566,-1061611.61402041,-1583086.51758991,521474.903569498,-181,z,z
6386,6567,-1758991.28423868,-1671035.76856713,-87955.5156715568,-181,z,z
6387,6568,-947121.739707445,-1758985.01954434,811863.2798369,-181,z,z
6388,6569,-635227.470359516,-1846934.27052156,1211706.80016205,-181,z,z
6389,6570,-738649.081887697,-1934883.52149878,1196234.43961108,-181,z,z
6390,6571,-544268.451460591,-2022832.772476,1478564.32101541,-181,z,z
6391,6572,-1253231.20611456,-2110782.02345321,857550.817338653,-181,z,z
6392,6573,-1221683.80649291,-2198731.27443043,977047.467937518,-181,z,z
6393,6574,-217059.482874987,-1583086.51758991,1366027.03471492,-181,z,z
6394,6575,-747949.785167403,-1671035.76856713,923085.983399725,-181,z,z
6395,6576,-651943.090534081,-1758985.01954434,1107041.92901026,-181,z,z
6396,6577,-145155.49565501,-1846934.27052156,1701778.77486655,-181,z,z
6397,6578,-26609005.3653283,-1934883.52149878,-24674121.8438296,-181,z,z
6398,6579,-29339186.8723117,-2022832.772476,-27316354.0998357,-181,z,z
6399,6580,-28418743.2796663,-2110782.02345321,-26307961.2562131,-181,z,z
6400,6581,-52693305.7476269,-2198731.27443043,-50494574.4731965,-181,z,z
6401,6582,-39089323.9827874,-1583086.51758991,-37506237.4651975,-181,z,z
6402,6583,-35036966.6395871,-1671035.76856713,-33365930.8710199,-181,z,z
6403,6584,-21246959.9558171,-1758985.01954434,-19487974.9362728,-181,z,z
6404,6585,-43651432.9502111,-1846934.27052156,-41804498.6796896,-181,z,z
6405,6586,-45944563.1740994,-1934883.52149878,-44009679.6526006,-181,z,z
6406,6587,-41303519.2609343,-2022832.772476,-39280686.4884583,-181,z,z
6407,6588,-47093455.6670396,-2110782.02345321,-44982673.6435864,-181,z,z
6408,6589,-38713653.5100884,-2198731.27443043,-36514922.235658,-181,z,z
6409,6590,-57929780.7675083,-1583086.51758991,-56346694.2499183,-181,z,z
6410,6591,-14500778.6874457,-1671035.76856713,-12829742.9188786,-181,z,z
6411,6592,-32678553.7437418,-1758985.01954434,-30919568.7241974,-181,z,z
6412,6593,-32363127.1976352,-1846934.27052156,-30516192.9271137,-181,z,z
6413,6594,-30300583.2414843,-1934883.52149878,-28365699.7199855,-181,z,z
6414,6595,-51008237.9276679,-2022832.772476,-48985405.1551919,-181,z,z
6415,6596,-27880050.5794453,-2110782.02345321,-25769268.5559921,-181,z,z
6416,6597,-57521763.6028411,-2198731.27443043,-55323032.3284106,-181,z,z
6417,6598,-59368244.4096216,-1583086.51758991,-57785157.8920317,-181,z,z
6418,6599,-31459099.2499429,-1671035.76856713,-29788063.4813758,-181,z,z
6419,6600,-17461371.2264567,-1758985.01954434,-15702386.2069124,-181,z,z
6420,6601,-34531078.0151877,-1846934.27052156,-32684143.7446661,-181,z,z
6421,6602,-40024765.531962,-1934883.52149878,-38089882.0104632,-181,z,z
6422,6603,-37007952.7135871,-2022832.772476,-34985119.9411111,-181,z,z
6423,6604,-38017614.3737315,-2110782.02345321,-35906832.3502782,-181,z,z
6424,6605,-39812935.5257655,-2198731.27443043,-37614204.251335,-181,z,z
6425,6606,-65964673.1589507,-1583086.51758991,-64381586.6413608,-181,z,z
6426,6607,-35519565.2390292,-1671035.76856713,-33848529.470462,-181,z,z
6427,6608,-23823530.1384819,-1758985.01954434,-22064545.1189375,-181,z,z
6428,6609,-27701840.5707886,-1846934.27052156,-25854906.3002671,-181,z,z
6429,6610,-20412566.9297722,-1934883.52149878,-18477683.4082734,-181,z,z
6430,6611,-46998670.2292961,-2022832.772476,-44975837.4568201,-181,z,z
6431,6612,-45815642.7434843,-2110782.02345321,-43704860.720031,-181,z,z
6432,6613,-8142230.60781203,-2198731.27443043,-5943499.33338159,-181,z,z
6433,6614,-28050616.9437776,-1583086.51758991,-26467530.4261877,-181,z,z
6434,6615,-24450365.895028,-1671035.76856713,-22779330.1264609,-181,z,z
6435,6616,-5445831.08706288,-1758985.01954434,-3686846.06751854,-181,z,z
6436,6617,-985426.124641791,-1846934.27052156,861508.145879772,-181,z,z
6437,6618,-1086543.95823377,-1934883.52149878,848339.563265014,-181,z,z
6438,6619,-1052453.45480246,-2022832.772476,970379.317673541,-181,z,z
6439,6620,-1951511.32398618,-2110782.02345321,159270.699467033,-181,z,z
6440,6621,-1447660.14751064,-2198731.27443043,751071.126919788,-181,z,z
6441,6622,-1297572.83850322,-1583086.51758991,285513.679086686,-181,z,z
6442,6623,-786831.850215449,-1671035.76856713,884203.918351679,-181,z,z
6443,6624,-1616627.14630412,-1758985.01954434,142357.873240229,-181,z,z
6444,6625,-1701557.89533702,-1846934.27052156,145376.375184547,-181,z,z
6445,6626,-1529667.3800346,-1934883.52149878,405216.141464176,-181,z,z
6446,6627,-1744109.46914962,-2022832.772476,278723.303326381,-181,z,z
6447,6628,-1433746.42629957,-2110782.02345321,677035.597153643,-181,z,z
6448,6630,-2145454.84324105,-1583086.51758991,-562368.325651136,-182,z,z
6449,6631,-536973.284720213,-1671035.76856713,1134062.48384692,-182,z,z
6450,6632,-1210224.21273118,-1758985.01954434,548760.806813169,-182,z,z
6451,6633,-1198541.74806056,-1846934.27052156,648392.522460998,-182,z,z
6452,6634,-1122151.23116608,-1934883.52149878,812732.290332696,-182,z,z
6453,6635,-1889101.40472844,-2022832.772476,133731.367747556,-182,z,z
6454,6637,-1032501.87331279,-1583086.51758991,550584.644277122,-183,z,z
6455,6638,-2130343.09640152,-1671035.76856713,-459307.327834393,-183,z,z
6456,6639,-2198731.27443043,-1758985.01954434,-439746.254886087,-183,z,z
6457,6640,-1165059.23147937,-1846934.27052156,681875.039042197,-183,z,z
6458,6641,-646624.860239138,-1934883.52149878,1288258.66125964,-183,z,z
6459,6643,-1278836.22278473,-1583086.51758991,304250.294805181,-184,z,z
6460,6644,-1482306.13081341,-1671035.76856713,188729.637753721,-184,z,z
6461,6645,-1370572.32272545,-1758985.01954434,388412.696818898,-184,z,z
6462,6646,-1407967.19902709,-1846934.27052156,438967.071494471,-184,z,z
6463,6648,-1474460.57502835,-1583086.51758991,108625.94256156,-185,z,z
6464,6649,-2443043.45033151,-1671035.76856713,-772007.681764379,-185,z,z
6465,6650,-1315446.86070478,-1758985.01954434,443538.158839561,-185,z,z
6466,6652,-882260.375499328,-1583086.51758991,700826.142090582,-186,z,z
6467,6653,-1025901.5026218,-1671035.76856713,645134.265945327,-186,z,z
6468,6655,-755928.404806377,-1583086.51758991,827158.112783534,-187,z,z
6469,6658,-1740598.89738134,-81789658.0498515,80049059.1524702,-189,z,z
6470,6659,-1696783.06457349,-79692551.4331886,77995768.3686151,-189,z,z
6471,6660,-301471.503993038,-77595444.8165258,77293973.3125327,-189,z,z
6472,6661,-1038819.14606584,-75498338.1998629,74459519.0537971,-189,z,z
6473,6662,-905476.514630667,-73401231.5832001,72495755.0685694,-189,z,z
6474,6663,-201604.855076403,-71304124.9665372,71102520.1114608,-189,z,z
6475,6664,-946009.079656119,-69207018.3498743,68261009.2702182,-189,z,z
6476,6665,-1043082.19990441,-67109911.7332115,66066829.5333071,-189,z,z
6477,6666,-1010355.31661036,-65012805.1165486,64002449.7999383,-189,z,z
6478,6667,-1873450.87102673,-62915698.4998858,61042247.628859,-189,z,z
6479,6668,-1389753.74161022,-60818591.8832229,59428838.1416127,-189,z,z
6480,6669,-1245669.9249631,-58721485.26656,57475815.341597,-189,z,z
6481,6670,-755358.576206831,-56624378.6498972,55869020.0736904,-189,z,z
6482,6671,-1551962.06045195,-54527272.0332343,52975309.9727824,-189,z,z
6483,6672,-1633495.57952353,-52430165.4165715,50796669.8370479,-189,z,z
6484,6673,-1468480.68483322,-50333058.7999086,48864578.1150754,-189,z,z
6485,6674,-1674345.09038363,-48235952.1832457,46561607.0928621,-189,z,z
6486,6675,-1376396.56924759,-46138845.5665829,44762448.9973353,-189,z,z
6487,6676,-2059636.64951141,-44041738.94992,41982102.3004086,-189,z,z
6488,6677,-515494.353331404,-41944632.3332572,41429137.9799258,-189,z,z
6489,6678,-1161815.24422193,-39847525.7165943,38685710.4723724,-189,z,z
6490,6679,-1150600.07813814,-37750419.0999315,36599819.0217933,-189,z,z
6491,6680,-1077265.18191944,-35653312.4832686,34576047.3013492,-189,z,z
6492,6681,-1813537.3485393,-33556205.8666057,31742668.5180664,-189,z,z
6493,6682,-991201.798380277,-31459099.2499429,30467897.4515626,-189,z,z
6494,6683,-2045129.37254546,-29361992.63328,27316863.2607346,-189,z,z
6495,6684,-2110782.02345321,-27264886.0166172,25154103.993164,-189,z,z
6496,6685,-1118456.86222019,-25167779.3999543,24049322.5377341,-189,z,z
6497,6686,-620759.865829572,-23070672.7832914,22449912.9174619,-189,z,z
6498,6687,-1227682.77387334,-20973566.1666286,19745883.3927552,-189,z,z
6499,6688,-1423013.88558087,-18876459.5499657,17453445.6643849,-189,z,z
6500,6689,-1315749.42981643,-16779352.9333029,15463603.5034864,-189,z,z
6501,6690,-1351648.51106601,-14682246.31664,13330597.805574,-189,z,z
6502,6691,-1415482.15202722,-12585139.6999772,11169657.5479499,-189,z,z
6503,6692,-2345321.71231825,-10488033.0833143,8142711.37099605,-189,z,z
6504,6693,-1262828.98627659,-8390926.46665144,7128097.48037484,-189,z,z
6505,6694,-846969.960479355,-6293819.84998858,5446849.88950922,-189,z,z
6506,6695,-984865.442516929,-4196713.23332572,3211847.79080879,-189,z,z
6507,6696,-725691.268614122,-2099606.61666286,1373915.34804874,-189,z,z
6508,6697,-1670974.94148608,-2500,-1668474.94148608,-189,z,z
6509,6699,-1628911.74199055,-838842.646665144,-790069.095325408,-190,z,z
6510,6700,-289412.643833317,-885445.015924318,596032.372091002,-190,z,z
6511,6701,-997266.380223204,-932047.385183493,-65218.9950397107,-190,z,z
6512,6702,-869257.454045441,-978649.754442668,109392.300397227,-190,z,z
6513,6703,-193540.660873347,-1025252.12370184,831711.462828495,-190,z,z
6514,6704,-906592.034670447,-1071854.49296102,165262.45829057,-190,z,z
6515,6705,-999620.441575064,-1118456.86222019,118836.420645127,-190,z,z
6516,6706,-968257.178418259,-1165059.23147937,196802.053061107,-190,z,z
6517,6707,-1795390.41806729,-838842.646665144,-956547.771402143,-190,z,z
6518,6708,-1331847.33570979,-885445.015924318,-446402.319785474,-190,z,z
6519,6709,-1193767.01142297,-932047.385183493,-261719.626239474,-190,z,z
6520,6710,-723885.302198213,-978649.754442668,254764.452244455,-190,z,z
6521,6711,-1487296.97459979,-1025252.12370184,-462044.850897944,-190,z,z
6522,6712,-1565433.26371005,-1071854.49296102,-493578.770749037,-190,z,z
6523,6713,-1407293.98963183,-1118456.86222019,-288837.127411644,-190,z,z
6524,6714,-1604580.71161765,-1165059.23147937,-439521.480138281,-190,z,z
6525,6715,-1319046.71219561,-838842.646665144,-480204.065530462,-190,z,z
6526,6716,-1973818.45578176,-885445.015924318,-1088373.43985744,-190,z,z
6527,6717,-494015.421942596,-932047.385183493,438031.963240897,-190,z,z
6528,6718,-1113406.27571268,-978649.754442668,-134756.521270015,-190,z,z
6529,6719,-1102658.40821572,-1025252.12370184,-77406.2845138773,-190,z,z
6530,6720,-1032379.1326728,-1071854.49296102,39475.3602882196,-190,z,z
6531,6721,-1737973.29235017,-1118456.86222019,-619516.430129975,-190,z,z
6532,6722,-949901.723447766,-1165059.23147937,215157.5080316,-190,z,z
6533,6723,-1959915.6486894,-838842.646665144,-1121073.00202426,-190,z,z
6534,6724,-2022832.772476,-885445.015924318,-1137387.75655168,-190,z,z
6535,6725,-1071854.49296102,-932047.385183493,-139807.107777524,-190,z,z
6536,6726,-594894.871420007,-978649.754442668,383754.883022661,-190,z,z
6537,6727,-1176529.32496195,-1025252.12370184,-151277.201260109,-190,z,z
6538,6728,-1363721.64034833,-1071854.49296102,-291867.147387318,-190,z,z
6539,6729,-1260926.53690741,-1118456.86222019,-142469.67468722,-190,z,z
6540,6730,-1295329.82310492,-1165059.23147937,-130270.591625558,-190,z,z
6541,6731,-1356503.72902608,-838842.646665144,-517661.082360939,-190,z,z
6542,6732,-2247599.97430499,-885445.015924318,-1362154.95838067,-190,z,z
6543,6733,-1210211.1118484,-932047.385183493,-278163.726664909,-190,z,z
6544,6734,-811679.545459382,-978649.754442668,166970.208983286,-190,z,z
6545,6735,-943829.382412057,-1025252.12370184,81422.7412897849,-190,z,z
6546,6736,-695454.132421866,-1071854.49296102,376400.36053915,-190,z,z
6547,6737,-1601350.98559083,-1118456.86222019,-482894.123370637,-190,z,z
6548,6738,-1561040.41940761,-1165059.23147937,-395981.187928246,-190,z,z
6549,6739,-277353.783673595,-838842.646665144,561488.862991549,-190,z,z
6550,6740,-955713.61438057,-885445.015924318,-70268.5984562518,-190,z,z
6551,6741,-833038.393460214,-932047.385183493,99008.9917232787,-190,z,z
6552,6742,-185476.466670291,-978649.754442668,793173.287772377,-190,z,z
6553,6743,-867174.989684776,-1025252.12370184,158077.134017066,-190,z,z
6554,6744,-956158.683245714,-1071854.49296102,115695.809715303,-190,z,z
6555,6745,-926159.040226161,-1118456.86222019,192297.821994031,-190,z,z
6556,6746,-1717329.96510784,-1165059.23147937,-552270.733628474,-190,z,z
6557,6747,-1273940.92980937,-838842.646665144,-435098.283144223,-190,z,z
6558,6748,-1141864.09788284,-885445.015924318,-256419.081958519,-190,z,z
6559,6749,-692412.028189595,-932047.385183493,239635.356993898,-190,z,z
6560,6750,-1422631.88874762,-978649.754442668,-443982.134304954,-190,z,z
6561,6751,-1497370.94789657,-1025252.12370184,-472118.824194731,-190,z,z
6562,6752,-1346107.29443045,-1071854.49296102,-274252.801469434,-190,z,z
6563,6753,-1534816.33285166,-1118456.86222019,-416359.470631471,-190,z,z
6564,6754,-1261696.85514362,-1165059.23147937,-96637.6236642567,-190,z,z
6565,6755,-1888000.26205212,-838842.646665144,-1049157.61538698,-190,z,z
6566,6756,-472536.490553787,-885445.015924318,412908.525370531,-190,z,z
6567,6757,-1064997.30720344,-932047.385183493,-132949.922019942,-190,z,z
6568,6758,-1054716.7382933,-978649.754442668,-76066.9838506292,-190,z,z
6569,6759,-987493.083426154,-1025252.12370184,37759.0402756883,-190,z,z
6570,6760,-1662409.23616103,-1071854.49296102,-590554.743200012,-190,z,z
6571,6761,-908601.648515254,-1118456.86222019,209855.213704937,-190,z,z
6572,6762,-1874701.92483334,-1165059.23147937,-709642.693353973,-190,z,z
6573,6763,-1934883.52149878,-838842.646665144,-1096040.87483364,-190,z,z
6574,6764,-1025252.12370184,-885445.015924318,-139807.107777524,-190,z,z
6575,6765,-569029.877010441,-932047.385183493,363017.508173052,-190,z,z
6576,6766,-1125375.87605056,-978649.754442668,-146726.121607895,-190,z,z
6577,6767,-1304429.3951158,-1025252.12370184,-279177.271413956,-190,z,z
6578,6768,-1206103.64399839,-1071854.49296102,-134249.151037377,-190,z,z
6579,6769,-1239011.13514384,-1118456.86222019,-120554.272923649,-190,z,z
6580,6770,-1297525.30602495,-1165059.23147937,-132466.074545583,-190,z,z
6581,6771,-2149878.23629173,-838842.646665144,-1311035.58962658,-190,z,z
6582,6772,-1157593.23742021,-885445.015924318,-272148.221495892,-190,z,z
6583,6773,-776389.130439409,-932047.385183493,155658.254744084,-190,z,z
6584,6774,-902793.322307185,-978649.754442668,75856.4321354824,-190,z,z
6585,6775,-665216.996229611,-1025252.12370184,360035.127472231,-190,z,z
6586,6776,-1531727.02969558,-1071854.49296102,-459872.536734558,-190,z,z
6587,6777,-1493169.09682467,-1118456.86222019,-374712.234604481,-190,z,z
6588,6778,-265294.923513874,-1165059.23147937,899764.307965492,-190,z,z
6589,6779,-914160.848537937,-838842.646665144,-75318.201872793,-190,z,z
6590,6780,-796819.332874988,-885445.015924318,88625.6830493309,-190,z,z
6591,6781,-177412.272467235,-932047.385183493,754635.112716258,-190,z,z
6592,6782,-827757.944699104,-978649.754442668,150891.809743564,-190,z,z
6593,6783,-912696.924916363,-1025252.12370184,112555.198785479,-190,z,z
6594,6784,-884060.902034063,-1071854.49296102,187793.590926954,-190,z,z
6595,6785,-1639269.51214839,-1118456.86222019,-520812.649928201,-190,z,z
6596,6786,-1216034.52390894,-1165059.23147937,-50975.2924295745,-190,z,z
6597,6787,-1089961.18434271,-838842.646665144,-251118.537677565,-190,z,z
6598,6788,-660938.754180977,-885445.015924318,224506.261743341,-190,z,z
6599,6789,-1357966.80289546,-932047.385183493,-425919.417711964,-190,z,z
6600,6790,-1429308.63208309,-978649.754442668,-450658.877640425,-190,z,z
6601,6791,-1284920.59922907,-1025252.12370184,-259668.475527225,-190,z,z
6602,6792,-1465051.95408568,-1071854.49296102,-393197.461124661,-190,z,z
6603,6793,-1204346.99809164,-1118456.86222019,-85890.1358714483,-190,z,z
6604,6794,-1802182.06832248,-1165059.23147937,-637122.836843114,-190,z,z
6605,6795,-451057.559164979,-838842.646665144,387785.087500165,-190,z,z
6606,6796,-1016588.33869419,-885445.015924318,-131143.32276987,-190,z,z
6607,6797,-1006775.06837087,-932047.385183493,-74727.6831873813,-190,z,z
6608,6798,-942607.03417951,-978649.754442668,36042.7202631572,-190,z,z
6609,6799,-1586845.17997189,-1025252.12370184,-561593.056270049,-190,z,z
6610,6800,-867301.573582743,-1071854.49296102,204552.919378274,-190,z,z
6611,6801,-1789488.20097728,-1118456.86222019,-671031.338757086,-190,z,z
6612,6802,-1846934.27052156,-1165059.23147937,-681875.039042197,-190,z,z
6613,6803,-978649.754442668,-838842.646665144,-139807.107777524,-190,z,z
6614,6804,-543164.882600876,-885445.015924318,342280.133323442,-190,z,z
6615,6805,-1074222.42713917,-932047.385183493,-142175.041955681,-190,z,z
6616,6806,-1245137.14988326,-978649.754442668,-266487.395440594,-190,z,z
6617,6807,-1151280.75108938,-1025252.12370184,-126028.627387533,-190,z,z
6618,6808,-1182692.44718276,-1071854.49296102,-110837.95422174,-190,z,z
6619,6809,-1238546.88302381,-1118456.86222019,-120090.020803623,-190,z,z
6620,6810,-2052156.49827847,-1165059.23147937,-887097.2667991,-190,z,z
6621,6811,-1104975.36299202,-838842.646665144,-266132.716326875,-190,z,z
6622,6812,-741098.715419436,-885445.015924318,144346.300504883,-190,z,z
6623,6813,-861757.262202313,-932047.385183493,70290.1229811799,-190,z,z
6624,6814,-634979.860037356,-978649.754442668,343669.894405311,-190,z,z
6625,6815,-1462103.07380032,-1025252.12370184,-436850.95009848,-190,z,z
6626,6816,-1425297.77424173,-1071854.49296102,-353443.281280716,-190,z,z
6627,6817,-253236.063354152,-1118456.86222019,865220.79886604,-190,z,z
6628,6818,-872608.082695303,-1165059.23147937,292451.148784063,-190,z,z
6629,6819,-760600.272289761,-838842.646665144,78242.3743753829,-190,z,z
6630,6820,-169348.078264179,-885445.015924318,716096.93766014,-190,z,z
6631,6821,-788340.899713433,-932047.385183493,143706.48547006,-190,z,z
6632,6822,-869235.166587012,-978649.754442668,109414.587855655,-190,z,z
6633,6823,-841962.763841964,-1025252.12370184,183289.359859878,-190,z,z
6634,6824,-1561209.05918895,-1071854.49296102,-489354.566227928,-190,z,z
6635,6825,-1158128.11800851,-1118456.86222019,-39671.2557883232,-190,z,z
6636,6826,-1038058.27080258,-1165059.23147937,127000.960676786,-190,z,z
6637,6827,-629465.480172359,-838842.646665144,209377.166492785,-190,z,z
6638,6828,-1293301.71704329,-885445.015924318,-407856.701118974,-190,z,z
6639,6829,-1361246.31626961,-932047.385183493,-429198.931086119,-190,z,z
6640,6830,-1223733.90402768,-978649.754442668,-245084.149585015,-190,z,z
6641,6831,-1395287.57531969,-1025252.12370184,-370035.451617851,-190,z,z
6642,6832,-1146997.14103966,-1071854.49296102,-75142.6480786402,-190,z,z
6643,6833,-1716363.87459284,-1118456.86222019,-597907.012372646,-190,z,z
6644,6834,-429578.62777617,-1165059.23147937,735480.603703196,-190,z,z
6645,6835,-968179.370184941,-838842.646665144,-129336.723519798,-190,z,z
6646,6836,-958833.398448452,-885445.015924318,-73388.3825241332,-190,z,z
6647,6837,-897720.984932867,-932047.385183493,34326.4002506258,-190,z,z
6648,6838,-1511281.12378275,-978649.754442668,-532631.369340086,-190,z,z
6649,6839,-826001.498650231,-1025252.12370184,199250.625051611,-190,z,z
6650,6840,-1704274.47712122,-1071854.49296102,-632419.9841602,-190,z,z
6651,6841,-1758985.01954434,-1118456.86222019,-640528.157324154,-190,z,z
6652,6842,-932047.385183493,-1165059.23147937,233011.846295873,-190,z,z
6653,6843,-517299.88819131,-838842.646665144,321542.758473833,-190,z,z
6654,6844,-1023068.97822778,-885445.015924318,-137623.962303466,-190,z,z
6655,6845,-1185844.90465073,-932047.385183493,-253797.519467233,-190,z,z
6656,6846,-1096457.85818036,-978649.754442668,-117808.10373769,-190,z,z
6657,6847,-1126373.75922167,-1025252.12370184,-101121.635519831,-190,z,z
6658,6848,-1179568.46002268,-1071854.49296102,-107713.967061664,-190,z,z
6659,6849,-1954434.76026521,-1118456.86222019,-835977.898045014,-190,z,z
6660,6850,-1052357.48856383,-1165059.23147937,112701.742915539,-190,z,z
6661,6851,-705808.300399463,-838842.646665144,133034.346265681,-190,z,z
6662,6852,-820721.202097441,-885445.015924318,64723.8138268773,-190,z,z
6663,6853,-604742.723845101,-932047.385183493,327304.661338392,-190,z,z
6664,6854,-1392479.11790507,-978649.754442668,-413829.363462401,-190,z,z
6665,6855,-1357426.45165879,-1025252.12370184,-332174.327956951,-190,z,z
6666,6856,-241177.20319443,-1071854.49296102,830677.289766586,-190,z,z
6667,6857,-831055.31685267,-1118456.86222019,287401.545367522,-190,z,z
6668,6858,-724381.211704534,-1165059.23147937,440678.019774832,-190,z,z
6669,6859,-161283.884061122,-838842.646665144,677558.762604021,-190,z,z
6670,6860,-748923.854727761,-885445.015924318,136521.161196557,-190,z,z
6671,6861,-825773.408257662,-932047.385183493,106273.976925831,-190,z,z
6672,6862,-799864.625649866,-978649.754442668,178785.128792801,-190,z,z
6673,6863,-1483148.6062295,-1025252.12370184,-457896.482527656,-190,z,z
6674,6864,-1100221.71210809,-1071854.49296102,-28367.2191470722,-190,z,z
6675,6865,-986155.357262451,-1118456.86222019,132301.504957741,-190,z,z
6676,6866,-597992.206163741,-1165059.23147937,567067.025315625,-190,z,z
6677,6867,-1228636.63119113,-838842.646665144,-389793.984525984,-190,z,z
6678,6868,-1293184.00045613,-885445.015924318,-407738.984531813,-190,z,z
6679,6869,-1162547.2088263,-932047.385183493,-230499.823642806,-190,z,z
6680,6870,-1325523.19655371,-978649.754442668,-346873.442111041,-190,z,z
6681,6871,-1089647.28398767,-1025252.12370184,-64395.1602858321,-190,z,z
6682,6872,-1630545.6808632,-1071854.49296102,-558691.187902179,-190,z,z
6683,6873,-408099.696387362,-1118456.86222019,710357.16583283,-190,z,z
6684,6874,-919770.401675694,-1165059.23147937,245288.829803672,-190,z,z
6685,6875,-910891.728526029,-838842.646665144,-72049.0818608853,-190,z,z
6686,6876,-852834.935686224,-885445.015924318,32610.0802380946,-190,z,z
6687,6877,-1435717.06759362,-932047.385183493,-503669.682410123,-190,z,z
6688,6878,-784701.42371772,-978649.754442668,193948.330724948,-190,z,z
6689,6879,-1619060.75326516,-1025252.12370184,-593808.629563314,-190,z,z
6690,6880,-1671035.76856713,-1071854.49296102,-599181.275606111,-190,z,z
6691,6881,-885445.015924318,-1118456.86222019,233011.846295873,-190,z,z
6692,6882,-491434.893781745,-1165059.23147937,673624.337697621,-190,z,z
6693,6883,-971915.529316395,-838842.646665144,-133072.882651251,-190,z,z
6694,6884,-1126552.65941819,-885445.015924318,-241107.643493871,-190,z,z
6695,6885,-1041634.96527134,-932047.385183493,-109587.580087847,-190,z,z
6696,6886,-1070055.07126059,-978649.754442668,-91405.3168179217,-190,z,z
6697,6887,-1120590.03702155,-1025252.12370184,-95337.9133197046,-190,z,z
6698,6888,-1856713.02225194,-1071854.49296102,-784858.529290928,-190,z,z
6699,6889,-999739.614135636,-1118456.86222019,118717.248084555,-190,z,z
6700,6890,-670517.885379489,-1165059.23147937,494541.346099877,-190,z,z
6701,6891,-779685.141992569,-838842.646665144,59157.5046725747,-190,z,z
6702,6892,-574505.587652846,-885445.015924318,310939.428271472,-190,z,z
6703,6893,-1322855.16200982,-932047.385183493,-390807.776826322,-190,z,z
6704,6894,-1289555.12907585,-978649.754442668,-310905.374633186,-190,z,z
6705,6895,-229118.343034709,-1025252.12370184,796133.780667133,-190,z,z
6706,6896,-789502.551010036,-1071854.49296102,282351.941950981,-190,z,z
6707,6897,-688162.151119307,-1118456.86222019,430294.711100884,-190,z,z
6708,6898,-153219.689858066,-1165059.23147937,1011839.5416213,-190,z,z
6709,6899,-709506.809742089,-838842.646665144,129335.836923054,-190,z,z
6710,6900,-782311.649928311,-885445.015924318,103133.365996007,-190,z,z
6711,6901,-757766.487457768,-932047.385183493,174280.897725725,-190,z,z
6712,6902,-1405088.15327005,-978649.754442668,-426438.398827383,-190,z,z
6713,6903,-1042315.30620766,-1025252.12370184,-17063.1825058212,-190,z,z
6714,6904,-934252.443722322,-1071854.49296102,137602.049238695,-190,z,z
6715,6905,-566518.932155123,-1118456.86222019,551937.930065069,-190,z,z
6716,6906,-1163971.54533896,-1165059.23147937,1087.68614040269,-190,z,z
6717,6907,-1225121.68464265,-838842.646665144,-386279.037977507,-190,z,z
6718,6908,-1101360.51362491,-885445.015924318,-215915.497700596,-190,z,z
6719,6909,-1255758.81778772,-932047.385183493,-323711.432604231,-190,z,z
6720,6910,-1032297.42693569,-978649.754442668,-53647.6724930238,-190,z,z
6721,6911,-1544727.48713355,-1025252.12370184,-519475.363431712,-190,z,z
6722,6912,-386620.764998553,-1071854.49296102,685233.727962464,-190,z,z
6723,6913,-871361.433166447,-1118456.86222019,247095.429053744,-190,z,z
6724,6914,-862950.058603606,-1165059.23147937,302109.17287576,-190,z,z
6725,6915,-807948.88643958,-838842.646665144,30893.7602255632,-190,z,z
6726,6916,-1360153.01140448,-885445.015924318,-474707.99548016,-190,z,z
6727,6917,-743401.348785208,-932047.385183493,188646.036398285,-190,z,z
6728,6918,-1533847.0294091,-978649.754442668,-555197.274966428,-190,z,z
6729,6919,-1583086.51758991,-1025252.12370184,-557834.393888069,-190,z,z
6730,6920,-838842.646665144,-1071854.49296102,233011.846295873,-190,z,z
6731,6921,-465569.899372179,-1118456.86222019,652886.962848012,-190,z,z
6732,6922,-920762.080405006,-1165059.23147937,244297.15107436,-190,z,z
6733,6923,-1067260.41418565,-838842.646665144,-228417.767520509,-190,z,z
6734,6924,-986812.072362322,-885445.015924318,-101367.056438004,-190,z,z
6735,6925,-1013736.38329951,-932047.385183493,-81688.9981160128,-190,z,z
6736,6926,-1061611.61402041,-978649.754442668,-82961.8595777451,-190,z,z
6737,6927,-1758991.28423868,-1025252.12370184,-733739.160536843,-190,z,z
6738,6928,-947121.739707445,-1071854.49296102,124732.753253572,-190,z,z
6739,6929,-635227.470359516,-1118456.86222019,483229.391860675,-190,z,z
6740,6930,-738649.081887697,-1165059.23147937,426410.149591669,-190,z,z
6741,6931,-544268.451460591,-838842.646665144,294574.195204553,-190,z,z
6742,6932,-1253231.20611456,-885445.015924318,-367786.190190243,-190,z,z
6743,6933,-1221683.80649291,-932047.385183493,-289636.421309421,-190,z,z
6744,6934,-217059.482874987,-978649.754442668,761590.27156768,-190,z,z
6745,6935,-747949.785167403,-1025252.12370184,277302.33853444,-190,z,z
6746,6936,-651943.090534081,-1071854.49296102,419911.402426936,-190,z,z
6747,6937,-145155.49565501,-1118456.86222019,973301.366565181,-190,z,z
6748,6938,-24835238.3409731,-1165059.23147937,-23670179.1094938,-190,z,z
6749,6939,-27383407.7474909,-838842.646665144,-26544565.1008257,-190,z,z
6750,6940,-26524327.0610219,-885445.015924318,-25638882.0450976,-190,z,z
6751,6941,-49180585.3644518,-932047.385183493,-48248537.9792683,-190,z,z
6752,6942,-36483535.7172682,-978649.754442668,-35504885.9628255,-190,z,z
6753,6943,-32701335.5302813,-1025252.12370184,-31676083.4065794,-190,z,z
6754,6944,-19830662.6254293,-1071854.49296102,-18758808.1324683,-190,z,z
6755,6945,-40741504.0868637,-1118456.86222019,-39623047.2246435,-190,z,z
6756,6947,-42881758.9624928,-838842.646665144,-42042916.3158276,-191,z,z
6757,6948,-38550117.976872,-885445.015924318,-37664672.9609477,-191,z,z
6758,6949,-43954058.6225703,-932047.385183493,-43022011.2373868,-191,z,z
6759,6950,-36132909.9427492,-978649.754442668,-35154260.1883065,-191,z,z
6760,6951,-54067962.0496744,-1025252.12370184,-53042709.9259725,-191,z,z
6761,6952,-13534226.7749494,-1071854.49296102,-12462372.2819883,-191,z,z
6762,6954,-30500150.1608256,-838842.646665144,-29661307.5141605,-192,z,z
6763,6955,-30205752.0511262,-885445.015924318,-29320307.0352019,-192,z,z
6764,6956,-28280711.0253853,-932047.385183493,-27348663.6402018,-192,z,z
6765,6957,-47607855.3991567,-978649.754442668,-46629205.644714,-192,z,z
6766,6958,-26021547.2074823,-1025252.12370184,-24996295.0837804,-192,z,z
6767,6960,-53687146.0293183,-838842.646665144,-52848303.3826532,-193,z,z
6768,6961,-55410528.1156469,-885445.015924318,-54525083.0997226,-193,z,z
6769,6962,-29361992.63328,-932047.385183493,-28429945.2480965,-193,z,z
6770,6963,-16297446.4780263,-978649.754442668,-15318796.7235836,-193,z,z
6771,6965,-32229172.8141752,-838842.646665144,-31390330.16751,-194,z,z
6772,6966,-37356614.4964979,-885445.015924318,-36471169.4805735,-194,z,z
6773,6967,-34540922.5326813,-932047.385183493,-33608875.1474978,-194,z,z
6774,6969,-35483273.4154827,-838842.646665144,-34644430.7688176,-195,z,z
6775,6970,-37158906.4907144,-885445.015924318,-36273461.4747901,-195,z,z
6776,6972,-61567194.948354,-838842.646665144,-60728352.3016888,-196,z,z
6777,6975,-33151760.8897606,-45395565.1887875,12243804.2990269,-198,z,z
6778,6976,-22235461.4625831,-44231640.440357,21996178.977774,-198,z,z
6779,6977,-25855217.8660694,-43067715.6919266,17212497.8258572,-198,z,z
6780,6978,-19051895.8011207,-41903790.9434961,22851895.1423754,-198,z,z
6781,6979,-43865592.2140097,-40739866.1950657,-3125726.01894397,-198,z,z
6782,6980,-42761433.227252,-39575941.4466352,-3185491.78061675,-198,z,z
6783,6981,-7599581.90062456,-38412016.6982048,30812434.7975802,-198,z,z
6784,6982,-26180742.4808591,-37248091.9497743,11067349.4689152,-198,z,z
6785,6983,-22820508.1686928,-36084167.2013439,13263659.0326511,-198,z,z
6786,6984,-5082942.34792536,-34920242.4529134,29837300.1049881,-198,z,z
6787,6985,-985426.124641791,-33756317.704483,32770891.5798412,-198,z,z
6788,6986,-1086543.95823377,-32592392.9560525,31505848.9978188,-198,z,z
6789,6987,-1052453.45480246,-31428468.2076221,30376014.7528196,-198,z,z
6790,6988,-1951511.32398618,-30264543.4591916,28313032.1352055,-198,z,z
6791,6989,-1447660.14751064,-29100618.7107612,27652958.5632506,-198,z,z
6792,6990,-1297572.83850322,-27936693.9623308,26639121.1238275,-198,z,z
6793,6991,-786831.850215449,-26772769.2139003,25985937.3636849,-198,z,z
6794,6992,-1616627.14630412,-25608844.4654699,23992217.3191657,-198,z,z
6795,6993,-1701557.89533702,-24444919.7170394,22743361.8217024,-198,z,z
6796,6994,-1529667.3800346,-23280994.968609,21751327.5885744,-198,z,z
6797,6995,-1744109.46914962,-22117070.2201785,20372960.7510289,-198,z,z
6798,6996,-1433746.42629957,-20953145.4717481,19519399.0454485,-198,z,z
6799,6997,-2145454.84324105,-19789220.7233176,17643765.8800766,-198,z,z
6800,6998,-536973.284720213,-18625295.9748872,18088322.690167,-198,z,z
6801,6999,-1210224.21273118,-17461371.2264567,16251147.0137255,-198,z,z
6802,7000,-1198541.74806056,-16297446.4780263,15098904.7299657,-198,z,z
6803,7001,-1122151.23116608,-15133521.7295958,14011370.4984297,-198,z,z
6804,7002,-1889101.40472844,-13969596.9811654,12080495.5764369,-198,z,z
6805,7003,-1032501.87331279,-12805672.2327349,11773170.3594221,-198,z,z
6806,7004,-2130343.09640152,-11641747.4843045,9511404.38790296,-198,z,z
6807,7005,-2198731.27443043,-10477822.735874,8279091.4614436,-198,z,z
6808,7006,-1165059.23147937,-9313897.98744358,8148838.75596422,-198,z,z
6809,7007,-646624.860239138,-8149973.23901314,7503348.378774,-198,z,z
6810,7008,-1278836.22278473,-6986048.49058269,5707212.26779796,-198,z,z
6811,7009,-1482306.13081341,-5822123.74215224,4339817.61133883,-198,z,z
6812,7010,-1370572.32272545,-4658198.99372179,3287626.67099634,-198,z,z
6813,7011,-1407967.19902709,-3494274.24529134,2086307.04626425,-198,z,z
6814,7012,-1474460.57502835,-2330349.4968609,855888.921832545,-198,z,z
6815,7013,-2443043.45033151,-1166424.74843045,-1276618.70190106,-198,z,z
6816,7014,-1315446.86070478,-2500,-1312946.86070478,-198,z,z
6817,7016,-882260.375499328,-465569.899372179,-416690.476127149,-199,z,z
6818,7017,-1025901.5026218,-491434.893781745,-534466.608840057,-199,z,z
6819,7018,-755928.404806377,-517299.88819131,-238628.516615066,-199,z,z
6820,7019,-1740598.89738134,-543164.882600876,-1197434.01478046,-199,z,z
6821,7020,-1696783.06457349,-569029.877010441,-1127753.18756305,-199,z,z
6822,7021,-301471.503993038,-594894.871420007,293423.367426969,-199,z,z
6823,7022,-1038819.14606584,-620759.865829572,-418059.280236265,-199,z,z
6824,7023,-905476.514630667,-646624.860239138,-258851.65439153,-199,z,z
6825,7024,-201604.855076403,-465569.899372179,263965.044295776,-199,z,z
6826,7025,-946009.079656119,-491434.893781745,-454574.185874374,-199,z,z
6827,7026,-1043082.19990441,-517299.88819131,-525782.311713105,-199,z,z
6828,7027,-1010355.31661036,-543164.882600876,-467190.434009481,-199,z,z
6829,7028,-1873450.87102673,-569029.877010441,-1304420.99401629,-199,z,z
6830,7029,-1389753.74161022,-594894.871420007,-794858.870190211,-199,z,z
6831,7030,-1245669.9249631,-620759.865829572,-624910.059133523,-199,z,z
6832,7031,-755358.576206831,-646624.860239138,-108733.715967693,-199,z,z
6833,7032,-1551962.06045195,-465569.899372179,-1086392.16107977,-199,z,z
6834,7033,-1633495.57952353,-491434.893781745,-1142060.68574179,-199,z,z
6835,7034,-1468480.68483322,-517299.88819131,-951180.796641909,-199,z,z
6836,7035,-1674345.09038363,-543164.882600876,-1131180.20778276,-199,z,z
6837,7036,-1376396.56924759,-569029.877010441,-807366.692237147,-199,z,z
6838,7037,-2059636.64951141,-594894.871420007,-1464741.7780914,-199,z,z
6839,7038,-515494.353331404,-620759.865829572,105265.512498168,-199,z,z
6840,7039,-1161815.24422193,-646624.860239138,-515190.383982792,-199,z,z
6841,7040,-1150600.07813814,-465569.899372179,-685030.178765963,-199,z,z
6842,7041,-1077265.18191944,-491434.893781745,-585830.288137696,-199,z,z
6843,7042,-1813537.3485393,-517299.88819131,-1296237.46034799,-199,z,z
6844,7043,-991201.798380277,-543164.882600876,-448036.915779401,-199,z,z
6845,7044,-2045129.37254546,-569029.877010441,-1476099.49553502,-199,z,z
6846,7045,-2110782.02345321,-594894.871420007,-1515887.15203321,-199,z,z
6847,7046,-1118456.86222019,-620759.865829572,-497696.996390619,-199,z,z
6848,7047,-620759.865829572,-646624.860239138,25864.9944095655,-199,z,z
6849,7048,-1227682.77387334,-465569.899372179,-762112.874501162,-199,z,z
6850,7049,-1423013.88558087,-491434.893781745,-931578.991799126,-199,z,z
6851,7050,-1315749.42981643,-517299.88819131,-798449.541625119,-199,z,z
6852,7051,-1351648.51106601,-543164.882600876,-808483.628465132,-199,z,z
6853,7052,-1415482.15202722,-569029.877010441,-846452.275016776,-199,z,z
6854,7053,-2345321.71231825,-594894.871420007,-1750426.84089824,-199,z,z
6855,7054,-1262828.98627659,-620759.865829572,-642069.120447021,-199,z,z
6856,7055,-846969.960479355,-646624.860239138,-200345.100240217,-199,z,z
6857,7056,-984865.442516929,-465569.899372179,-519295.54314475,-199,z,z
6858,7057,-725691.268614122,-491434.893781745,-234256.374832377,-199,z,z
6859,7058,-1670974.94148608,-517299.88819131,-1153675.05329477,-199,z,z
6860,7059,-1628911.74199055,-543164.882600876,-1085746.85938968,-199,z,z
6861,7060,-289412.643833317,-569029.877010441,279617.233177125,-199,z,z
6862,7061,-997266.380223204,-594894.871420007,-402371.508803197,-199,z,z
6863,7062,-869257.454045441,-620759.865829572,-248497.588215868,-199,z,z
6864,7063,-193540.660873347,-646624.860239138,453084.199365791,-199,z,z
6865,7064,-906592.034670447,-465569.899372179,-441022.135298268,-199,z,z
6866,7065,-999620.441575064,-491434.893781745,-508185.54779332,-199,z,z
6867,7066,-968257.178418259,-517299.88819131,-450957.290226949,-199,z,z
6868,7067,-1795390.41806729,-543164.882600876,-1252225.53546641,-199,z,z
6869,7068,-1331847.33570979,-569029.877010441,-762817.458699351,-199,z,z
6870,7069,-1193767.01142297,-594894.871420007,-598872.14000296,-199,z,z
6871,7070,-723885.302198213,-620759.865829572,-103125.436368641,-199,z,z
6872,7071,-1487296.97459979,-646624.860239138,-840672.114360649,-199,z,z
6873,7072,-1565433.26371005,-465569.899372179,-1099863.36433787,-199,z,z
6874,7073,-1407293.98963183,-491434.893781745,-915859.09585009,-199,z,z
6875,7074,-1604580.71161765,-517299.88819131,-1087280.82342634,-199,z,z
6876,7075,-1319046.71219561,-543164.882600876,-775881.82959473,-199,z,z
6877,7076,-1973818.45578176,-569029.877010441,-1404788.57877132,-199,z,z
6878,7077,-494015.421942596,-594894.871420007,100879.449477411,-199,z,z
6879,7078,-1113406.27571268,-620759.865829572,-492646.40988311,-199,z,z
6880,7079,-1102658.40821572,-646624.860239138,-456033.547976582,-199,z,z
6881,7080,-1032379.1326728,-465569.899372179,-566809.233300618,-199,z,z
6882,7081,-1737973.29235017,-491434.893781745,-1246538.39856842,-199,z,z
6883,7082,-949901.723447766,-517299.88819131,-432601.835256455,-199,z,z
6884,7083,-1959915.6486894,-543164.882600876,-1416750.76608852,-199,z,z
6885,7084,-2022832.772476,-569029.877010441,-1453802.89546556,-199,z,z
6886,7085,-1071854.49296102,-594894.871420007,-476959.62154101,-199,z,z
6887,7086,-594894.871420007,-620759.865829572,25864.9944095656,-199,z,z
6888,7087,-1176529.32496195,-646624.860239138,-529904.464722814,-199,z,z
6889,7088,-1363721.64034833,-465569.899372179,-898151.740976155,-199,z,z
6890,7089,-1260926.53690741,-491434.893781745,-769491.643125667,-199,z,z
6891,7090,-1295329.82310492,-517299.88819131,-778029.934913614,-199,z,z
6892,7091,-1356503.72902608,-543164.882600876,-813338.846425207,-199,z,z
6893,7092,-2247599.97430499,-569029.877010441,-1678570.09729454,-199,z,z
6894,7093,-1210211.1118484,-594894.871420007,-615316.240428395,-199,z,z
6895,7094,-811679.545459382,-620759.865829572,-190919.67962981,-199,z,z
6896,7095,-943829.382412057,-646624.860239138,-297204.522172919,-199,z,z
6897,7096,-695454.132421866,-465569.899372179,-229884.233049687,-199,z,z
6898,7097,-1601350.98559083,-491434.893781745,-1109916.09180908,-199,z,z
6899,7098,-1561040.41940761,-517299.88819131,-1043740.5312163,-199,z,z
6900,7099,-277353.783673595,-543164.882600876,265811.098927281,-199,z,z
6901,7100,-955713.61438057,-569029.877010441,-386683.737370129,-199,z,z
6902,7101,-833038.393460214,-594894.871420007,-238143.522040207,-199,z,z
6903,7102,-185476.466670291,-620759.865829572,435283.399159282,-199,z,z
6904,7103,-867174.989684776,-646624.860239138,-220550.129445638,-199,z,z
6905,7104,-956158.683245714,-465569.899372179,-490588.783873534,-199,z,z
6906,7105,-926159.040226161,-491434.893781745,-434724.146444416,-199,z,z
6907,7106,-1717329.96510784,-517299.88819131,-1200030.07691653,-199,z,z
6908,7107,-1273940.92980937,-543164.882600876,-730776.04720849,-199,z,z
6909,7108,-1141864.09788284,-569029.877010441,-572834.220872396,-199,z,z
6910,7109,-692412.028189595,-594894.871420007,-97517.1567695881,-199,z,z
6911,7110,-1422631.88874762,-620759.865829572,-801872.02291805,-199,z,z
6912,7111,-1497370.94789657,-646624.860239138,-850746.087657435,-199,z,z
6913,7112,-1346107.29443045,-465569.899372179,-880537.395058271,-199,z,z
6914,7113,-1534816.33285166,-491434.893781745,-1043381.43906992,-199,z,z
6915,7114,-1261696.85514362,-517299.88819131,-744396.966952312,-199,z,z
6916,7115,-1888000.26205212,-543164.882600876,-1344835.37945125,-199,z,z
6917,7116,-472536.490553787,-569029.877010441,96493.3864566541,-199,z,z
6918,7117,-1064997.30720344,-594894.871420007,-470102.435783428,-199,z,z
6919,7118,-1054716.7382933,-620759.865829572,-433956.872463724,-199,z,z
6920,7119,-987493.083426154,-646624.860239138,-340868.223187016,-199,z,z
6921,7120,-1662409.23616103,-465569.899372179,-1196839.33678885,-199,z,z
6922,7121,-908601.648515254,-491434.893781745,-417166.754733509,-199,z,z
6923,7122,-1874701.92483334,-517299.88819131,-1357402.03664203,-199,z,z
6924,7123,-1934883.52149878,-543164.882600876,-1391718.6388979,-199,z,z
6925,7124,-1025252.12370184,-569029.877010441,-456222.246691401,-199,z,z
6926,7125,-569029.877010441,-594894.871420007,25864.9944095655,-199,z,z
6927,7126,-1125375.87605056,-620759.865829572,-504616.01022099,-199,z,z
6928,7127,-1304429.3951158,-646624.860239138,-657804.53487666,-199,z,z
6929,7128,-1206103.64399839,-465569.899372179,-740533.744626214,-199,z,z
6930,7129,-1239011.13514384,-491434.893781745,-747576.241362096,-199,z,z
6931,7130,-1297525.30602495,-517299.88819131,-780225.417833638,-199,z,z
6932,7131,-2149878.23629173,-543164.882600876,-1606713.35369085,-199,z,z
6933,7132,-1157593.23742021,-569029.877010441,-588563.360409769,-199,z,z
6934,7133,-776389.130439409,-594894.871420007,-181494.259019402,-199,z,z
6935,7134,-902793.322307185,-620759.865829572,-282033.456477613,-199,z,z
6936,7135,-665216.996229611,-646624.860239138,-18592.1359904736,-199,z,z
6937,7136,-1531727.02969558,-465569.899372179,-1066157.1303234,-199,z,z
6938,7137,-1493169.09682467,-491434.893781745,-1001734.20304293,-199,z,z
6939,7138,-265294.923513874,-517299.88819131,252004.964677437,-199,z,z
6940,7139,-914160.848537937,-543164.882600876,-370995.965937061,-199,z,z
6941,7140,-796819.332874988,-569029.877010441,-227789.455864546,-199,z,z
6942,7141,-177412.272467235,-594894.871420007,417482.598952772,-199,z,z
6943,7142,-827757.944699104,-620759.865829572,-206998.078869532,-199,z,z
6944,7143,-912696.924916363,-646624.860239138,-266072.064677225,-199,z,z
6945,7144,-884060.902034063,-465569.899372179,-418491.002661883,-199,z,z
6946,7145,-1639269.51214839,-491434.893781745,-1147834.61836665,-199,z,z
6947,7146,-1216034.52390894,-517299.88819131,-698734.63571763,-199,z,z
6948,7147,-1089961.18434271,-543164.882600876,-546796.301741833,-199,z,z
6949,7148,-660938.754180977,-569029.877010441,-91908.8771705356,-199,z,z
6950,7149,-1357966.80289546,-594894.871420007,-763071.93147545,-199,z,z
6951,7150,-1429308.63208309,-620759.865829572,-808548.76625352,-199,z,z
6952,7151,-1284920.59922907,-646624.860239138,-638295.738989929,-199,z,z
6953,7152,-1465051.95408568,-465569.899372179,-999482.054713499,-199,z,z
6954,7153,-1204346.99809164,-491434.893781745,-712912.104309895,-199,z,z
6955,7154,-1802182.06832248,-517299.88819131,-1284882.18013117,-199,z,z
6956,7155,-451057.559164979,-543164.882600876,92107.3234358971,-199,z,z
6957,7156,-1016588.33869419,-569029.877010441,-447558.461683747,-199,z,z
6958,7157,-1006775.06837087,-594894.871420007,-411880.196950867,-199,z,z
6959,7158,-942607.03417951,-620759.865829572,-321847.168349938,-199,z,z
6960,7159,-1586845.17997189,-646624.860239138,-940220.319732753,-199,z,z
6961,7160,-867301.573582743,-465569.899372179,-401731.674210563,-199,z,z
6962,7161,-1789488.20097728,-491434.893781745,-1298053.30719553,-199,z,z
6963,7162,-1846934.27052156,-517299.88819131,-1329634.38233025,-199,z,z
6964,7163,-978649.754442668,-543164.882600876,-435484.871841792,-199,z,z
6965,7164,-543164.882600876,-569029.877010441,25864.9944095655,-199,z,z
6966,7165,-1074222.42713917,-594894.871420007,-479327.555719167,-199,z,z
6967,7166,-1245137.14988326,-620759.865829572,-624377.284053689,-199,z,z
6968,7167,-1151280.75108938,-646624.860239138,-504655.890850238,-199,z,z
6969,7168,-1182692.44718276,-465569.899372179,-717122.547810577,-199,z,z
6970,7169,-1238546.88302381,-491434.893781745,-747111.98924207,-199,z,z
6971,7170,-2052156.49827847,-517299.88819131,-1534856.61008716,-199,z,z
6972,7171,-1104975.36299202,-543164.882600876,-561810.480391143,-199,z,z
6973,7172,-741098.715419436,-569029.877010441,-172068.838408994,-199,z,z
6974,7173,-861757.262202313,-594894.871420007,-266862.390782306,-199,z,z
6975,7174,-634979.860037356,-620759.865829572,-14219.994207784,-199,z,z
6976,7175,-1462103.07380032,-646624.860239138,-815478.213561184,-199,z,z
6977,7176,-1425297.77424173,-465569.899372179,-959727.874869553,-199,z,z
6978,7177,-253236.063354152,-491434.893781745,238198.830427593,-199,z,z
6979,7178,-872608.082695303,-517299.88819131,-355308.194503993,-199,z,z
6980,7179,-760600.272289761,-543164.882600876,-217435.389688885,-199,z,z
6981,7180,-169348.078264179,-569029.877010441,399681.798746263,-199,z,z
6982,7181,-788340.899713433,-594894.871420007,-193446.028293426,-199,z,z
6983,7182,-869235.166587012,-620759.865829572,-248475.30075744,-199,z,z
6984,7183,-841962.763841964,-646624.860239138,-195337.903602827,-199,z,z
6985,7184,-1561209.05918895,-465569.899372179,-1095639.15981677,-199,z,z
6986,7185,-1158128.11800851,-491434.893781745,-666693.22422677,-199,z,z
6987,7186,-1038058.27080258,-517299.88819131,-520758.382611269,-199,z,z
6988,7187,-629465.480172359,-543164.882600876,-86300.5975714831,-199,z,z
6989,7188,-1293301.71704329,-569029.877010441,-724271.840032851,-199,z,z
6990,7189,-1361246.31626961,-594894.871420007,-766351.444849605,-199,z,z
6991,7190,-1223733.90402768,-620759.865829572,-602974.03819811,-199,z,z
6992,7191,-1395287.57531969,-646624.860239138,-748662.715080555,-199,z,z
6993,7192,-1146997.14103966,-465569.899372179,-681427.241667478,-199,z,z
6994,7193,-1716363.87459284,-491434.893781745,-1224928.98081109,-199,z,z
6995,7194,-429578.62777617,-517299.88819131,87721.26041514,-199,z,z
6996,7195,-968179.370184941,-543164.882600876,-425014.487584065,-199,z,z
6997,7196,-958833.398448452,-569029.877010441,-389803.52143801,-199,z,z
6998,7197,-897720.984932867,-594894.871420007,-302826.11351286,-199,z,z
6999,7198,-1511281.12378275,-620759.865829572,-890521.257953181,-199,z,z
7000,7199,-826001.498650231,-646624.860239138,-179376.638411093,-199,z,z
7001,7200,-1704274.47712122,-465569.899372179,-1238704.57774904,-199,z,z
7002,7201,-1758985.01954434,-491434.893781745,-1267550.1257626,-199,z,z
7003,7202,-932047.385183493,-517299.88819131,-414747.496992183,-199,z,z
7004,7203,-517299.88819131,-543164.882600876,25864.9944095656,-199,z,z
7005,7204,-1023068.97822778,-569029.877010441,-454039.101217343,-199,z,z
7006,7205,-1185844.90465073,-594894.871420007,-590950.033230719,-199,z,z
7007,7206,-1096457.85818036,-620759.865829572,-475697.992350785,-199,z,z
7008,7207,-1126373.75922167,-646624.860239138,-479748.898982535,-199,z,z
7009,7208,-1179568.46002268,-465569.899372179,-713998.560650502,-199,z,z
7010,7209,-1954434.76026521,-491434.893781745,-1462999.86648346,-199,z,z
7011,7210,-1052357.48856383,-517299.88819131,-535057.600372517,-199,z,z
7012,7211,-705808.300399463,-543164.882600876,-162643.417798587,-199,z,z
7013,7212,-820721.202097441,-569029.877010441,-251691.325087,-199,z,z
7014,7213,-604742.723845101,-594894.871420007,-9847.85242509446,-199,z,z
7015,7214,-1392479.11790507,-620759.865829572,-771719.252075496,-199,z,z
7016,7215,-1357426.45165879,-646624.860239138,-710801.591419655,-199,z,z
7017,7216,-241177.20319443,-465569.899372179,224392.696177749,-199,z,z
7018,7217,-831055.31685267,-491434.893781745,-339620.423070925,-199,z,z
7019,7218,-724381.211704534,-517299.88819131,-207081.323513224,-199,z,z
7020,7219,-161283.884061122,-543164.882600876,381880.998539753,-199,z,z
7021,7220,-748923.854727761,-569029.877010441,-179893.97771732,-199,z,z
7022,7221,-825773.408257662,-594894.871420007,-230878.536837655,-199,z,z
7023,7222,-799864.625649866,-620759.865829572,-179104.759820294,-199,z,z
7024,7223,-1483148.6062295,-646624.860239138,-836523.74599036,-199,z,z
7025,7224,-1100221.71210809,-465569.899372179,-634651.81273591,-199,z,z
7026,7225,-986155.357262451,-491434.893781745,-494720.463480706,-199,z,z
7027,7226,-597992.206163741,-517299.88819131,-80692.3179724307,-199,z,z
7028,7227,-1228636.63119113,-543164.882600876,-685471.748590252,-199,z,z
7029,7228,-1293184.00045613,-569029.877010441,-724154.12344569,-199,z,z
7030,7229,-1162547.2088263,-594894.871420007,-567652.337406292,-199,z,z
7031,7230,-1325523.19655371,-620759.865829572,-704763.330724136,-199,z,z
7032,7231,-1089647.28398767,-646624.860239138,-443022.423748536,-199,z,z
7033,7232,-1630545.6808632,-465569.899372179,-1164975.78149102,-199,z,z
7034,7233,-408099.696387362,-491434.893781745,83335.197394383,-199,z,z
7035,7234,-919770.401675694,-517299.88819131,-402470.513484384,-199,z,z
7036,7235,-910891.728526029,-543164.882600876,-367726.845925153,-199,z,z
7037,7236,-852834.935686224,-569029.877010441,-283805.058675782,-199,z,z
7038,7237,-1435717.06759362,-594894.871420007,-840822.196173609,-199,z,z
7039,7238,-784701.42371772,-620759.865829572,-163941.557888147,-199,z,z
7040,7239,-1619060.75326516,-646624.860239138,-972435.893026018,-199,z,z
7041,7240,-1671035.76856713,-465569.899372179,-1205465.86919495,-199,z,z
7042,7241,-885445.015924318,-491434.893781745,-394010.122142574,-199,z,z
7043,7242,-491434.893781745,-517299.88819131,25864.9944095655,-199,z,z
7044,7243,-971915.529316395,-543164.882600876,-428750.646715519,-199,z,z
7045,7244,-1126552.65941819,-569029.877010441,-557522.782407748,-199,z,z
7046,7245,-1041634.96527134,-594894.871420007,-446740.093851333,-199,z,z
7047,7246,-1070055.07126059,-620759.865829572,-449295.205431017,-199,z,z
7048,7247,-1120590.03702155,-646624.860239138,-473965.176782409,-199,z,z
7049,7248,-1856713.02225194,-465569.899372179,-1391143.12287977,-199,z,z
7050,7249,-999739.614135636,-491434.893781745,-508304.720353891,-199,z,z
7051,7250,-670517.885379489,-517299.88819131,-153217.997188179,-199,z,z
7052,7251,-779685.141992569,-543164.882600876,-236520.259391693,-199,z,z
7053,7252,-574505.587652846,-569029.877010441,-5475.71064240485,-199,z,z
7054,7253,-1322855.16200982,-594894.871420007,-727960.290589808,-199,z,z
7055,7254,-1289555.12907585,-620759.865829572,-668795.263246281,-199,z,z
7056,7255,-229118.343034709,-646624.860239138,417506.517204429,-199,z,z
7057,7256,-789502.551010036,-465569.899372179,-323932.651637857,-199,z,z
7058,7257,-688162.151119307,-491434.893781745,-196727.257337563,-199,z,z
7059,7258,-153219.689858066,-517299.88819131,364080.198333244,-199,z,z
7060,7259,-709506.809742089,-543164.882600876,-166341.927141213,-199,z,z
7061,7260,-782311.649928311,-569029.877010441,-213281.77291787,-199,z,z
7062,7261,-757766.487457768,-594894.871420007,-162871.616037761,-199,z,z
7063,7262,-1405088.15327005,-620759.865829572,-784328.287440478,-199,z,z
7064,7264,-1042315.30620766,-465569.899372179,-576745.406835484,-200,z,z
7065,7265,-934252.443722322,-491434.893781745,-442817.549940577,-200,z,z
7066,7266,-566518.932155123,-517299.88819131,-49219.0439638128,-200,z,z
7067,7267,-1163971.54533896,-543164.882600876,-620806.662738087,-200,z,z
7068,7268,-1225121.68464265,-569029.877010441,-656091.807632209,-200,z,z
7069,7269,-1101360.51362491,-594894.871420007,-506465.642204908,-200,z,z
7070,7271,-1255758.81778772,-465569.899372179,-790188.918415545,-201,z,z
7071,7272,-1032297.42693569,-491434.893781745,-540862.533153947,-201,z,z
7072,7273,-1544727.48713355,-517299.88819131,-1027427.59894224,-201,z,z
7073,7274,-386620.764998553,-543164.882600876,156544.117602323,-201,z,z
7074,7275,-871361.433166447,-569029.877010441,-302331.556156006,-201,z,z
7075,7277,-862950.058603606,-465569.899372179,-397380.159231427,-202,z,z
7076,7278,-807948.88643958,-491434.893781745,-316513.992657836,-202,z,z
7077,7279,-1360153.01140448,-517299.88819131,-842853.123213168,-202,z,z
7078,7280,-743401.348785208,-543164.882600876,-200236.466184332,-202,z,z
7079,7282,-1533847.0294091,-465569.899372179,-1068277.13003692,-203,z,z
7080,7283,-1583086.51758991,-491434.893781745,-1091651.62380817,-203,z,z
7081,7284,-838842.646665144,-517299.88819131,-321542.758473833,-203,z,z
7082,7286,-465569.899372179,-465569.899372179,0,-204,z,z
7083,7287,-920762.080405006,-491434.893781745,-429327.186623261,-204,z,z
7084,7289,-1067260.41418565,-465569.899372179,-601690.514813474,-205,z,z
7085,7292,-986812.072362322,-89776802.839488,88789990.7671257,-207,z,z
7086,7293,-1013736.38329951,-87474897.6384755,86461161.255176,-207,z,z
7087,7294,-1061611.61402041,-85172992.437463,84111380.8234426,-207,z,z
7088,7295,-1758991.28423868,-82871087.2364505,81112095.9522118,-207,z,z
7089,7296,-947121.739707445,-80569182.035438,79622060.2957305,-207,z,z
7090,7297,-635227.470359516,-78267276.8344255,77632049.3640659,-207,z,z
7091,7298,-738649.081887697,-75965371.6334129,75226722.5515253,-207,z,z
7092,7299,-544268.451460591,-73663466.4324004,73119197.9809398,-207,z,z
7093,7300,-1253231.20611456,-71361561.2313879,70108330.0252734,-207,z,z
7094,7301,-1221683.80649291,-69059656.0303754,67837972.2238825,-207,z,z
7095,7302,-217059.482874987,-66757750.8293629,66540691.3464879,-207,z,z
7096,7303,-747949.785167403,-64455845.6283504,63707895.843183,-207,z,z
7097,7304,-651943.090534081,-62153940.4273379,61501997.3368038,-207,z,z
7098,7305,-145155.49565501,-59852035.2263254,59706879.7306704,-207,z,z
7099,7306,-23061471.3166179,-57550130.0253128,34488658.7086949,-207,z,z
7100,7307,-25427628.6226701,-55248224.8243003,29820596.2016302,-207,z,z
7101,7308,-24629910.8423775,-52946319.6232878,28316408.7809104,-207,z,z
7102,7309,-45667864.9812766,-50644414.4222753,4976549.44099866,-207,z,z
7103,7310,-33877747.4517491,-48342509.2212628,14464761.7695137,-207,z,z
7104,7311,-30365704.4209755,-46040604.0202503,15674899.5992748,-207,z,z
7105,7312,-18414365.2950415,-43738698.8192378,25324333.5241963,-207,z,z
7106,7313,-37831575.2235163,-41436793.6182252,3605218.39470895,-207,z,z
7107,7314,-39818954.7508862,-39134888.4172127,-684066.333673418,-207,z,z
7108,7315,-35796716.6928097,-36832983.2162002,1036266.52339051,-207,z,z
7109,7316,-40814661.578101,-34531078.0151877,-6283583.56291331,-207,z,z
7110,7317,-33552166.37541,-32229172.8141752,-1322993.56123478,-207,z,z
7111,7318,-50206143.3318405,-29927267.6131627,-20278875.7186778,-207,z,z
7112,7319,-12567674.862453,-27625362.4121502,15057687.5496972,-207,z,z
7113,7320,-28321746.5779095,-25323457.2111376,-2998289.36677188,-207,z,z
7114,7321,-28048376.9046172,-23021552.0101251,-5026824.89449206,-207,z,z
7115,7322,-26260838.8092864,-20719646.8091126,-5541192.00017374,-207,z,z
7116,7323,-44207472.8706455,-18417741.6081001,-25789731.2625454,-207,z,z
7117,7324,-24163043.8355193,-16115836.4070876,-8047207.42843166,-207,z,z
7118,7325,-49852528.4557956,-13813931.2060751,-36038597.2497205,-207,z,z
7119,7326,-51452811.8216721,-11512026.0050626,-39940785.8166095,-207,z,z
7120,7327,-27264886.0166172,-9210120.80405005,-18054765.2125671,-207,z,z
7121,7328,-15133521.7295958,-6908215.60303754,-8225306.12655828,-207,z,z
7122,7329,-29927267.6131627,-4606310.40202503,-25320957.2111377,-207,z,z
7123,7330,-34688463.4610337,-2304405.20101251,-32384058.2600212,-207,z,z
7124,7331,-32073892.3517755,-2500,-32071392.3517755,-207,z,z
7125,7333,-32948932.4572339,-920762.080405006,-32028170.3768289,-208,z,z
7126,7334,-34504877.4556634,-971915.529316395,-33532961.926347,-208,z,z
7127,7335,-57169716.7377573,-1023068.97822778,-56146647.7595295,-208,z,z
7128,7336,-30783956.540492,-1074222.42713917,-29709734.1133528,-208,z,z
7129,7337,-20647392.7866843,-1125375.87605056,-19522016.9106337,-208,z,z
7130,7338,-24008595.1613502,-1176529.32496195,-22832065.8363882,-208,z,z
7131,7339,-17691224.6724692,-1227682.77387334,-16463541.8985959,-208,z,z
7132,7340,-40732514.1987232,-1278836.22278473,-39453677.9759385,-208,z,z
7133,7341,-39707223.7110197,-920762.080405006,-38786461.6306147,-208,z,z
7134,7342,-7056933.19343709,-971915.529316395,-6085017.66412069,-208,z,z
7135,7343,-24310868.0179406,-1023068.97822778,-23287799.0397128,-208,z,z
7136,7344,-21190650.4423576,-1074222.42713917,-20116428.0152184,-208,z,z
7137,7345,-4720053.60878783,-1125375.87605056,-3594677.73273727,-208,z,z
7138,7346,-985426.124641791,-1176529.32496195,191103.200320161,-208,z,z
7139,7347,-1086543.95823377,-1227682.77387334,141138.815639576,-208,z,z
7140,7348,-1052453.45480246,-1278836.22278473,226382.767982275,-208,z,z
7141,7349,-1951511.32398618,-920762.080405006,-1030749.24358118,-208,z,z
7142,7350,-1447660.14751064,-971915.529316395,-475744.618194249,-208,z,z
7143,7351,-1297572.83850322,-1023068.97822778,-274503.860275441,-208,z,z
7144,7352,-786831.850215449,-1074222.42713917,287390.576923725,-208,z,z
7145,7353,-1616627.14630412,-1125375.87605056,-491251.270253553,-208,z,z
7146,7354,-1701557.89533702,-1176529.32496195,-525028.570375064,-208,z,z
7147,7355,-1529667.3800346,-1227682.77387334,-301984.606161262,-208,z,z
7148,7356,-1744109.46914962,-1278836.22278473,-465273.246364886,-208,z,z
7149,7357,-1433746.42629957,-920762.080405006,-512984.345894566,-208,z,z
7150,7358,-2145454.84324105,-971915.529316395,-1173539.31392465,-208,z,z
7151,7359,-536973.284720213,-1023068.97822778,486095.693507571,-208,z,z
7152,7360,-1210224.21273118,-1074222.42713917,-136001.785592003,-208,z,z
7153,7361,-1198541.74806056,-1125375.87605056,-73165.8720100019,-208,z,z
7154,7362,-1122151.23116608,-1176529.32496195,54378.0937958676,-208,z,z
7155,7363,-1889101.40472844,-1227682.77387334,-661418.630855101,-208,z,z
7156,7364,-1032501.87331279,-1278836.22278473,246334.349471941,-208,z,z
7157,7365,-2130343.09640152,-920762.080405006,-1209581.01599652,-208,z,z
7158,7366,-2198731.27443043,-971915.529316395,-1226815.74511404,-208,z,z
7159,7367,-1165059.23147937,-1023068.97822778,-141990.253251582,-208,z,z
7160,7368,-646624.860239138,-1074222.42713917,427597.566900036,-208,z,z
7161,7369,-1278836.22278473,-1125375.87605056,-153460.346734168,-208,z,z
7162,7370,-1482306.13081341,-1176529.32496195,-305776.805851455,-208,z,z
7163,7371,-1370572.32272545,-1227682.77387334,-142889.548852106,-208,z,z
7164,7372,-1407967.19902709,-1278836.22278473,-129130.976242361,-208,z,z
7165,7373,-1474460.57502835,-920762.080405006,-553698.494623345,-208,z,z
7166,7374,-2443043.45033151,-971915.529316395,-1471127.92101511,-208,z,z
7167,7375,-1315446.86070478,-1023068.97822778,-292377.882477,-208,z,z
7168,7376,-882260.375499328,-1074222.42713917,191962.051639845,-208,z,z
7169,7377,-1025901.5026218,-1125375.87605056,99474.3734287613,-208,z,z
7170,7378,-755928.404806377,-1176529.32496195,420600.920155575,-208,z,z
7171,7379,-1740598.89738134,-1227682.77387334,-512916.123507995,-208,z,z
7172,7380,-1696783.06457349,-1278836.22278473,-417946.841788761,-208,z,z
7173,7381,-301471.503993038,-920762.080405006,619290.576411968,-208,z,z
7174,7382,-1038819.14606584,-971915.529316395,-66903.6167494423,-208,z,z
7175,7383,-905476.514630667,-1023068.97822778,117592.463597117,-208,z,z
7176,7384,-201604.855076403,-1074222.42713917,872617.57206277,-208,z,z
7177,7385,-946009.079656119,-1125375.87605056,179366.796394444,-208,z,z
7178,7386,-1043082.19990441,-1176529.32496195,133447.125057537,-208,z,z
7179,7387,-1010355.31661036,-1227682.77387334,217327.457262984,-208,z,z
7180,7388,-1873450.87102673,-1278836.22278473,-594614.648242004,-208,z,z
7181,7389,-1389753.74161022,-920762.080405006,-468991.661205212,-208,z,z
7182,7390,-1245669.9249631,-971915.529316395,-273754.395646701,-208,z,z
7183,7391,-755358.576206831,-1023068.97822778,267710.402020953,-208,z,z
7184,7392,-1551962.06045195,-1074222.42713917,-477739.633312778,-208,z,z
7185,7393,-1633495.57952353,-1125375.87605056,-508119.703472972,-208,z,z
7186,7394,-1468480.68483322,-1176529.32496195,-291951.359871267,-208,z,z
7187,7395,-1674345.09038363,-1227682.77387334,-446662.316510291,-208,z,z
7188,7396,-1376396.56924759,-1278836.22278473,-97560.3464628584,-208,z,z
7189,7397,-2059636.64951141,-920762.080405006,-1138874.5691064,-208,z,z
7190,7398,-515494.353331404,-971915.529316395,456421.175984991,-208,z,z
7191,7399,-1161815.24422193,-1023068.97822778,-138746.265994145,-208,z,z
7192,7400,-1150600.07813814,-1074222.42713917,-76377.6509989684,-208,z,z
7193,7401,-1077265.18191944,-1125375.87605056,48110.694131122,-208,z,z
7194,7402,-1813537.3485393,-1176529.32496195,-637008.023577352,-208,z,z
7195,7403,-991201.798380277,-1227682.77387334,236480.975493064,-208,z,z
7196,7404,-2045129.37254546,-1278836.22278473,-766293.14976073,-208,z,z
7197,7405,-2110782.02345321,-920762.080405006,-1190019.94304821,-208,z,z
7198,7406,-1118456.86222019,-971915.529316395,-146541.332903797,-208,z,z
7199,7407,-620759.865829572,-1023068.97822778,402309.112398212,-208,z,z
7200,7408,-1227682.77387334,-1074222.42713917,-153460.346734168,-208,z,z
7201,7409,-1423013.88558087,-1125375.87605056,-297638.009530308,-208,z,z
7202,7410,-1315749.42981643,-1176529.32496195,-139220.104854478,-208,z,z
7203,7411,-1351648.51106601,-1227682.77387334,-123965.737192667,-208,z,z
7204,7412,-1415482.15202722,-1278836.22278473,-136645.929242487,-208,z,z
7205,7413,-2345321.71231825,-920762.080405006,-1424559.63191324,-208,z,z
7206,7414,-1262828.98627659,-971915.529316395,-290913.456960198,-208,z,z
7207,7415,-846969.960479355,-1023068.97822778,176099.017748429,-208,z,z
7208,7416,-984865.442516929,-1074222.42713917,89356.9846222441,-208,z,z
7209,7417,-725691.268614122,-1125375.87605056,399684.607436441,-208,z,z
7210,7418,-1670974.94148608,-1176529.32496195,-494445.616524131,-208,z,z
7211,7419,-1628911.74199055,-1227682.77387334,-401228.968117211,-208,z,z
7212,7420,-289412.643833317,-1278836.22278473,989423.578951413,-208,z,z
7213,7421,-997266.380223204,-920762.080405006,-76504.299818198,-208,z,z
7214,7422,-869257.454045441,-971915.529316395,102658.075270954,-208,z,z
7215,7423,-193540.660873347,-1023068.97822778,829528.317354437,-208,z,z
7216,7424,-906592.034670447,-1074222.42713917,167630.392468726,-208,z,z
7217,7425,-999620.441575064,-1125375.87605056,125755.434475498,-208,z,z
7218,7426,-968257.178418259,-1176529.32496195,208272.146543693,-208,z,z
7219,7427,-1795390.41806729,-1227682.77387334,-567707.644193946,-208,z,z
7220,7428,-1331847.33570979,-1278836.22278473,-53011.112925062,-208,z,z
7221,7429,-1193767.01142297,-920762.080405006,-273004.931017961,-208,z,z
7222,7430,-723885.302198213,-971915.529316395,248030.227118182,-208,z,z
7223,7431,-1487296.97459979,-1023068.97822778,-464227.996372002,-208,z,z
7224,7432,-1565433.26371005,-1074222.42713917,-491210.83657088,-208,z,z
7225,7433,-1407293.98963183,-1125375.87605056,-281918.113581273,-208,z,z
7226,7434,-1604580.71161765,-1176529.32496195,-428051.386655695,-208,z,z
7227,7435,-1319046.71219561,-1227682.77387334,-91363.9383222647,-208,z,z
7228,7436,-1973818.45578176,-1278836.22278473,-694982.232997033,-208,z,z
7229,7437,-494015.421942596,-920762.080405006,426746.65846241,-208,z,z
7230,7438,-1113406.27571268,-971915.529316395,-141490.746396287,-208,z,z
7231,7439,-1102658.40821572,-1023068.97822778,-79589.4299879354,-208,z,z
7232,7440,-1032379.1326728,-1074222.42713917,41843.2944663762,-208,z,z
7233,7441,-1737973.29235017,-1125375.87605056,-612597.416299604,-208,z,z
7234,7442,-949901.723447766,-1176529.32496195,226627.601514186,-208,z,z
7235,7443,-1959915.6486894,-1227682.77387334,-732232.874816059,-208,z,z
7236,7444,-2022832.772476,-1278836.22278473,-743996.549691267,-208,z,z
7237,7445,-1071854.49296102,-920762.080405006,-151092.412556011,-208,z,z
7238,7446,-594894.871420007,-971915.529316395,377020.657896388,-208,z,z
7239,7447,-1176529.32496195,-1023068.97822778,-153460.346734168,-208,z,z
7240,7448,-1363721.64034833,-1074222.42713917,-289499.213209161,-208,z,z
7241,7449,-1260926.53690741,-1125375.87605056,-135550.660856849,-208,z,z
7242,7450,-1295329.82310492,-1176529.32496195,-118800.498142972,-208,z,z
7243,7451,-1356503.72902608,-1227682.77387334,-128820.955152742,-208,z,z
7244,7452,-2247599.97430499,-1278836.22278473,-968763.751520256,-208,z,z
7245,7453,-1210211.1118484,-920762.080405006,-289449.031443396,-208,z,z
7246,7454,-811679.545459382,-971915.529316395,160235.983857013,-208,z,z
7247,7455,-943829.382412057,-1023068.97822778,79239.5958157268,-208,z,z
7248,7456,-695454.132421866,-1074222.42713917,378768.294717307,-208,z,z
7249,7457,-1601350.98559083,-1125375.87605056,-475975.109540266,-208,z,z
7250,7458,-1561040.41940761,-1176529.32496195,-384511.09444566,-208,z,z
7251,7459,-277353.783673595,-1227682.77387334,950328.990199746,-208,z,z
7252,7460,-955713.61438057,-1278836.22278473,323122.60840416,-208,z,z
7253,7461,-833038.393460214,-920762.080405006,87723.6869447914,-208,z,z
7254,7462,-185476.466670291,-971915.529316395,786439.062646104,-208,z,z
7255,7463,-867174.989684776,-1023068.97822778,155893.988543008,-208,z,z
7256,7464,-956158.683245714,-1074222.42713917,118063.74389346,-208,z,z
7257,7465,-926159.040226161,-1125375.87605056,199216.835824402,-208,z,z
7258,7466,-1717329.96510784,-1176529.32496195,-540800.640145888,-208,z,z
7259,7467,-1273940.92980937,-1227682.77387334,-46258.1559360253,-208,z,z
7260,7468,-1141864.09788284,-1278836.22278473,136972.124901892,-208,z,z
7261,7469,-692412.028189595,-920762.080405006,228350.052215411,-208,z,z
7262,7470,-1422631.88874762,-971915.529316395,-450716.359431227,-208,z,z
7263,7471,-1497370.94789657,-1023068.97822778,-474301.969668789,-208,z,z
7264,7472,-1346107.29443045,-1074222.42713917,-271884.867291277,-208,z,z
7265,7473,-1534816.33285166,-1125375.87605056,-409440.4568011,-208,z,z
7266,7474,-1261696.85514362,-1176529.32496195,-85167.530181671,-208,z,z
7267,7475,-1888000.26205212,-1227682.77387334,-660317.48817878,-208,z,z
7268,7476,-472536.490553787,-1278836.22278473,806299.732230943,-208,z,z
7269,7477,-1064997.30720344,-920762.080405006,-144235.22679843,-208,z,z
7270,7478,-1054716.7382933,-971915.529316395,-82801.208976902,-208,z,z
7271,7479,-987493.083426154,-1023068.97822778,35575.8948016302,-208,z,z
7272,7480,-1662409.23616103,-1074222.42713917,-588186.809021855,-208,z,z
7273,7481,-908601.648515254,-1125375.87605056,216774.227535308,-208,z,z
7274,7482,-1874701.92483334,-1176529.32496195,-698172.599871387,-208,z,z
7275,7483,-1934883.52149878,-1227682.77387334,-707200.747625439,-208,z,z
7276,7484,-1025252.12370184,-1278836.22278473,253584.099082888,-208,z,z
7277,7485,-569029.877010441,-920762.080405006,351732.203394564,-208,z,z
7278,7486,-1125375.87605056,-971915.529316395,-153460.346734168,-208,z,z
7279,7487,-1304429.3951158,-1023068.97822778,-281360.416888014,-208,z,z
7280,7488,-1206103.64399839,-1074222.42713917,-131881.21685922,-208,z,z
7281,7489,-1239011.13514384,-1125375.87605056,-113635.259093278,-208,z,z
7282,7490,-1297525.30602495,-1176529.32496195,-120995.981062997,-208,z,z
7283,7491,-2149878.23629173,-1227682.77387334,-922195.462418385,-208,z,z
7284,7492,-1157593.23742021,-1278836.22278473,121242.98536452,-208,z,z
7285,7493,-776389.130439409,-920762.080405006,144372.949965597,-208,z,z
7286,7494,-902793.322307185,-971915.529316395,69122.2070092097,-208,z,z
7287,7495,-665216.996229611,-1023068.97822778,357851.981998173,-208,z,z
7288,7496,-1531727.02969558,-1074222.42713917,-457504.602556402,-208,z,z
7289,7497,-1493169.09682467,-1125375.87605056,-367793.22077411,-208,z,z
7290,7498,-265294.923513874,-1176529.32496195,911234.401448078,-208,z,z
7291,7499,-914160.848537937,-1227682.77387334,313521.925335404,-208,z,z
7292,7500,-796819.332874988,-1278836.22278473,482016.889909743,-208,z,z
7293,7501,-177412.272467235,-920762.080405006,743349.807937771,-208,z,z
7294,7502,-827757.944699104,-971915.529316395,144157.584617291,-208,z,z
7295,7503,-912696.924916363,-1023068.97822778,110372.053311421,-208,z,z
7296,7504,-884060.902034063,-1074222.42713917,190161.525105111,-208,z,z
7297,7505,-1639269.51214839,-1125375.87605056,-513893.63609783,-208,z,z
7298,7506,-1216034.52390894,-1176529.32496195,-39505.1989469889,-208,z,z
7299,7507,-1089961.18434271,-1227682.77387334,137721.589530632,-208,z,z
7300,7508,-660938.754180977,-1278836.22278473,617897.468603753,-208,z,z
7301,7509,-1357966.80289546,-920762.080405006,-437204.722490452,-208,z,z
7302,7510,-1429308.63208309,-971915.529316395,-457393.102766698,-208,z,z
7303,7511,-1284920.59922907,-1023068.97822778,-261851.621001283,-208,z,z
7304,7512,-1465051.95408568,-1074222.42713917,-390829.526946504,-208,z,z
7305,7513,-1204346.99809164,-1125375.87605056,-78971.1220410774,-208,z,z
7306,7514,-1802182.06832248,-1176529.32496195,-625652.743360528,-208,z,z
7307,7515,-451057.559164979,-1227682.77387334,776625.214708362,-208,z,z
7308,7516,-1016588.33869419,-1278836.22278473,262247.884090542,-208,z,z
7309,7517,-1006775.06837087,-920762.080405006,-86012.9879658686,-208,z,z
7310,7518,-942607.03417951,-971915.529316395,29308.4951368844,-208,z,z
7311,7519,-1586845.17997189,-1023068.97822778,-563776.201744107,-208,z,z
7312,7520,-867301.573582743,-1074222.42713917,206920.853556431,-208,z,z
7313,7521,-1789488.20097728,-1125375.87605056,-664112.324926715,-208,z,z
7314,7522,-1846934.27052156,-1176529.32496195,-670404.945559611,-208,z,z
7315,7523,-978649.754442668,-1227682.77387334,249033.019430673,-208,z,z
7316,7524,-543164.882600876,-1278836.22278473,735671.340183854,-208,z,z
7317,7525,-1074222.42713917,-920762.080405006,-153460.346734168,-208,z,z
7318,7526,-1245137.14988326,-971915.529316395,-273221.620566867,-208,z,z
7319,7527,-1151280.75108938,-1023068.97822778,-128211.772861592,-208,z,z
7320,7528,-1182692.44718276,-1074222.42713917,-108470.020043583,-208,z,z
7321,7529,-1238546.88302381,-1125375.87605056,-113171.006973252,-208,z,z
7322,7530,-2052156.49827847,-1176529.32496195,-875627.173316514,-208,z,z
7323,7531,-1104975.36299202,-1227682.77387334,122707.410881322,-208,z,z
7324,7532,-741098.715419436,-1278836.22278473,537737.507365294,-208,z,z
7325,7533,-861757.262202313,-920762.080405006,59004.8182026926,-208,z,z
7326,7534,-634979.860037356,-971915.529316395,336935.669279039,-208,z,z
7327,7535,-1462103.07380032,-1023068.97822778,-439034.095572538,-208,z,z
7328,7536,-1425297.77424173,-1074222.42713917,-351075.347102559,-208,z,z
7329,7537,-253236.063354152,-1125375.87605056,872139.812696411,-208,z,z
7330,7538,-872608.082695303,-1176529.32496195,303921.242266649,-208,z,z
7331,7539,-760600.272289761,-1227682.77387334,467082.50158358,-208,z,z
7332,7540,-169348.078264179,-1278836.22278473,1109488.14452055,-208,z,z
7333,7541,-788340.899713433,-920762.080405006,132421.180691573,-208,z,z
7334,7542,-869235.166587012,-971915.529316395,102680.362729382,-208,z,z
7335,7543,-841962.763841964,-1023068.97822778,181106.21438582,-208,z,z
7336,7544,-1561209.05918895,-1074222.42713917,-486986.632049772,-208,z,z
7337,7545,-1158128.11800851,-1125375.87605056,-32752.2419579523,-208,z,z
7338,7546,-1038058.27080258,-1176529.32496195,138471.054159372,-208,z,z
7339,7547,-629465.480172359,-1227682.77387334,598217.293700982,-208,z,z
7340,7548,-1293301.71704329,-1278836.22278473,-14465.4942585626,-208,z,z
7341,7549,-1361246.31626961,-920762.080405006,-440484.235864607,-208,z,z
7342,7550,-1223733.90402768,-971915.529316395,-251818.374711288,-208,z,z
7343,7551,-1395287.57531969,-1023068.97822778,-372218.597091909,-208,z,z
7344,7552,-1146997.14103966,-1074222.42713917,-72774.7139004837,-208,z,z
7345,7553,-1716363.87459284,-1125375.87605056,-590987.998542275,-208,z,z
7346,7554,-429578.62777617,-1176529.32496195,746950.697185781,-208,z,z
7347,7555,-968179.370184941,-1227682.77387334,259503.4036884,-208,z,z
7348,7556,-958833.398448452,-1278836.22278473,320002.824336279,-208,z,z
7349,7557,-897720.984932867,-920762.080405006,23041.0954721385,-208,z,z
7350,7558,-1511281.12378275,-971915.529316395,-539365.594466358,-208,z,z
7351,7559,-826001.498650231,-1023068.97822778,197067.479577553,-208,z,z
7352,7560,-1704274.47712122,-1074222.42713917,-630052.049982044,-208,z,z
7353,7561,-1758985.01954434,-1125375.87605056,-633609.143493783,-208,z,z
7354,7562,-932047.385183493,-1176529.32496195,244481.939778459,-208,z,z
7355,7563,-517299.88819131,-1227682.77387334,710382.885682031,-208,z,z
7356,7564,-1023068.97822778,-1278836.22278473,255767.244556946,-208,z,z
7357,7565,-1185844.90465073,-920762.080405006,-265082.82424572,-208,z,z
7358,7566,-1096457.85818036,-971915.529316395,-124542.328863963,-208,z,z
7359,7567,-1126373.75922167,-1023068.97822778,-103304.780993889,-208,z,z
7360,7568,-1179568.46002268,-1074222.42713917,-105346.032883507,-208,z,z
7361,7569,-1954434.76026521,-1125375.87605056,-829058.884214643,-208,z,z
7362,7570,-1052357.48856383,-1176529.32496195,124171.836398124,-208,z,z
7363,7571,-705808.300399463,-1227682.77387334,521874.473473878,-208,z,z
7364,7572,-820721.202097441,-1278836.22278473,458115.020687289,-208,z,z
7365,7573,-604742.723845101,-920762.080405006,316019.356559904,-208,z,z
7366,7574,-1392479.11790507,-971915.529316395,-420563.588588674,-208,z,z
7367,7575,-1357426.45165879,-1023068.97822778,-334357.473431009,-208,z,z
7368,7576,-241177.20319443,-1074222.42713917,833045.223944743,-208,z,z
7369,7577,-831055.31685267,-1125375.87605056,294320.559197893,-208,z,z
7370,7578,-724381.211704534,-1176529.32496195,452148.113257418,-208,z,z
7371,7579,-161283.884061122,-1227682.77387334,1066398.88981222,-208,z,z
7372,7581,-748923.854727761,-920762.080405006,171838.225677245,-209,z,z
7373,7582,-825773.408257662,-971915.529316395,146142.121058733,-209,z,z
7374,7583,-799864.625649866,-1023068.97822778,223204.352577918,-209,z,z
7375,7584,-1483148.6062295,-1074222.42713917,-408926.179090324,-209,z,z
7376,7585,-1100221.71210809,-1125375.87605056,25154.1639424735,-209,z,z
7377,7586,-986155.357262451,-1176529.32496195,190373.967699501,-209,z,z
7378,7588,-597992.206163741,-920762.080405006,322769.874241265,-210,z,z
7379,7589,-1228636.63119113,-971915.529316395,-256721.101874733,-210,z,z
7380,7590,-1293184.00045613,-1023068.97822778,-270115.022228347,-210,z,z
7381,7591,-1162547.2088263,-1074222.42713917,-88324.7816871251,-210,z,z
7382,7592,-1325523.19655371,-1125375.87605056,-200147.320503146,-210,z,z
7383,7594,-1089647.28398767,-920762.080405006,-168885.203582669,-211,z,z
7384,7595,-1630545.6808632,-971915.529316395,-658630.151546801,-211,z,z
7385,7596,-408099.696387362,-1023068.97822778,614969.281840422,-211,z,z
7386,7597,-919770.401675694,-1074222.42713917,154452.025463479,-211,z,z
7387,7599,-910891.728526029,-920762.080405006,9870.35187897668,-212,z,z
7388,7600,-852834.935686224,-971915.529316395,119080.593630171,-212,z,z
7389,7601,-1435717.06759362,-1023068.97822778,-412648.089365832,-212,z,z
7390,7603,-784701.42371772,-920762.080405006,136060.656687286,-213,z,z
7391,7604,-1619060.75326516,-971915.529316395,-647145.223948761,-213,z,z
7392,7606,-1671035.76856713,-920762.080405006,-750273.688162122,-214,z,z
7393,7609,-885445.015924318,-104060390.383101,103174945.367177,-216,z,z
7394,7610,-491434.893781745,-101392239.347637,100900804.453855,-216,z,z
7395,7611,-971915.529316395,-98724088.3121729,97752172.7828565,-216,z,z
7396,7612,-1126552.65941819,-96055937.2767088,94929384.6172906,-216,z,z
7397,7613,-1041634.96527134,-93387786.2412446,92346151.2759733,-216,z,z
7398,7614,-1070055.07126059,-90719635.2057805,89649580.1345199,-216,z,z
7399,7615,-1120590.03702155,-88051484.1703164,86930894.1332948,-216,z,z
7400,7616,-1856713.02225194,-85383333.1348522,83526620.1126003,-216,z,z
7401,7617,-999739.614135636,-82715182.0993881,81715442.4852525,-216,z,z
7402,7618,-670517.885379489,-80047031.063924,79376513.1785445,-216,z,z
7403,7619,-779685.141992569,-77378880.0284598,76599194.8864673,-216,z,z
7404,7620,-574505.587652846,-74710728.9929957,74136223.4053429,-216,z,z
7405,7621,-1322855.16200982,-72042577.9575316,70719722.7955218,-216,z,z
7406,7622,-1289555.12907585,-69374426.9220674,68084871.7929916,-216,z,z
7407,7623,-229118.343034709,-66706275.8866033,66477157.5435686,-216,z,z
7408,7624,-789502.551010036,-64038124.8511392,63248622.3001291,-216,z,z
7409,7625,-688162.151119307,-61369973.815675,60681811.6645557,-216,z,z
7410,7626,-153219.689858066,-58701822.7802109,58548603.0903529,-216,z,z
7411,7627,-709506.809742089,-56033671.7447468,55324164.9350047,-216,z,z
7412,7628,-782311.649928311,-53365520.7092826,52583209.0593543,-216,z,z
7413,7629,-757766.487457768,-50697369.6738185,49939603.1863607,-216,z,z
7414,7630,-1405088.15327005,-48029218.6383544,46624130.4850843,-216,z,z
7415,7631,-1042315.30620766,-45361067.6028902,44318752.2966826,-216,z,z
7416,7632,-934252.443722322,-42692916.5674261,41758664.1237038,-216,z,z
7417,7633,-566518.932155123,-40024765.531962,39458246.5998069,-216,z,z
7418,7634,-1163971.54533896,-37356614.4964979,36192642.9511589,-216,z,z
7419,7635,-1225121.68464265,-34688463.4610337,33463341.7763911,-216,z,z
7420,7636,-1101360.51362491,-32020312.4255696,30918951.9119447,-216,z,z
7421,7637,-1255758.81778772,-29352161.3901055,28096402.5723177,-216,z,z
7422,7638,-1032297.42693569,-26684010.3546413,25651712.9277056,-216,z,z
7423,7639,-1544727.48713355,-24015859.3191772,22471131.8320436,-216,z,z
7424,7640,-386620.764998553,-21347708.2837131,20961087.5187145,-216,z,z
7425,7641,-871361.433166447,-18679557.2482489,17808195.8150825,-216,z,z
7426,7642,-862950.058603606,-16011406.2127848,15148456.1541812,-216,z,z
7427,7643,-807948.88643958,-13343255.1773207,12535306.2908811,-216,z,z
7428,7644,-1360153.01140448,-10675104.1418565,9314951.13045205,-216,z,z
7429,7645,-743401.348785208,-8006953.1063924,7263551.75760719,-216,z,z
7430,7646,-1533847.0294091,-5338802.07092826,3804955.04151917,-216,z,z
7431,7647,-1583086.51758991,-2670651.03546413,1087564.51787422,-216,z,z
7432,7648,-838842.646665144,-2500,-836342.646665144,-216,z,z
7433,7650,-465569.899372179,-1067260.41418565,601690.514813474,-217,z,z
7434,7651,-920762.080405006,-1126552.65941819,205790.579013184,-217,z,z
7435,7652,-1067260.41418565,-1185844.90465073,118584.490465072,-217,z,z
7436,7653,-986812.072362322,-1245137.14988326,258325.07752094,-217,z,z
7437,7654,-1013736.38329951,-1304429.3951158,290693.011816292,-217,z,z
7438,7655,-1061611.61402041,-1363721.64034833,302110.026327922,-217,z,z
7439,7656,-1758991.28423868,-1423013.88558087,-335977.398657814,-217,z,z
7440,7657,-947121.739707445,-1482306.13081341,535184.391105962,-217,z,z
7441,7658,-635227.470359516,-1067260.41418565,432032.943826137,-217,z,z
7442,7659,-738649.081887697,-1126552.65941819,387903.577530492,-217,z,z
7443,7660,-544268.451460591,-1185844.90465073,641576.453190135,-217,z,z
7444,7661,-1253231.20611456,-1245137.14988326,-8094.05623129988,-217,z,z
7445,7662,-1221683.80649291,-1304429.3951158,82745.5886228844,-217,z,z
7446,7663,-217059.482874987,-1363721.64034833,1146662.15747335,-217,z,z
7447,7664,-747949.785167403,-1423013.88558087,675064.100413468,-217,z,z
7448,7665,-651943.090534081,-1482306.13081341,830363.040279326,-217,z,z
7449,7666,-145155.49565501,-1067260.41418565,922104.918530643,-217,z,z
7450,7667,-21287704.2922627,-1126552.65941819,-20161151.6328445,-217,z,z
7451,7668,-23471849.4978493,-1185844.90465073,-22286004.5931986,-217,z,z
7452,7669,-22735494.623733,-1245137.14988326,-21490357.4738498,-217,z,z
7453,7670,-42155144.5981015,-1304429.3951158,-40850715.2029857,-217,z,z
7454,7671,-31271959.1862299,-1363721.64034833,-29908237.5458816,-217,z,z
7455,7672,-28030073.3116696,-1423013.88558087,-26607059.4260888,-217,z,z
7456,7673,-16998067.9646537,-1482306.13081341,-15515761.8338403,-217,z,z
7457,7674,-34921646.3601689,-1067260.41418565,-33854385.9459832,-217,z,z
7458,7675,-36756150.5392795,-1126552.65941819,-35629597.8798613,-217,z,z
7459,7676,-33043315.4087474,-1185844.90465073,-31857470.5040967,-217,z,z
7460,7677,-37675264.5336317,-1245137.14988326,-36430127.3837485,-217,z,z
7461,7678,-30971422.8080707,-1304429.3951158,-29666993.4129549,-217,z,z
7462,7679,-46344324.6140066,-1363721.64034833,-44980602.9736583,-217,z,z
7463,7680,-11601122.9499566,-1423013.88558087,-10178109.0643757,-217,z,z
7464,7681,-26143342.9949934,-1482306.13081341,-24661036.86418,-217,z,z
7465,7682,-25891001.7581082,-1067260.41418565,-24823741.3439225,-217,z,z
7466,7683,-24240966.5931874,-1126552.65941819,-23114413.9337692,-217,z,z
7467,7684,-40807090.3421343,-1185844.90465073,-39621245.4374836,-217,z,z
7468,7685,-22304540.4635562,-1245137.14988326,-21059403.313673,-217,z,z
7469,7686,-46017910.8822729,-1304429.3951158,-44713481.4871571,-217,z,z
7470,7687,-47495095.5276973,-1363721.64034833,-46131373.887349,-217,z,z
7471,7688,-25167779.3999543,-1423013.88558087,-23744765.5143734,-217,z,z
7472,7689,-13969596.9811654,-1482306.13081341,-12487290.850352,-217,z,z
7473,7690,-27625362.4121502,-1067260.41418565,-26558101.9979645,-217,z,z
7474,7691,-32020312.4255696,-1126552.65941819,-30893759.7661514,-217,z,z
7475,7692,-29606862.1708697,-1185844.90465073,-28421017.2662189,-217,z,z
7476,7693,-30414591.4989852,-1245137.14988326,-29169454.3491019,-217,z,z
7477,7694,-31850848.4206124,-1304429.3951158,-30546419.0254966,-217,z,z
7478,7695,-52772238.5271605,-1363721.64034833,-51408516.8868122,-217,z,z
7479,7696,-28416152.1912233,-1423013.88558087,-26993138.3056425,-217,z,z
7480,7697,-19059324.1107855,-1482306.13081341,-17577017.9799721,-217,z,z
7481,7698,-22161972.4566309,-1067260.41418565,-21094712.0424453,-217,z,z
7482,7699,-16330553.5438177,-1126552.65941819,-15204000.8843995,-217,z,z
7483,7700,-37599436.1834368,-1185844.90465073,-36413591.2787861,-217,z,z
7484,7701,-36653014.1947874,-1245137.14988326,-35407877.0449041,-217,z,z
7485,7702,-6514284.48624962,-1304429.3951158,-5209855.09113382,-217,z,z
7486,7703,-22440993.5550221,-1363721.64034833,-21077271.9146737,-217,z,z
7487,7704,-19560792.7160224,-1423013.88558087,-18137778.8304415,-217,z,z
7488,7705,-4357164.86965031,-1482306.13081341,-2874858.7388369,-217,z,z
7489,7706,-985426.124641791,-1067260.41418565,81834.2895438625,-217,z,z
7490,7707,-1086543.95823377,-1126552.65941819,40008.7011844239,-217,z,z
7491,7708,-1052453.45480246,-1185844.90465073,133391.44984827,-217,z,z
7492,7709,-1951511.32398618,-1245137.14988326,-706374.17410292,-217,z,z
7493,7710,-1447660.14751064,-1304429.3951158,-143230.752394845,-217,z,z
7494,7711,-1297572.83850322,-1363721.64034833,66148.8018451098,-217,z,z
7495,7712,-786831.850215449,-1423013.88558087,636182.035365422,-217,z,z
7496,7713,-1616627.14630412,-1482306.13081341,-134321.015490709,-217,z,z
7497,7714,-1701557.89533702,-1067260.41418565,-634297.481151362,-217,z,z
7498,7715,-1529667.3800346,-1126552.65941819,-403114.720616414,-217,z,z
7499,7716,-1744109.46914962,-1185844.90465073,-558264.564498891,-217,z,z
7500,7717,-1433746.42629957,-1245137.14988326,-188609.276416309,-217,z,z
7501,7718,-2145454.84324105,-1304429.3951158,-841025.448125249,-217,z,z
7502,7719,-536973.284720213,-1363721.64034833,826748.355628122,-217,z,z
7503,7720,-1210224.21273118,-1423013.88558087,212789.672849694,-217,z,z
7504,7721,-1198541.74806056,-1482306.13081341,283764.382752843,-217,z,z
7505,7722,-1122151.23116608,-1067260.41418565,-54890.8169804309,-217,z,z
7506,7723,-1889101.40472844,-1126552.65941819,-762548.745310252,-217,z,z
7507,7724,-1032501.87331279,-1185844.90465073,153343.031337937,-217,z,z
7508,7725,-2130343.09640152,-1245137.14988326,-885205.946518259,-217,z,z
7509,7726,-2198731.27443043,-1304429.3951158,-894301.879314634,-217,z,z
7510,7727,-1165059.23147937,-1363721.64034833,198662.408868969,-217,z,z
7511,7728,-646624.860239138,-1423013.88558087,776389.025341733,-217,z,z
7512,7729,-1278836.22278473,-1482306.13081341,203469.908028677,-217,z,z
7513,7730,-1482306.13081341,-1067260.41418565,-415045.716627754,-217,z,z
7514,7731,-1370572.32272545,-1126552.65941819,-244019.663307258,-217,z,z
7515,7732,-1407967.19902709,-1185844.90465073,-222122.294376366,-217,z,z
7516,7733,-1474460.57502835,-1245137.14988326,-229323.425145089,-217,z,z
7517,7734,-2443043.45033151,-1304429.3951158,-1138614.05521571,-217,z,z
7518,7735,-1315446.86070478,-1363721.64034833,48274.7796435501,-217,z,z
7519,7736,-882260.375499328,-1423013.88558087,540753.510081542,-217,z,z
7520,7737,-1025901.5026218,-1482306.13081341,456404.628191606,-217,z,z
7521,7738,-755928.404806377,-1067260.41418565,311332.009379277,-217,z,z
7522,7739,-1740598.89738134,-1126552.65941819,-614046.237963146,-217,z,z
7523,7740,-1696783.06457349,-1185844.90465073,-510938.159922766,-217,z,z
7524,7741,-301471.503993038,-1245137.14988326,943665.645890224,-217,z,z
7525,7742,-1038819.14606584,-1304429.3951158,265610.249049961,-217,z,z
7526,7743,-905476.514630667,-1363721.64034833,458245.125717667,-217,z,z
7527,7744,-201604.855076403,-1423013.88558087,1221409.03050447,-217,z,z
7528,7745,-946009.079656119,-1482306.13081341,536297.051157288,-217,z,z
7529,7746,-1043082.19990441,-1067260.41418565,24178.2142812382,-217,z,z
7530,7747,-1010355.31661036,-1126552.65941819,116197.342807832,-217,z,z
7531,7748,-1873450.87102673,-1185844.90465073,-687605.966376009,-217,z,z
7532,7749,-1389753.74161022,-1245137.14988326,-144616.591726956,-217,z,z
7533,7750,-1245669.9249631,-1304429.3951158,58759.4701527022,-217,z,z
7534,7751,-755358.576206831,-1363721.64034833,608363.064141504,-217,z,z
7535,7752,-1551962.06045195,-1423013.88558087,-128948.174871081,-217,z,z
7536,7753,-1633495.57952353,-1482306.13081341,-151189.448710128,-217,z,z
7537,7754,-1468480.68483322,-1067260.41418565,-401220.270647566,-217,z,z
7538,7755,-1674345.09038363,-1126552.65941819,-547792.430965443,-217,z,z
7539,7756,-1376396.56924759,-1185844.90465073,-190551.664596863,-217,z,z
7540,7757,-2059636.64951141,-1245137.14988326,-814499.499628143,-217,z,z
7541,7758,-515494.353331404,-1304429.3951158,788935.041784394,-217,z,z
7542,7759,-1161815.24422193,-1363721.64034833,201906.396126405,-217,z,z
7543,7760,-1150600.07813814,-1423013.88558087,272413.807442729,-217,z,z
7544,7761,-1077265.18191944,-1482306.13081341,405040.948893966,-217,z,z
7545,7762,-1813537.3485393,-1067260.41418565,-746276.934353651,-217,z,z
7546,7763,-991201.798380277,-1126552.65941819,135350.861037912,-217,z,z
7547,7764,-2045129.37254546,-1185844.90465073,-859284.467894735,-217,z,z
7548,7765,-2110782.02345321,-1245137.14988326,-865644.873569953,-217,z,z
7549,7766,-1118456.86222019,-1304429.3951158,185972.532895607,-217,z,z
7550,7767,-620759.865829572,-1363721.64034833,742961.774518762,-217,z,z
7551,7768,-1227682.77387334,-1423013.88558087,195331.11170753,-217,z,z
7552,7769,-1423013.88558087,-1482306.13081341,59292.2452325365,-217,z,z
7553,7770,-1315749.42981643,-1067260.41418565,-248489.015630776,-217,z,z
7554,7771,-1351648.51106601,-1126552.65941819,-225095.851647818,-217,z,z
7555,7772,-1415482.15202722,-1185844.90465073,-229637.247376491,-217,z,z
7556,7773,-2345321.71231825,-1245137.14988326,-1100184.56243498,-217,z,z
7557,7774,-1262828.98627659,-1304429.3951158,41600.4088392051,-217,z,z
7558,7775,-846969.960479355,-1363721.64034833,516751.679868979,-217,z,z
7559,7776,-984865.442516929,-1423013.88558087,438148.443063941,-217,z,z
7560,7777,-725691.268614122,-1482306.13081341,756614.862199285,-217,z,z
7561,7778,-1670974.94148608,-1067260.41418565,-603714.527300429,-217,z,z
7562,7779,-1628911.74199055,-1126552.65941819,-502359.082572362,-217,z,z
7563,7780,-289412.643833317,-1185844.90465073,896432.260817409,-217,z,z
7564,7781,-997266.380223204,-1245137.14988326,247870.769660058,-217,z,z
7565,7782,-869257.454045441,-1304429.3951158,435171.941070357,-217,z,z
7566,7783,-193540.660873347,-1363721.64034833,1170180.97947499,-217,z,z
7567,7784,-906592.034670447,-1423013.88558087,516421.850910423,-217,z,z
7568,7785,-999620.441575064,-1482306.13081341,482685.689238343,-217,z,z
7569,7786,-968257.178418259,-1067260.41418565,99003.2357673941,-217,z,z
7570,7787,-1795390.41806729,-1126552.65941819,-668837.758649098,-217,z,z
7571,7788,-1331847.33570979,-1185844.90465073,-146002.431059066,-217,z,z
7572,7789,-1193767.01142297,-1245137.14988326,51370.1384602951,-217,z,z
7573,7790,-723885.302198213,-1304429.3951158,580544.092917585,-217,z,z
7574,7791,-1487296.97459979,-1363721.64034833,-123575.334251452,-217,z,z
7575,7792,-1565433.26371005,-1423013.88558087,-142419.378129183,-217,z,z
7576,7793,-1407293.98963183,-1482306.13081341,75012.1411815719,-217,z,z
7577,7794,-1604580.71161765,-1067260.41418565,-537320.297431994,-217,z,z
7578,7795,-1319046.71219561,-1126552.65941819,-192494.052777416,-217,z,z
7579,7796,-1973818.45578176,-1185844.90465073,-787973.551131038,-217,z,z
7580,7797,-494015.421942596,-1245137.14988326,751121.727940666,-217,z,z
7581,7798,-1113406.27571268,-1304429.3951158,191023.119403116,-217,z,z
7582,7799,-1102658.40821572,-1363721.64034833,261063.232132615,-217,z,z
7583,7800,-1032379.1326728,-1423013.88558087,390634.752908073,-217,z,z
7584,7801,-1737973.29235017,-1482306.13081341,-255667.161536759,-217,z,z
7585,7802,-949901.723447766,-1067260.41418565,117358.690737887,-217,z,z
7586,7803,-1959915.6486894,-1126552.65941819,-833362.98927121,-217,z,z
7587,7804,-2022832.772476,-1185844.90465073,-836987.867825271,-217,z,z
7588,7805,-1071854.49296102,-1245137.14988326,173282.656922245,-217,z,z
7589,7806,-594894.871420007,-1304429.3951158,709534.523695791,-217,z,z
7590,7807,-1176529.32496195,-1363721.64034833,187192.315386383,-217,z,z
7591,7808,-1363721.64034833,-1423013.88558087,59292.245232536,-217,z,z
7592,7809,-1260926.53690741,-1482306.13081341,221379.593905996,-217,z,z
7593,7810,-1295329.82310492,-1067260.41418565,-228069.408919271,-217,z,z
7594,7811,-1356503.72902608,-1126552.65941819,-229951.069607894,-217,z,z
7595,7812,-2247599.97430499,-1185844.90465073,-1061755.06965426,-217,z,z
7596,7813,-1210211.1118484,-1245137.14988326,34926.0380348603,-217,z,z
7597,7814,-811679.545459382,-1304429.3951158,492749.849656416,-217,z,z
7598,7815,-943829.382412057,-1363721.64034833,419892.257936277,-217,z,z
7599,7816,-695454.132421866,-1423013.88558087,727559.753159004,-217,z,z
7600,7817,-1601350.98559083,-1482306.13081341,-119044.854777422,-217,z,z
7601,7818,-1561040.41940761,-1067260.41418565,-493780.005221959,-217,z,z
7602,7819,-277353.783673595,-1126552.65941819,849198.875744594,-217,z,z
7603,7820,-955713.61438057,-1185844.90465073,230131.290270155,-217,z,z
7604,7821,-833038.393460214,-1245137.14988326,412098.756423048,-217,z,z
7605,7822,-185476.466670291,-1304429.3951158,1118952.92844551,-217,z,z
7606,7823,-867174.989684776,-1363721.64034833,496546.650663559,-217,z,z
7607,7824,-956158.683245714,-1423013.88558087,466855.202335157,-217,z,z
7608,7825,-926159.040226161,-1482306.13081341,556147.090587246,-217,z,z
7609,7826,-1717329.96510784,-1067260.41418565,-650069.550922187,-217,z,z
7610,7827,-1273940.92980937,-1126552.65941819,-147388.270391177,-217,z,z
7611,7828,-1141864.09788284,-1185844.90465073,43980.8067678879,-217,z,z
7612,7829,-692412.028189595,-1245137.14988326,552725.121693667,-217,z,z
7613,7830,-1422631.88874762,-1304429.3951158,-118202.493631824,-217,z,z
7614,7831,-1497370.94789657,-1363721.64034833,-133649.307548239,-217,z,z
7615,7832,-1346107.29443045,-1423013.88558087,76906.5911504198,-217,z,z
7616,7833,-1534816.33285166,-1482306.13081341,-52510.2020382555,-217,z,z
7617,7834,-1261696.85514362,-1067260.41418565,-194436.44095797,-217,z,z
7618,7835,-1888000.26205212,-1126552.65941819,-761447.602633932,-217,z,z
7619,7836,-472536.490553787,-1185844.90465073,713308.414096938,-217,z,z
7620,7837,-1064997.30720344,-1245137.14988326,180139.842679827,-217,z,z
7621,7838,-1054716.7382933,-1304429.3951158,249712.656822501,-217,z,z
7622,7839,-987493.083426154,-1363721.64034833,376228.556922181,-217,z,z
7623,7840,-1662409.23616103,-1423013.88558087,-239395.350580158,-217,z,z
7624,7841,-908601.648515254,-1482306.13081341,573704.482298153,-217,z,z
7625,7842,-1874701.92483334,-1067260.41418565,-807441.510647686,-217,z,z
7626,7843,-1934883.52149878,-1126552.65941819,-808330.86208059,-217,z,z
7627,7844,-1025252.12370184,-1185844.90465073,160592.780948883,-217,z,z
7628,7845,-569029.877010441,-1245137.14988326,676107.27287282,-217,z,z
7629,7846,-1125375.87605056,-1304429.3951158,179053.519065236,-217,z,z
7630,7847,-1304429.3951158,-1363721.64034833,59292.2452325365,-217,z,z
7631,7848,-1206103.64399839,-1423013.88558087,216910.241582477,-217,z,z
7632,7849,-1239011.13514384,-1482306.13081341,243294.995669567,-217,z,z
7633,7850,-1297525.30602495,-1067260.41418565,-230264.891839296,-217,z,z
7634,7851,-2149878.23629173,-1126552.65941819,-1023325.57687354,-217,z,z
7635,7852,-1157593.23742021,-1185844.90465073,28251.6672305153,-217,z,z
7636,7853,-776389.130439409,-1245137.14988326,468748.019443853,-217,z,z
7637,7854,-902793.322307185,-1304429.3951158,401636.072808613,-217,z,z
7638,7855,-665216.996229611,-1363721.64034833,698504.644118723,-217,z,z
7639,7856,-1531727.02969558,-1423013.88558087,-108713.144114705,-217,z,z
7640,7857,-1493169.09682467,-1482306.13081341,-10862.9660112653,-217,z,z
7641,7858,-265294.923513874,-1067260.41418565,801965.49067178,-217,z,z
7642,7859,-914160.848537937,-1126552.65941819,212391.810880253,-217,z,z
7643,7860,-796819.332874988,-1185844.90465073,389025.571775738,-217,z,z
7644,7861,-177412.272467235,-1245137.14988326,1067724.87741603,-217,z,z
7645,7862,-827757.944699104,-1304429.3951158,476671.450416694,-217,z,z
7646,7863,-912696.924916363,-1363721.64034833,451024.715431971,-217,z,z
7647,7864,-884060.902034063,-1423013.88558087,538952.983546808,-217,z,z
7648,7865,-1639269.51214839,-1482306.13081341,-156963.381334985,-217,z,z
7649,7866,-1216034.52390894,-1067260.41418565,-148774.109723287,-217,z,z
7650,7867,-1089961.18434271,-1126552.65941819,36591.4750754805,-217,z,z
7651,7868,-660938.754180977,-1185844.90465073,524906.150469749,-217,z,z
7652,7869,-1357966.80289546,-1245137.14988326,-112829.653012195,-217,z,z
7653,7870,-1429308.63208309,-1304429.3951158,-124879.236967295,-217,z,z
7654,7871,-1284920.59922907,-1363721.64034833,78801.0411192677,-217,z,z
7655,7872,-1465051.95408568,-1423013.88558087,-42038.0685048073,-217,z,z
7656,7873,-1204346.99809164,-1482306.13081341,277959.132721767,-217,z,z
7657,7874,-1802182.06832248,-1067260.41418565,-734921.654136826,-217,z,z
7658,7875,-451057.559164979,-1126552.65941819,675495.10025321,-217,z,z
7659,7876,-1016588.33869419,-1185844.90465073,169256.565956537,-217,z,z
7660,7877,-1006775.06837087,-1245137.14988326,238362.081512388,-217,z,z
7661,7878,-942607.03417951,-1304429.3951158,361822.360936288,-217,z,z
7662,7879,-1586845.17997189,-1363721.64034833,-223123.539623556,-217,z,z
7663,7880,-867301.573582743,-1423013.88558087,555712.311998128,-217,z,z
7664,7881,-1789488.20097728,-1482306.13081341,-307182.070163871,-217,z,z
7665,7882,-1846934.27052156,-1067260.41418565,-779673.856335909,-217,z,z
7666,7883,-978649.754442668,-1126552.65941819,147902.904975522,-217,z,z
7667,7884,-543164.882600876,-1185844.90465073,642680.02204985,-217,z,z
7668,7885,-1074222.42713917,-1245137.14988326,170914.722744088,-217,z,z
7669,7886,-1245137.14988326,-1304429.3951158,59292.2452325362,-217,z,z
7670,7887,-1151280.75108938,-1363721.64034833,212440.889258959,-217,z,z
7671,7888,-1182692.44718276,-1423013.88558087,240321.438398114,-217,z,z
7672,7889,-1238546.88302381,-1482306.13081341,243759.247789592,-217,z,z
7673,7890,-2052156.49827847,-1067260.41418565,-984896.084092813,-217,z,z
7674,7891,-1104975.36299202,-1126552.65941819,21577.2964261705,-217,z,z
7675,7892,-741098.715419436,-1185844.90465073,444746.18923129,-217,z,z
7676,7893,-861757.262202313,-1245137.14988326,383379.887680949,-217,z,z
7677,7894,-634979.860037356,-1304429.3951158,669449.535078442,-217,z,z
7678,7895,-1462103.07380032,-1363721.64034833,-98381.4334519876,-217,z,z
7679,7896,-1425297.77424173,-1423013.88558087,-2283.88866086211,-217,z,z
7680,7898,-253236.063354152,-1067260.41418565,814024.350831501,-218,z,z
7681,7899,-872608.082695303,-1126552.65941819,253944.576722886,-218,z,z
7682,7900,-760600.272289761,-1185844.90465073,425244.632360965,-218,z,z
7683,7901,-169348.078264179,-1245137.14988326,1075789.07161908,-218,z,z
7684,7902,-788340.899713433,-1304429.3951158,516088.495402366,-218,z,z
7685,7903,-869235.166587012,-1363721.64034833,494486.473761322,-218,z,z
7686,7905,-841962.763841964,-1067260.41418565,225297.650343689,-219,z,z
7687,7906,-1561209.05918895,-1126552.65941819,-434656.399770756,-219,z,z
7688,7907,-1158128.11800851,-1185844.90465073,27716.7866422108,-219,z,z
7689,7908,-1038058.27080258,-1245137.14988326,207078.879080682,-219,z,z
7690,7909,-629465.480172359,-1304429.3951158,674963.914943439,-219,z,z
7691,7911,-1293301.71704329,-1067260.41418565,-226041.30285764,-220,z,z
7692,7912,-1361246.31626961,-1126552.65941819,-234693.656851423,-220,z,z
7693,7913,-1223733.90402768,-1185844.90465073,-37888.9993769571,-220,z,z
7694,7914,-1395287.57531969,-1245137.14988326,-150150.425436431,-220,z,z
7695,7916,-1146997.14103966,-1067260.41418565,-79736.726854004,-221,z,z
7696,7917,-1716363.87459284,-1126552.65941819,-589811.215174648,-221,z,z
7697,7918,-429578.62777617,-1185844.90465073,756266.276874555,-221,z,z
7698,7920,-968179.370184941,-1067260.41418565,99081.0440007119,-222,z,z
7699,7921,-958833.398448452,-1126552.65941819,167719.260969738,-222,z,z
7700,7923,-897720.984932867,-1067260.41418565,169539.429252786,-223,z,z
7701,7926,-1511281.12378275,-96216677.0553264,94705395.9315436,-225,z,z
7702,7927,-826001.498650231,-93749646.8744206,92923645.3757703,-225,z,z
7703,7928,-1704274.47712122,-91282616.6935148,89578342.2163935,-225,z,z
7704,7929,-1758985.01954434,-88815586.512609,87056601.4930646,-225,z,z
7705,7930,-932047.385183493,-86348556.3317031,85416508.9465197,-225,z,z
7706,7931,-517299.88819131,-83881526.1507974,83364226.262606,-225,z,z
7707,7932,-1023068.97822778,-81414495.9698916,80391426.9916638,-225,z,z
7708,7933,-1185844.90465073,-78947465.7889857,77761620.884335,-225,z,z
7709,7934,-1096457.85818036,-76480435.6080799,75383977.7498996,-225,z,z
7710,7935,-1126373.75922167,-74013405.4271741,72887031.6679525,-225,z,z
7711,7936,-1179568.46002268,-71546375.2462683,70366806.7862456,-225,z,z
7712,7937,-1954434.76026521,-69079345.0653625,67124910.3050973,-225,z,z
7713,7938,-1052357.48856383,-66612314.8844567,65559957.3958929,-225,z,z
7714,7939,-705808.300399463,-64145284.7035509,63439476.4031515,-225,z,z
7715,7940,-820721.202097441,-61678254.5226451,60857533.3205477,-225,z,z
7716,7941,-604742.723845101,-59211224.3417393,58606481.6178942,-225,z,z
7717,7942,-1392479.11790507,-56744194.1608335,55351715.0429284,-225,z,z
7718,7943,-1357426.45165879,-54277163.9799277,52919737.5282689,-225,z,z
7719,7944,-241177.20319443,-51810133.7990219,51568956.5958275,-225,z,z
7720,7945,-831055.31685267,-49343103.6181161,48512048.3012634,-225,z,z
7721,7946,-724381.211704534,-46876073.4372103,46151692.2255057,-225,z,z
7722,7947,-161283.884061122,-44409043.2563045,44247759.3722434,-225,z,z
7723,7948,-748923.854727761,-41942013.0753987,41193089.2206709,-225,z,z
7724,7949,-825773.408257662,-39474982.8944929,38649209.4862352,-225,z,z
7725,7950,-799864.625649866,-37007952.7135871,36208088.0879372,-225,z,z
7726,7951,-1483148.6062295,-34540922.5326813,33057773.9264518,-225,z,z
7727,7952,-1100221.71210809,-32073892.3517755,30973670.6396674,-225,z,z
7728,7953,-986155.357262451,-29606862.1708697,28620706.8136072,-225,z,z
7729,7954,-597992.206163741,-27139831.9899638,26541839.7838001,-225,z,z
7730,7955,-1228636.63119113,-24672801.809058,23444165.1778669,-225,z,z
7731,7956,-1293184.00045613,-22205771.6281522,20912587.6276961,-225,z,z
7732,7957,-1162547.2088263,-19738741.4472464,18576194.2384201,-225,z,z
7733,7958,-1325523.19655371,-17271711.2663406,15946188.0697869,-225,z,z
7734,7959,-1089647.28398767,-14804681.0854348,13715033.8014472,-225,z,z
7735,7960,-1630545.6808632,-12337650.904529,10707105.2236658,-225,z,z
7736,7961,-408099.696387362,-9870620.72362322,9462521.02723586,-225,z,z
7737,7962,-919770.401675694,-7403590.54271741,6483820.14104172,-225,z,z
7738,7963,-910891.728526029,-4936560.36181161,4025668.63328558,-225,z,z
7739,7964,-852834.935686224,-2469530.1809058,1616695.24521958,-225,z,z
7740,7965,-1435717.06759362,-2500,-1433217.06759362,-225,z,z
7741,7967,-784701.42371772,-986812.072362322,202110.648644603,-226,z,z
7742,7968,-1619060.75326516,-1041634.96527134,-577425.787993816,-226,z,z
7743,7969,-1671035.76856713,-1096457.85818036,-574577.91038677,-226,z,z
7744,7970,-885445.015924318,-1151280.75108938,265835.735165057,-226,z,z
7745,7971,-491434.893781745,-1206103.64399839,714668.750216649,-226,z,z
7746,7972,-971915.529316395,-1260926.53690741,289011.007591017,-226,z,z
7747,7973,-1126552.65941819,-1315749.42981643,189196.77039824,-226,z,z
7748,7974,-1041634.96527134,-1370572.32272545,328937.357454107,-226,z,z
7749,7975,-1070055.07126059,-986812.072362322,-83242.9988982673,-226,z,z
7750,7976,-1120590.03702155,-1041634.96527134,-78955.0717502069,-226,z,z
7751,7977,-1856713.02225194,-1096457.85818036,-760255.164071587,-226,z,z
7752,7978,-999739.614135636,-1151280.75108938,151541.136953739,-226,z,z
7753,7979,-670517.885379489,-1206103.64399839,535585.758618904,-226,z,z
7754,7980,-779685.141992569,-1260926.53690741,481241.394914842,-226,z,z
7755,7981,-574505.587652846,-1315749.42981643,741243.842163583,-226,z,z
7756,7982,-1322855.16200982,-1370572.32272545,47717.1607156319,-226,z,z
7757,7983,-1289555.12907585,-986812.072362322,-302743.056713531,-226,z,z
7758,7984,-229118.343034709,-1041634.96527134,812516.622236631,-226,z,z
7759,7985,-789502.551010036,-1096457.85818036,306955.307170322,-226,z,z
7760,7986,-688162.151119307,-1151280.75108938,463118.599970068,-226,z,z
7761,7987,-153219.689858066,-1206103.64399839,1052883.95414033,-226,z,z
7762,7988,-709506.809742089,-1260926.53690741,551419.727165322,-226,z,z
7763,7989,-782311.649928311,-1315749.42981643,533437.779888118,-226,z,z
7764,7990,-757766.487457768,-1370572.32272545,612805.835267679,-226,z,z
7765,7991,-1405088.15327005,-986812.072362322,-418276.080907729,-226,z,z
7766,7992,-1042315.30620766,-1041634.96527134,-680.340936323511,-226,z,z
7767,7993,-934252.443722322,-1096457.85818036,162205.414458036,-226,z,z
7768,7994,-566518.932155123,-1151280.75108938,584761.818934253,-226,z,z
7769,7995,-1163971.54533896,-1206103.64399839,42132.0986594302,-226,z,z
7770,7996,-1225121.68464265,-1260926.53690741,35804.8522647605,-226,z,z
7771,7997,-1101360.51362491,-1315749.42981643,214388.916191515,-226,z,z
7772,7998,-1255758.81778772,-1370572.32272545,114813.504937723,-226,z,z
7773,7999,-1032297.42693569,-986812.072362322,-45485.3545733694,-226,z,z
7774,8000,-1544727.48713355,-1041634.96527134,-503092.521862214,-226,z,z
7775,8001,-386620.764998553,-1096457.85818036,709837.093181805,-226,z,z
7776,8002,-871361.433166447,-1151280.75108938,279919.317922929,-226,z,z
7777,8003,-862950.058603606,-1206103.64399839,343153.585394787,-226,z,z
7778,8004,-807948.88643958,-1260926.53690741,452977.650467831,-226,z,z
7779,8005,-1360153.01140448,-1315749.42981643,-44403.5815880487,-226,z,z
7780,8006,-743401.348785208,-1370572.32272545,627170.973940239,-226,z,z
7781,8007,-1533847.0294091,-986812.072362322,-547034.957046773,-226,z,z
7782,8008,-1583086.51758991,-1041634.96527134,-541451.552318571,-226,z,z
7783,8009,-838842.646665144,-1096457.85818036,257615.211515214,-226,z,z
7784,8010,-465569.899372179,-1151280.75108938,685710.851717196,-226,z,z
7785,8011,-920762.080405006,-1206103.64399839,285341.563593388,-226,z,z
7786,8012,-1067260.41418565,-1260926.53690741,193666.122721758,-226,z,z
7787,8013,-986812.072362322,-1315749.42981643,328937.357454107,-226,z,z
7788,8014,-1013736.38329951,-1370572.32272545,356835.939425941,-226,z,z
7789,8015,-1061611.61402041,-986812.072362322,-74799.5416580907,-226,z,z
7790,8016,-1758991.28423868,-1041634.96527134,-717356.318967345,-226,z,z
7791,8017,-947121.739707445,-1096457.85818036,149336.118472913,-226,z,z
7792,8018,-635227.470359516,-1151280.75108938,516053.280729859,-226,z,z
7793,8019,-738649.081887697,-1206103.64399839,467454.562110697,-226,z,z
7794,8020,-544268.451460591,-1260926.53690741,716658.08544682,-226,z,z
7795,8021,-1253231.20611456,-1315749.42981643,62518.2237018675,-226,z,z
7796,8022,-1221683.80649291,-1370572.32272545,148888.516232533,-226,z,z
7797,8023,-217059.482874987,-986812.072362322,769752.589487335,-226,z,z
7798,8024,-747949.785167403,-1041634.96527134,293685.180103937,-226,z,z
7799,8025,-651943.090534081,-1096457.85818036,444514.767646277,-226,z,z
7800,8026,-145155.49565501,-1151280.75108938,1006125.25543437,-226,z,z
7801,8027,-19513937.2679075,-1206103.64399839,-18307833.6239091,-226,z,z
7802,8028,-21516070.3730286,-1260926.53690741,-20255143.8361211,-226,z,z
7803,8029,-20841078.4050886,-1315749.42981643,-19525328.9752722,-226,z,z
7804,8030,-38642424.2149264,-1370572.32272545,-37271851.8922009,-226,z,z
7805,8031,-28666170.9207107,-986812.072362322,-27679358.8483484,-226,z,z
7806,8032,-25694442.2023638,-1041634.96527134,-24652807.2370925,-226,z,z
7807,8033,-15581770.6342659,-1096457.85818036,-14485312.7760855,-226,z,z
7808,8034,-32011717.4968215,-1151280.75108938,-30860436.7457321,-226,z,z
7809,8035,-33693346.3276729,-1206103.64399839,-32487242.6836745,-226,z,z
7810,8036,-30289914.1246851,-1260926.53690741,-29028987.5877777,-226,z,z
7811,8037,-34535867.4891624,-1315749.42981643,-33220118.059346,-226,z,z
7812,8038,-28390679.2407315,-1370572.32272545,-27020106.9180061,-226,z,z
7813,8039,-42482505.8961727,-986812.072362322,-41495693.8238104,-226,z,z
7814,8040,-10634571.0374602,-1041634.96527134,-9592936.07218887,-226,z,z
7815,8041,-23964939.4120773,-1096457.85818036,-22868481.5538969,-226,z,z
7816,8042,-23733626.6115992,-1151280.75108938,-22582345.8605098,-226,z,z
7817,8043,-22221094.3770885,-1206103.64399839,-21014990.7330901,-226,z,z
7818,8044,-37406707.8136231,-1260926.53690741,-36145781.2767157,-226,z,z
7819,8045,-20446037.0915932,-1315749.42981643,-19130287.6617768,-226,z,z
7820,8046,-42183293.3087501,-1370572.32272545,-40812720.9860247,-226,z,z
7821,8047,-43537379.2337225,-986812.072362322,-42550567.1613602,-226,z,z
7822,8048,-23070672.7832914,-1041634.96527134,-22029037.8180201,-226,z,z
7823,8049,-12805672.2327349,-1096457.85818036,-11709214.3745546,-226,z,z
7824,8050,-25323457.2111376,-1151280.75108938,-24172176.4600483,-226,z,z
7825,8051,-29352161.3901055,-1206103.64399839,-28146057.7461071,-226,z,z
7826,8052,-27139831.9899638,-1260926.53690741,-25878905.4530564,-226,z,z
7827,8053,-27880250.5407364,-1315749.42981643,-26564501.11092,-226,z,z
7828,8054,-29196819.3855614,-1370572.32272545,-27826247.0628359,-226,z,z
7829,8055,-48374760.3165638,-986812.072362322,-47387948.2442015,-226,z,z
7830,8056,-26048347.8419547,-1041634.96527134,-25006712.8766834,-226,z,z
7831,8057,-17471255.4348867,-1096457.85818036,-16374797.5767063,-226,z,z
7832,8058,-20315349.7519117,-1151280.75108938,-19164069.0008223,-226,z,z
7833,8059,-14969882.4151663,-1206103.64399839,-13763778.7711679,-226,z,z
7834,8060,-34466358.1681504,-1260926.53690741,-33205431.631243,-226,z,z
7835,8061,-33598804.6785551,-1315749.42981643,-32283055.2487387,-226,z,z
7836,8062,-5971635.77906215,-1370572.32272545,-4601063.45633671,-226,z,z
7837,8063,-20571119.0921036,-986812.072362322,-19584307.0197413,-226,z,z
7838,8064,-17930934.9896872,-1041634.96527134,-16889300.0244159,-226,z,z
7839,8065,-3994276.13051278,-1096457.85818036,-2897818.27233242,-226,z,z
7840,8066,-985426.124641791,-1151280.75108938,165854.626447585,-226,z,z
7841,8067,-1086543.95823377,-1206103.64399839,119559.685764628,-226,z,z
7842,8068,-1052453.45480246,-1260926.53690741,208473.082104956,-226,z,z
7843,8069,-1951511.32398618,-1315749.42981643,-635761.894169752,-226,z,z
7844,8070,-1447660.14751064,-1370572.32272545,-77087.8247851965,-226,z,z
7845,8071,-1297572.83850322,-986812.072362322,-310760.766140903,-226,z,z
7846,8072,-786831.850215449,-1041634.96527134,254803.115055891,-226,z,z
7847,8073,-1616627.14630412,-1096457.85818036,-520169.288123758,-226,z,z
7848,8074,-1701557.89533702,-1151280.75108938,-550277.14424764,-226,z,z
7849,8075,-1529667.3800346,-1206103.64399839,-323563.73603621,-226,z,z
7850,8076,-1744109.46914962,-1260926.53690741,-483182.932242205,-226,z,z
7851,8077,-1433746.42629957,-1315749.42981643,-117996.996483142,-226,z,z
7852,8078,-2145454.84324105,-1370572.32272545,-774882.5205156,-226,z,z
7853,8079,-536973.284720213,-986812.072362322,449838.787642109,-226,z,z
7854,8080,-1210224.21273118,-1041634.96527134,-168589.247459837,-226,z,z
7855,8081,-1198541.74806056,-1096457.85818036,-102083.889880207,-226,z,z
7856,8082,-1122151.23116608,-1151280.75108938,29129.5199232916,-226,z,z
7857,8083,-1889101.40472844,-1206103.64399839,-682997.760730048,-226,z,z
7858,8084,-1032501.87331279,-1260926.53690741,228424.663594623,-226,z,z
7859,8085,-2130343.09640152,-1315749.42981643,-814593.666585092,-226,z,z
7860,8086,-2198731.27443043,-1370572.32272545,-828158.951704985,-226,z,z
7861,8087,-1165059.23147937,-986812.072362322,-178247.159117044,-226,z,z
7862,8088,-646624.860239138,-1041634.96527134,395010.105032202,-226,z,z
7863,8089,-1278836.22278473,-1096457.85818036,-182378.364604372,-226,z,z
7864,8090,-1482306.13081341,-1151280.75108938,-331025.379724031,-226,z,z
7865,8091,-1370572.32272545,-1206103.64399839,-164468.678727054,-226,z,z
7866,8092,-1407967.19902709,-1260926.53690741,-147040.66211968,-226,z,z
7867,8093,-1474460.57502835,-1315749.42981643,-158711.145211922,-226,z,z
7868,8094,-2443043.45033151,-1370572.32272545,-1072471.12760606,-226,z,z
7869,8095,-1315446.86070478,-986812.072362322,-328634.788342462,-226,z,z
7870,8096,-882260.375499328,-1041634.96527134,159374.589772012,-226,z,z
7871,8097,-1025901.5026218,-1096457.85818036,70556.3555585565,-226,z,z
7872,8098,-755928.404806377,-1151280.75108938,395352.346282999,-226,z,z
7873,8099,-1740598.89738134,-1206103.64399839,-534495.253382942,-226,z,z
7874,8100,-1696783.06457349,-1260926.53690741,-435856.52766608,-226,z,z
7875,8101,-301471.503993038,-1315749.42981643,1014277.92582339,-226,z,z
7876,8102,-1038819.14606584,-1370572.32272545,331753.17665961,-226,z,z
7877,8103,-905476.514630667,-986812.072362322,81335.5577316545,-226,z,z
7878,8104,-201604.855076403,-1041634.96527134,840030.110194937,-226,z,z
7879,8105,-946009.079656119,-1096457.85818036,150448.778524239,-226,z,z
7880,8106,-1043082.19990441,-1151280.75108938,108198.551184961,-226,z,z
7881,8107,-1010355.31661036,-1206103.64399839,195748.327388036,-226,z,z
7882,8108,-1873450.87102673,-1260926.53690741,-612524.334119323,-226,z,z
7883,8109,-1389753.74161022,-1315749.42981643,-74004.3117937886,-226,z,z
7884,8110,-1245669.9249631,-1370572.32272545,124902.397762351,-226,z,z
7885,8111,-755358.576206831,-986812.072362322,231453.496155491,-226,z,z
7886,8112,-1551962.06045195,-1041634.96527134,-510327.095180611,-226,z,z
7887,8113,-1633495.57952353,-1096457.85818036,-537037.721343177,-226,z,z
7888,8114,-1468480.68483322,-1151280.75108938,-317199.933743843,-226,z,z
7889,8115,-1674345.09038363,-1206103.64399839,-468241.446385238,-226,z,z
7890,8116,-1376396.56924759,-1260926.53690741,-115470.032340177,-226,z,z
7891,8117,-2059636.64951141,-1315749.42981643,-743887.219694976,-226,z,z
7892,8118,-515494.353331404,-1370572.32272545,855077.969394043,-226,z,z
7893,8119,-1161815.24422193,-986812.072362322,-175003.171859607,-226,z,z
7894,8120,-1150600.07813814,-1041634.96527134,-108965.112866802,-226,z,z
7895,8121,-1077265.18191944,-1096457.85818036,19192.6762609172,-226,z,z
7896,8122,-1813537.3485393,-1151280.75108938,-662256.597449928,-226,z,z
7897,8123,-991201.798380277,-1206103.64399839,214901.845618116,-226,z,z
7898,8124,-2045129.37254546,-1260926.53690741,-784202.835638049,-226,z,z
7899,8125,-2110782.02345321,-1315749.42981643,-795032.593636785,-226,z,z
7900,8126,-1118456.86222019,-1370572.32272545,252115.460505256,-226,z,z
7901,8127,-620759.865829572,-986812.072362322,366052.20653275,-226,z,z
7902,8128,-1227682.77387334,-1041634.96527134,-186047.808602001,-226,z,z
7903,8129,-1423013.88558087,-1096457.85818036,-326556.027400513,-226,z,z
7904,8130,-1315749.42981643,-1151280.75108938,-164468.678727054,-226,z,z
7905,8131,-1351648.51106601,-1206103.64399839,-145544.867067614,-226,z,z
7906,8132,-1415482.15202722,-1260926.53690741,-154555.615119806,-226,z,z
7907,8133,-2345321.71231825,-1315749.42981643,-1029572.28250182,-226,z,z
7908,8134,-1262828.98627659,-1370572.32272545,107743.336448854,-226,z,z
7909,8135,-846969.960479355,-986812.072362322,139842.111882967,-226,z,z
7910,8136,-984865.442516929,-1041634.96527134,56769.5227544106,-226,z,z
7911,8137,-725691.268614122,-1096457.85818036,370766.589566236,-226,z,z
7912,8138,-1670974.94148608,-1151280.75108938,-519694.190396707,-226,z,z
7913,8139,-1628911.74199055,-1206103.64399839,-422808.097992158,-226,z,z
7914,8140,-289412.643833317,-1260926.53690741,971513.893074095,-226,z,z
7915,8141,-997266.380223204,-1315749.42981643,318483.049593226,-226,z,z
7916,8142,-869257.454045441,-1370572.32272545,501314.868680006,-226,z,z
7917,8143,-193540.660873347,-986812.072362322,793271.411488975,-226,z,z
7918,8144,-906592.034670447,-1041634.96527134,135042.930600893,-226,z,z
7919,8145,-999620.441575064,-1096457.85818036,96837.4166052934,-226,z,z
7920,8146,-968257.178418259,-1151280.75108938,183023.572671117,-226,z,z
7921,8147,-1795390.41806729,-1206103.64399839,-589286.774068893,-226,z,z
7922,8148,-1331847.33570979,-1260926.53690741,-70920.7988023807,-226,z,z
7923,8149,-1193767.01142297,-1315749.42981643,121982.418393462,-226,z,z
7924,8150,-723885.302198213,-1370572.32272545,646687.020527234,-226,z,z
7925,8151,-1487296.97459979,-986812.072362322,-500484.902237464,-226,z,z
7926,8152,-1565433.26371005,-1041634.96527134,-523798.298438714,-226,z,z
7927,8153,-1407293.98963183,-1096457.85818036,-310836.131451477,-226,z,z
7928,8154,-1604580.71161765,-1151280.75108938,-453299.960528271,-226,z,z
7929,8155,-1319046.71219561,-1206103.64399839,-112943.068197212,-226,z,z
7930,8156,-1973818.45578176,-1260926.53690741,-712891.918874352,-226,z,z
7931,8157,-494015.421942596,-1315749.42981643,821734.007873833,-226,z,z
7932,8158,-1113406.27571268,-1370572.32272545,257166.047012765,-226,z,z
7933,8159,-1102658.40821572,-986812.072362322,-115846.335853397,-226,z,z
7934,8160,-1032379.1326728,-1041634.96527134,9255.83259854268,-226,z,z
7935,8161,-1737973.29235017,-1096457.85818036,-641515.434169808,-226,z,z
7936,8162,-949901.723447766,-1151280.75108938,201379.02764161,-226,z,z
7937,8163,-1959915.6486894,-1206103.64399839,-753812.004691006,-226,z,z
7938,8164,-2022832.772476,-1260926.53690741,-761906.235568586,-226,z,z
7939,8165,-1071854.49296102,-1315749.42981643,243894.936855412,-226,z,z
7940,8166,-594894.871420007,-1370572.32272545,775677.45130544,-226,z,z
7941,8167,-1176529.32496195,-986812.072362322,-189717.25259963,-226,z,z
7942,8168,-1363721.64034833,-1041634.96527134,-322086.675076995,-226,z,z
7943,8169,-1260926.53690741,-1096457.85818036,-164468.678727054,-226,z,z
7944,8170,-1295329.82310492,-1151280.75108938,-144049.072015548,-226,z,z
7945,8171,-1356503.72902608,-1206103.64399839,-150400.085027689,-226,z,z
7946,8172,-2247599.97430499,-1260926.53690741,-986673.437397575,-226,z,z
7947,8173,-1210211.1118484,-1315749.42981643,105538.317968028,-226,z,z
7948,8174,-811679.545459382,-1370572.32272545,558892.777266065,-226,z,z
7949,8175,-943829.382412057,-986812.072362322,42982.6899502648,-226,z,z
7950,8176,-695454.132421866,-1041634.96527134,346180.832849473,-226,z,z
7951,8177,-1601350.98559083,-1096457.85818036,-504893.127410471,-226,z,z
7952,8178,-1561040.41940761,-1151280.75108938,-409759.668318236,-226,z,z
7953,8179,-277353.783673595,-1206103.64399839,928749.860324798,-226,z,z
7954,8180,-955713.61438057,-1260926.53690741,305212.922526841,-226,z,z
7955,8181,-833038.393460214,-1315749.42981643,482711.036356215,-226,z,z
7956,8182,-185476.466670291,-1370572.32272545,1185095.85605516,-226,z,z
7957,8183,-867174.989684776,-986812.072362322,119637.082677546,-226,z,z
7958,8184,-956158.683245714,-1041634.96527134,85476.2820256262,-226,z,z
7959,8185,-926159.040226161,-1096457.85818036,170298.817954197,-226,z,z
7960,8186,-1717329.96510784,-1151280.75108938,-566049.214018464,-226,z,z
7961,8187,-1273940.92980937,-1206103.64399839,-67837.2858109728,-226,z,z
7962,8188,-1141864.09788284,-1260926.53690741,119062.439024574,-226,z,z
7963,8189,-692412.028189595,-1315749.42981643,623337.401626834,-226,z,z
7964,8190,-1422631.88874762,-1370572.32272545,-52059.5660221749,-226,z,z
7965,8191,-1497370.94789657,-986812.072362322,-510558.875534251,-226,z,z
7966,8192,-1346107.29443045,-1041634.96527134,-304472.329159111,-226,z,z
7967,8193,-1534816.33285166,-1096457.85818036,-438358.474671305,-226,z,z
7968,8194,-1261696.85514362,-1151280.75108938,-110416.104054247,-226,z,z
7969,8195,-1888000.26205212,-1206103.64399839,-681896.618053728,-226,z,z
7970,8196,-472536.490553787,-1260926.53690741,788390.046353624,-226,z,z
7971,8197,-1064997.30720344,-1315749.42981643,250752.122612994,-226,z,z
7972,8198,-1054716.7382933,-1370572.32272545,315855.58443215,-226,z,z
7973,8199,-987493.083426154,-986812.072362322,-681.011063831858,-226,z,z
7974,8200,-1662409.23616103,-1041634.96527134,-620774.270889689,-226,z,z
7975,8201,-908601.648515254,-1096457.85818036,187856.209665104,-226,z,z
7976,8202,-1874701.92483334,-1151280.75108938,-723421.173743963,-226,z,z
7977,8203,-1934883.52149878,-1206103.64399839,-728779.877500386,-226,z,z
7978,8204,-1025252.12370184,-1260926.53690741,235674.413205569,-226,z,z
7979,8205,-569029.877010441,-1315749.42981643,746719.552805988,-226,z,z
7980,8206,-1125375.87605056,-1370572.32272545,245196.446674885,-226,z,z
7981,8207,-1304429.3951158,-986812.072362322,-317617.322753476,-226,z,z
7982,8208,-1206103.64399839,-1041634.96527134,-164468.678727054,-226,z,z
7983,8209,-1239011.13514384,-1096457.85818036,-142553.276963483,-226,z,z
7984,8210,-1297525.30602495,-1151280.75108938,-146244.554935573,-226,z,z
7985,8211,-2149878.23629173,-1206103.64399839,-943774.592293332,-226,z,z
7986,8212,-1157593.23742021,-1260926.53690741,103333.299487201,-226,z,z
7987,8213,-776389.130439409,-1315749.42981643,539360.29937702,-226,z,z
7988,8215,-902793.322307185,-986812.072362322,84018.7500551369,-227,z,z
7989,8216,-665216.996229611,-1041634.96527134,376417.969041728,-227,z,z
7990,8217,-1531727.02969558,-1096457.85818036,-435269.171515218,-227,z,z
7991,8218,-1493169.09682467,-1151280.75108938,-341888.345735297,-227,z,z
7992,8219,-265294.923513874,-1206103.64399839,940808.72048452,-227,z,z
7993,8220,-914160.848537937,-1260926.53690741,346765.688369475,-227,z,z
7994,8222,-796819.332874988,-986812.072362322,189992.739487335,-228,z,z
7995,8223,-177412.272467235,-1041634.96527134,864222.692804105,-228,z,z
7996,8224,-827757.944699104,-1096457.85818036,268699.913481254,-228,z,z
7997,8225,-912696.924916363,-1151280.75108938,238583.826173013,-228,z,z
7998,8226,-884060.902034063,-1206103.64399839,322042.741964331,-228,z,z
7999,8228,-1639269.51214839,-986812.072362322,-652457.43978607,-229,z,z
8000,8229,-1216034.52390894,-1041634.96527134,-174399.558637601,-229,z,z
8001,8230,-1089961.18434271,-1096457.85818036,6496.67383764894,-229,z,z
8002,8231,-660938.754180977,-1151280.75108938,490341.996908399,-229,z,z
8003,8233,-1357966.80289546,-986812.072362322,-371154.730533135,-230,z,z
8004,8234,-1429308.63208309,-1041634.96527134,-387673.666811753,-230,z,z
8005,8235,-1284920.59922907,-1096457.85818036,-188462.741048709,-230,z,z
8006,8237,-1465051.95408568,-986812.072362322,-478239.881723356,-231,z,z
8007,8238,-1204346.99809164,-1041634.96527134,-162712.0328203,-231,z,z
8008,8240,-1802182.06832248,-986812.072362322,-815369.995960158,-232,z,z
8009,8243,-451057.559164979,-98841797.3717018,98390739.8125368,-234,z,z
8010,8244,-1016588.33869419,-96307456.413453,95290868.0747588,-234,z,z
8011,8245,-1006775.06837087,-93773115.4552043,92766340.3868334,-234,z,z
8012,8246,-942607.03417951,-91238774.4969555,90296167.462776,-234,z,z
8013,8247,-1586845.17997189,-88704433.5387067,87117588.3587348,-234,z,z
8014,8248,-867301.573582743,-86170092.580458,85302791.0068752,-234,z,z
8015,8249,-1789488.20097728,-83635751.6222092,81846263.4212319,-234,z,z
8016,8250,-1846934.27052156,-81101410.6639605,79254476.3934389,-234,z,z
8017,8251,-978649.754442668,-78567069.7057117,77588419.951269,-234,z,z
8018,8252,-543164.882600876,-76032728.7474629,75489563.864862,-234,z,z
8019,8253,-1074222.42713917,-73498387.7892142,72424165.362075,-234,z,z
8020,8254,-1245137.14988326,-70964046.8309654,69718909.6810821,-234,z,z
8021,8255,-1151280.75108938,-68429705.8727166,67278425.1216272,-234,z,z
8022,8256,-1182692.44718276,-65895364.9144679,64712672.4672851,-234,z,z
8023,8257,-1238546.88302381,-63361023.9562191,62122477.0731953,-234,z,z
8024,8258,-2052156.49827847,-60826682.9979703,58774526.4996919,-234,z,z
8025,8259,-1104975.36299202,-58292342.0397216,57187366.6767296,-234,z,z
8026,8260,-741098.715419436,-55758001.0814728,55016902.3660534,-234,z,z
8027,8261,-861757.262202313,-53223660.123224,52361902.8610217,-234,z,z
8028,8262,-634979.860037356,-50689319.1649753,50054339.3049379,-234,z,z
8029,8263,-1462103.07380032,-48154978.2067265,46692875.1329262,-234,z,z
8030,8264,-1425297.77424173,-45620637.2484778,44195339.474236,-234,z,z
8031,8265,-253236.063354152,-43086296.290229,42833060.2268748,-234,z,z
8032,8266,-872608.082695303,-40551955.3319802,39679347.2492849,-234,z,z
8033,8267,-760600.272289761,-38017614.3737315,37257014.1014417,-234,z,z
8034,8268,-169348.078264179,-35483273.4154827,35313925.3372185,-234,z,z
8035,8269,-788340.899713433,-32948932.4572339,32160591.5575205,-234,z,z
8036,8270,-869235.166587012,-30414591.4989852,29545356.3323981,-234,z,z
8037,8271,-841962.763841964,-27880250.5407364,27038287.7768944,-234,z,z
8038,8272,-1561209.05918895,-25345909.5824876,23784700.5232987,-234,z,z
8039,8273,-1158128.11800851,-22811568.6242389,21653440.5062304,-234,z,z
8040,8274,-1038058.27080258,-20277227.6659901,19239169.3951875,-234,z,z
8041,8275,-629465.480172359,-17742886.7077413,17113421.227569,-234,z,z
8042,8276,-1293301.71704329,-15208545.7494926,13915244.0324493,-234,z,z
8043,8277,-1361246.31626961,-12674204.7912438,11312958.4749742,-234,z,z
8044,8278,-1223733.90402768,-10139863.8329951,8916129.92896737,-234,z,z
8045,8279,-1395287.57531969,-7605522.87474629,6210235.2994266,-234,z,z
8046,8280,-1146997.14103966,-5071181.91649753,3924184.77545787,-234,z,z
8047,8281,-1716363.87459284,-2536840.95824876,820477.083655927,-234,z,z
8048,8282,-429578.62777617,-2500,-427078.62777617,-234,z,z
8049,8284,-968179.370184941,-1013736.38329951,45557.0131145645,-235,z,z
8050,8285,-958833.398448452,-1070055.07126059,111221.672812138,-235,z,z
8051,8286,-897720.984932867,-1126373.75922167,228652.774288806,-235,z,z
8052,8287,-1511281.12378275,-1182692.44718276,-328588.676599997,-235,z,z
8053,8288,-826001.498650231,-1239011.13514384,413009.636493609,-235,z,z
8054,8289,-1704274.47712122,-1295329.82310492,-408944.654016293,-235,z,z
8055,8290,-1758985.01954434,-1351648.51106601,-407336.508478338,-235,z,z
8056,8291,-932047.385183493,-1407967.19902709,475919.813843598,-235,z,z
8057,8292,-517299.88819131,-1013736.38329951,496436.495108195,-235,z,z
8058,8293,-1023068.97822778,-1070055.07126059,46986.0930328053,-235,z,z
8059,8294,-1185844.90465073,-1126373.75922167,-59471.1454290527,-235,z,z
8060,8295,-1096457.85818036,-1182692.44718276,86234.5890023988,-235,z,z
8061,8296,-1126373.75922167,-1239011.13514384,112637.375922167,-235,z,z
8062,8297,-1179568.46002268,-1295329.82310492,115761.363082243,-235,z,z
8063,8298,-1954434.76026521,-1351648.51106601,-602786.249199198,-235,z,z
8064,8299,-1052357.48856383,-1407967.19902709,355609.710463264,-235,z,z
8065,8300,-705808.300399463,-1013736.38329951,307928.082900043,-235,z,z
8066,8301,-820721.202097441,-1070055.07126059,249333.869163148,-235,z,z
8067,8302,-604742.723845101,-1126373.75922167,521631.035376572,-235,z,z
8068,8303,-1392479.11790507,-1182692.44718276,-209786.670722312,-235,z,z
8069,8304,-1357426.45165879,-1239011.13514384,-118415.316514953,-235,z,z
8070,8305,-241177.20319443,-1295329.82310492,1054152.61991049,-235,z,z
8071,8306,-831055.31685267,-1351648.51106601,520593.194213338,-235,z,z
8072,8307,-724381.211704534,-1407967.19902709,683585.987322557,-235,z,z
8073,8308,-161283.884061122,-1013736.38329951,852452.499238383,-235,z,z
8074,8309,-748923.854727761,-1070055.07126059,321131.216532828,-235,z,z
8075,8310,-825773.408257662,-1126373.75922167,300600.350964011,-235,z,z
8076,8311,-799864.625649866,-1182692.44718276,382827.82153289,-235,z,z
8077,8312,-1483148.6062295,-1239011.13514384,-244137.471085657,-235,z,z
8078,8313,-1100221.71210809,-1295329.82310492,195108.110996835,-235,z,z
8079,8314,-986155.357262451,-1351648.51106601,365493.153803557,-235,z,z
8080,8315,-597992.206163741,-1407967.19902709,809974.99286335,-235,z,z
8081,8316,-1228636.63119113,-1013736.38329951,-214900.247891622,-235,z,z
8082,8317,-1293184.00045613,-1070055.07126059,-223128.929195542,-235,z,z
8083,8318,-1162547.2088263,-1126373.75922167,-36173.4496046256,-235,z,z
8084,8319,-1325523.19655371,-1182692.44718276,-142830.749370952,-235,z,z
8085,8320,-1089647.28398767,-1239011.13514384,149363.851156166,-235,z,z
8086,8321,-1630545.6808632,-1295329.82310492,-335215.857758272,-235,z,z
8087,8322,-408099.696387362,-1351648.51106601,943548.814678646,-235,z,z
8088,8323,-919770.401675694,-1407967.19902709,488196.797351397,-235,z,z
8089,8324,-910891.728526029,-1013736.38329951,102844.654773477,-235,z,z
8090,8325,-852834.935686224,-1070055.07126059,217220.135574366,-235,z,z
8091,8326,-1435717.06759362,-1126373.75922167,-309343.308371943,-235,z,z
8092,8327,-784701.42371772,-1182692.44718276,397991.023465037,-235,z,z
8093,8328,-1619060.75326516,-1239011.13514384,-380049.618121316,-235,z,z
8094,8329,-1671035.76856713,-1295329.82310492,-375705.945462204,-235,z,z
8095,8330,-885445.015924318,-1351648.51106601,466203.495141689,-235,z,z
8096,8331,-491434.893781745,-1407967.19902709,916532.305245346,-235,z,z
8097,8332,-971915.529316395,-1013736.38329951,41820.8539831109,-235,z,z
8098,8333,-1126552.65941819,-1070055.07126059,-56497.5881576,-235,z,z
8099,8334,-1041634.96527134,-1126373.75922167,84738.793950333,-235,z,z
8100,8335,-1070055.07126059,-1182692.44718276,112637.375922167,-235,z,z
8101,8336,-1120590.03702155,-1239011.13514384,118421.098122294,-235,z,z
8102,8337,-1856713.02225194,-1295329.82310492,-561383.199147021,-235,z,z
8103,8338,-999739.614135636,-1351648.51106601,351908.896930371,-235,z,z
8104,8339,-670517.885379489,-1407967.19902709,737449.313647602,-235,z,z
8105,8340,-779685.141992569,-1013736.38329951,234051.241306937,-235,z,z
8106,8341,-574505.587652846,-1070055.07126059,495549.483607743,-235,z,z
8107,8342,-1322855.16200982,-1126373.75922167,-196481.402788142,-235,z,z
8108,8343,-1289555.12907585,-1182692.44718276,-106862.681893097,-235,z,z
8109,8344,-229118.343034709,-1239011.13514384,1009892.79210913,-235,z,z
8110,8345,-789502.551010036,-1295329.82310492,505827.272094888,-235,z,z
8111,8346,-688162.151119307,-1351648.51106601,663486.3599467,-235,z,z
8112,8347,-153219.689858066,-1407967.19902709,1254747.50916902,-235,z,z
8113,8348,-709506.809742089,-1013736.38329951,304229.573557417,-235,z,z
8114,8349,-782311.649928311,-1070055.07126059,287743.421332278,-235,z,z
8115,8350,-757766.487457768,-1126373.75922167,368607.271763905,-235,z,z
8116,8351,-1405088.15327005,-1182692.44718276,-222395.706087294,-235,z,z
8117,8352,-1042315.30620766,-1239011.13514384,196695.828936177,-235,z,z
8118,8353,-934252.443722322,-1295329.82310492,361077.379382602,-235,z,z
8119,8354,-566518.932155123,-1351648.51106601,785129.578910885,-235,z,z
8120,8355,-1163971.54533896,-1407967.19902709,243995.653688128,-235,z,z
8121,8356,-1225121.68464265,-1013736.38329951,-211385.301343145,-235,z,z
8122,8357,-1101360.51362491,-1070055.07126059,-31305.4423643251,-235,z,z
8123,8358,-1255758.81778772,-1126373.75922167,-129385.058566051,-235,z,z
8124,8359,-1032297.42693569,-1182692.44718276,150395.020247065,-235,z,z
8125,8360,-1544727.48713355,-1239011.13514384,-305716.351989713,-235,z,z
8126,8361,-386620.764998553,-1295329.82310492,908709.058106371,-235,z,z
8127,8362,-871361.433166447,-1351648.51106601,480287.07789956,-235,z,z
8128,8363,-862950.058603606,-1407967.19902709,545017.140423485,-235,z,z
8129,8364,-807948.88643958,-1013736.38329951,205787.496859925,-235,z,z
8130,8365,-1360153.01140448,-1070055.07126059,-290097.940143889,-235,z,z
8131,8366,-743401.348785208,-1126373.75922167,382972.410436465,-235,z,z
8132,8367,-1533847.0294091,-1182692.44718276,-351154.582226339,-235,z,z
8133,8368,-1583086.51758991,-1239011.13514384,-344075.38244607,-235,z,z
8134,8369,-838842.646665144,-1295329.82310492,456487.17643978,-235,z,z
8135,8370,-465569.899372179,-1351648.51106601,886078.611693828,-235,z,z
8136,8371,-920762.080405006,-1407967.19902709,487205.118622086,-235,z,z
8137,8372,-1067260.41418565,-1013736.38329951,-53524.0308861474,-235,z,z
8138,8373,-986812.072362322,-1070055.07126059,83242.9988982673,-235,z,z
8139,8374,-1013736.38329951,-1126373.75922167,112637.375922167,-235,z,z
8140,8375,-1061611.61402041,-1182692.44718276,121080.833162344,-235,z,z
8141,8376,-1758991.28423868,-1239011.13514384,-519980.149094844,-235,z,z
8142,8377,-947121.739707445,-1295329.82310492,348208.083397479,-235,z,z
8143,8378,-635227.470359516,-1351648.51106601,716421.040706491,-235,z,z
8144,8379,-738649.081887697,-1407967.19902709,669318.117139394,-235,z,z
8145,8380,-544268.451460591,-1013736.38329951,469467.931838915,-235,z,z
8146,8381,-1253231.20611456,-1070055.07126059,-183176.134853972,-235,z,z
8147,8382,-1221683.80649291,-1126373.75922167,-95310.0472712407,-235,z,z
8148,8383,-217059.482874987,-1182692.44718276,965632.964307769,-235,z,z
8149,8384,-747949.785167403,-1239011.13514384,491061.349976438,-235,z,z
8150,8385,-651943.090534081,-1295329.82310492,643386.732570843,-235,z,z
8151,8386,-145155.49565501,-1351648.51106601,1206493.015411,-235,z,z
8152,8387,-17740170.2435522,-1407967.19902709,-16332203.0445251,-235,z,z
8153,8388,-19560291.2482078,-1013736.38329951,-18546554.8649083,-235,z,z
8154,8389,-18946662.1864442,-1070055.07126059,-17876607.1151836,-235,z,z
8155,8390,-35129703.8317513,-1126373.75922167,-34003330.0725296,-235,z,z
8156,8391,-26060382.6551916,-1182692.44718276,-24877690.2080088,-235,z,z
8157,8392,-23358811.093058,-1239011.13514384,-22119799.9579142,-235,z,z
8158,8393,-14165473.3038781,-1295329.82310492,-12870143.4807732,-235,z,z
8159,8394,-29101788.6334741,-1351648.51106601,-27750140.1224081,-235,z,z
8160,8395,-30630542.1160663,-1407967.19902709,-29222574.9170392,-235,z,z
8161,8396,-27536512.8406229,-1013736.38329951,-26522776.4573233,-235,z,z
8162,8397,-31396470.4446931,-1070055.07126059,-30326415.3734325,-235,z,z
8163,8398,-25809935.6733923,-1126373.75922167,-24683561.9141706,-235,z,z
8164,8399,-38620687.1783388,-1182692.44718276,-37437994.7311561,-235,z,z
8165,8400,-9668019.12496383,-1239011.13514384,-8429007.98981999,-235,z,z
8166,8401,-21786535.8291612,-1295329.82310492,-20491206.0060562,-235,z,z
8167,8402,-21576251.4650902,-1351648.51106601,-20224602.9540241,-235,z,z
8168,8403,-20201222.1609895,-1407967.19902709,-18793254.9619624,-235,z,z
8169,8404,-34006325.2851119,-1013736.38329951,-32992588.9018124,-235,z,z
8170,8405,-18587533.7196302,-1070055.07126059,-17517478.6483696,-235,z,z
8171,8406,-38348675.7352274,-1126373.75922167,-37222301.9760057,-235,z,z
8172,8407,-39579662.9397478,-1182692.44718276,-38396970.492565,-235,z,z
8173,8408,-20973566.1666286,-1239011.13514384,-19734555.0314847,-235,z,z
8174,8409,-11641747.4843045,-1295329.82310492,-10346417.6611996,-235,z,z
8175,8410,-23021552.0101251,-1351648.51106601,-21669903.4990591,-235,z,z
8176,8411,-26684010.3546413,-1407967.19902709,-25276043.1556142,-235,z,z
8177,8412,-24672801.809058,-1013736.38329951,-23659065.4257585,-235,z,z
8178,8413,-25345909.5824876,-1070055.07126059,-24275854.511227,-235,z,z
8179,8414,-26542790.3505103,-1126373.75922167,-25416416.5912886,-235,z,z
8180,8415,-43977282.1059671,-1182692.44718276,-42794589.6587844,-235,z,z
8181,8416,-23680543.4926861,-1239011.13514384,-22441532.3575423,-235,z,z
8182,8417,-15883186.7589879,-1295329.82310492,-14587856.935883,-235,z,z
8183,8418,-18468727.0471924,-1351648.51106601,-17117078.5361264,-235,z,z
8184,8419,-13609211.2865148,-1407967.19902709,-12201244.0874877,-235,z,z
8185,8420,-31333280.152864,-1013736.38329951,-30319543.7695645,-235,z,z
8186,8421,-30544595.1623228,-1070055.07126059,-29474540.0910622,-235,z,z
8187,8422,-5428987.07187468,-1126373.75922167,-4302613.31265301,-235,z,z
8188,8423,-18701244.6291851,-1182692.44718276,-17518552.1820023,-235,z,z
8189,8424,-16301077.263352,-1239011.13514384,-15062066.1282082,-235,z,z
8190,8425,-3631387.39137525,-1295329.82310492,-2336057.56827033,-235,z,z
8191,8426,-985426.124641791,-1351648.51106601,366222.386424217,-235,z,z
8192,8427,-1086543.95823377,-1407967.19902709,321423.240793326,-235,z,z
8193,8428,-1052453.45480246,-1013736.38329951,-38717.0715029498,-235,z,z
8194,8429,-1951511.32398618,-1070055.07126059,-881456.252725592,-235,z,z
8195,8430,-1447660.14751064,-1126373.75922167,-321286.388288971,-235,z,z
8196,8431,-1297572.83850322,-1182692.44718276,-114880.391320468,-235,z,z
8197,8432,-786831.850215449,-1239011.13514384,452179.284928392,-235,z,z
8198,8433,-1616627.14630412,-1295329.82310492,-321297.323199192,-235,z,z
8199,8434,-1701557.89533702,-1351648.51106601,-349909.384271008,-235,z,z
8200,8435,-1529667.3800346,-1407967.19902709,-121700.181007512,-235,z,z
8201,8436,-1744109.46914962,-1013736.38329951,-730373.085850111,-235,z,z
8202,8437,-1433746.42629957,-1070055.07126059,-363691.355038982,-235,z,z
8203,8438,-2145454.84324105,-1126373.75922167,-1019081.08401937,-235,z,z
8204,8439,-536973.284720213,-1182692.44718276,645719.162462544,-235,z,z
8205,8440,-1210224.21273118,-1239011.13514384,28786.9224126639,-235,z,z
8206,8441,-1198541.74806056,-1295329.82310492,96788.0750443596,-235,z,z
8207,8442,-1122151.23116608,-1351648.51106601,229497.279899924,-235,z,z
8208,8443,-1889101.40472844,-1407967.19902709,-481134.20570135,-235,z,z
8209,8444,-1032501.87331279,-1013736.38329951,-18765.4900132831,-235,z,z
8210,8445,-2130343.09640152,-1070055.07126059,-1060288.02514093,-235,z,z
8211,8446,-2198731.27443043,-1126373.75922167,-1072357.51520876,-235,z,z
8212,8447,-1165059.23147937,-1182692.44718276,17633.2157033905,-235,z,z
8213,8448,-646624.860239138,-1239011.13514384,592386.274904703,-235,z,z
8214,8449,-1278836.22278473,-1295329.82310492,16493.6003201939,-235,z,z
8215,8450,-1482306.13081341,-1351648.51106601,-130657.619747399,-235,z,z
8216,8451,-1370572.32272545,-1407967.19902709,37394.8763016441,-235,z,z
8217,8452,-1407967.19902709,-1013736.38329951,-394230.815727586,-235,z,z
8218,8453,-1474460.57502835,-1070055.07126059,-404405.503767762,-235,z,z
8219,8454,-2443043.45033151,-1126373.75922167,-1316669.69110983,-235,z,z
8220,8455,-1315446.86070478,-1182692.44718276,-132754.413522028,-235,z,z
8221,8456,-882260.375499328,-1239011.13514384,356750.759644512,-235,z,z
8222,8457,-1025901.5026218,-1295329.82310492,269428.320483123,-235,z,z
8223,8458,-755928.404806377,-1351648.51106601,595720.106259631,-235,z,z
8224,8459,-1740598.89738134,-1407967.19902709,-332631.698354245,-235,z,z
8225,8460,-1696783.06457349,-1013736.38329951,-683046.681273985,-235,z,z
8226,8461,-301471.503993038,-1070055.07126059,768583.567267551,-235,z,z
8227,8462,-1038819.14606584,-1126373.75922167,87554.6131558358,-235,z,z
8228,8463,-905476.514630667,-1182692.44718276,277215.932552089,-235,z,z
8229,8464,-201604.855076403,-1239011.13514384,1037406.28006744,-235,z,z
8230,8465,-946009.079656119,-1295329.82310492,349320.743448805,-235,z,z
8231,8466,-1043082.19990441,-1351648.51106601,308566.311161593,-235,z,z
8232,8467,-1010355.31661036,-1407967.19902709,397611.882416734,-235,z,z
8233,8468,-1873450.87102673,-1013736.38329951,-859714.487727228,-235,z,z
8234,8469,-1389753.74161022,-1070055.07126059,-319698.670349628,-235,z,z
8235,8470,-1245669.9249631,-1126373.75922167,-119296.165741423,-235,z,z
8236,8471,-755358.576206831,-1182692.44718276,427333.870975926,-235,z,z
8237,8472,-1551962.06045195,-1239011.13514384,-312950.925308111,-235,z,z
8238,8473,-1633495.57952353,-1295329.82310492,-338165.756418611,-235,z,z
8239,8474,-1468480.68483322,-1351648.51106601,-116832.173767211,-235,z,z
8240,8475,-1674345.09038363,-1407967.19902709,-266377.891356541,-235,z,z
8241,8476,-1376396.56924759,-1013736.38329951,-362660.185948083,-235,z,z
8242,8477,-2059636.64951141,-1070055.07126059,-989581.578250816,-235,z,z
8243,8478,-515494.353331404,-1126373.75922167,610879.405890269,-235,z,z
8244,8479,-1161815.24422193,-1182692.44718276,20877.2029608272,-235,z,z
8245,8480,-1150600.07813814,-1239011.13514384,88411.0570056986,-235,z,z
8246,8481,-1077265.18191944,-1295329.82310492,218064.641185483,-235,z,z
8247,8482,-1813537.3485393,-1351648.51106601,-461888.837473296,-235,z,z
8248,8483,-991201.798380277,-1407967.19902709,416765.400646814,-235,z,z
8249,8484,-2045129.37254546,-1013736.38329951,-1031392.98924595,-235,z,z
8250,8485,-2110782.02345321,-1070055.07126059,-1040726.95219263,-235,z,z
8251,8486,-1118456.86222019,-1126373.75922167,7916.89700148138,-235,z,z
8252,8487,-620759.865829572,-1182692.44718276,561932.581353184,-235,z,z
8253,8488,-1227682.77387334,-1239011.13514384,11328.3612704994,-235,z,z
8254,8489,-1423013.88558087,-1295329.82310492,-127684.062475947,-235,z,z
8255,8490,-1315749.42981643,-1351648.51106601,35899.0812495784,-235,z,z
8256,8491,-1351648.51106601,-1407967.19902709,56318.6879610836,-235,z,z
8257,8492,-1415482.15202722,-1013736.38329951,-401745.768727711,-235,z,z
8258,8493,-2345321.71231825,-1070055.07126059,-1275266.64105766,-235,z,z
8259,8494,-1262828.98627659,-1126373.75922167,-136455.22705492,-235,z,z
8260,8495,-846969.960479355,-1182692.44718276,335722.486703402,-235,z,z
8261,8496,-984865.442516929,-1239011.13514384,254145.692626911,-235,z,z
8262,8497,-725691.268614122,-1295329.82310492,569638.554490802,-235,z,z
8263,8498,-1670974.94148608,-1351648.51106601,-319326.430420075,-235,z,z
8264,8499,-1628911.74199055,-1407967.19902709,-220944.54296346,-235,z,z
8265,8500,-289412.643833317,-1013736.38329951,724323.739466189,-235,z,z
8266,8501,-997266.380223204,-1070055.07126059,72788.6910373857,-235,z,z
8267,8502,-869257.454045441,-1126373.75922167,257116.305176232,-235,z,z
8268,8503,-193540.660873347,-1182692.44718276,989151.786309409,-235,z,z
8269,8504,-906592.034670447,-1239011.13514384,332419.100473393,-235,z,z
8270,8505,-999620.441575064,-1295329.82310492,295709.38152986,-235,z,z
8271,8506,-968257.178418259,-1351648.51106601,383391.332647749,-235,z,z
8272,8507,-1795390.41806729,-1407967.19902709,-387423.219040196,-235,z,z
8273,8508,-1331847.33570979,-1013736.38329951,-318110.952410286,-235,z,z
8274,8509,-1193767.01142297,-1070055.07126059,-123711.940162377,-235,z,z
8275,8510,-723885.302198213,-1126373.75922167,402488.45702346,-235,z,z
8276,8511,-1487296.97459979,-1182692.44718276,-304604.52741703,-235,z,z
8277,8512,-1565433.26371005,-1239011.13514384,-326422.128566213,-235,z,z
8278,8513,-1407293.98963183,-1295329.82310492,-111964.166526911,-235,z,z
8279,8514,-1604580.71161765,-1351648.51106601,-252932.200551639,-235,z,z
8280,8515,-1319046.71219561,-1407967.19902709,88920.4868314855,-235,z,z
8281,8516,-1973818.45578176,-1013736.38329951,-960082.072482257,-235,z,z
8282,8517,-494015.421942596,-1070055.07126059,576039.649317994,-235,z,z
8283,8518,-1113406.27571268,-1126373.75922167,12967.4835089906,-235,z,z
8284,8519,-1102658.40821572,-1182692.44718276,80034.0389670371,-235,z,z
8285,8520,-1032379.1326728,-1239011.13514384,206632.002471043,-235,z,z
8286,8521,-1737973.29235017,-1295329.82310492,-442643.469245242,-235,z,z
8287,8522,-949901.723447766,-1351648.51106601,401746.787618242,-235,z,z
8288,8523,-1959915.6486894,-1407967.19902709,-551948.449662309,-235,z,z
8289,8524,-2022832.772476,-1013736.38329951,-1009096.38917649,-235,z,z
8290,8525,-1071854.49296102,-1070055.07126059,-1799.42170042754,-235,z,z
8291,8526,-594894.871420007,-1126373.75922167,531478.887801666,-235,z,z
8292,8527,-1176529.32496195,-1182692.44718276,6163.12222080492,-235,z,z
8293,8528,-1363721.64034833,-1239011.13514384,-124710.505204494,-235,z,z
8294,8529,-1260926.53690741,-1295329.82310492,34403.2861975126,-235,z,z
8295,8530,-1295329.82310492,-1351648.51106601,56318.6879610836,-235,z,z
8296,8532,-1356503.72902608,-1013736.38329951,-342767.345726577,-236,z,z
8297,8533,-2247599.97430499,-1070055.07126059,-1177544.9030444,-236,z,z
8298,8534,-1210211.1118484,-1126373.75922167,-83837.3526267286,-236,z,z
8299,8535,-811679.545459382,-1182692.44718276,371012.901723375,-236,z,z
8300,8536,-943829.382412057,-1239011.13514384,295181.752731783,-236,z,z
8301,8537,-695454.132421866,-1295329.82310492,599875.690683057,-236,z,z
8302,8539,-1601350.98559083,-1013736.38329951,-587614.602291323,-237,z,z
8303,8540,-1561040.41940761,-1070055.07126059,-490985.348147023,-237,z,z
8304,8541,-277353.783673595,-1126373.75922167,849019.975548078,-237,z,z
8305,8542,-955713.61438057,-1182692.44718276,226978.832802186,-237,z,z
8306,8543,-833038.393460214,-1239011.13514384,405972.741683626,-237,z,z
8307,8545,-185476.466670291,-1013736.38329951,828259.916629215,-238,z,z
8308,8546,-867174.989684776,-1070055.07126059,202880.081575814,-238,z,z
8309,8547,-956158.683245714,-1126373.75922167,170215.075975959,-238,z,z
8310,8548,-926159.040226161,-1182692.44718276,256533.406956596,-238,z,z
8311,8550,-1717329.96510784,-1013736.38329951,-703593.581808334,-239,z,z
8312,8551,-1273940.92980937,-1070055.07126059,-203885.858548777,-239,z,z
8313,8552,-1141864.09788284,-1126373.75922167,-15490.3386611647,-239,z,z
8314,8554,-692412.028189595,-1013736.38329951,321324.355109911,-240,z,z
8315,8555,-1422631.88874762,-1070055.07126059,-352576.817487033,-240,z,z
8316,8557,-1497370.94789657,-1013736.38329951,-483634.564597068,-241,z,z
8317,8560,-1346107.29443045,-103509632.36699,102163525.07256,-243,z,z
8318,8561,-1534816.33285166,-100855603.331939,99320786.9990875,-243,z,z
8319,8562,-1261696.85514362,-98201574.2968882,96939877.4417446,-243,z,z
8320,8563,-1888000.26205212,-95547545.2618371,93659544.999785,-243,z,z
8321,8564,-472536.490553787,-92893516.2267861,92420979.7362323,-243,z,z
8322,8565,-1064997.30720344,-90239487.1917351,89174489.8845316,-243,z,z
8323,8566,-1054716.7382933,-87585458.156684,86530741.4183907,-243,z,z
8324,8567,-987493.083426154,-84931429.121633,83943936.0382069,-243,z,z
8325,8568,-1662409.23616103,-82277400.086582,80614990.850421,-243,z,z
8326,8569,-908601.648515254,-79623371.0515309,78714769.4030157,-243,z,z
8327,8570,-1874701.92483334,-76969342.0164799,75094640.0916466,-243,z,z
8328,8571,-1934883.52149878,-74315312.9814289,72380429.4599301,-243,z,z
8329,8572,-1025252.12370184,-71661283.9463778,70636031.822676,-243,z,z
8330,8573,-569029.877010441,-69007254.9113268,68438225.0343164,-243,z,z
8331,8574,-1125375.87605056,-66353225.8762758,65227850.0002252,-243,z,z
8332,8575,-1304429.3951158,-63699196.8412248,62394767.446109,-243,z,z
8333,8576,-1206103.64399839,-61045167.8061737,59839064.1621753,-243,z,z
8334,8577,-1239011.13514384,-58391138.7711227,57152127.6359789,-243,z,z
8335,8578,-1297525.30602495,-55737109.7360717,54439584.4300467,-243,z,z
8336,8579,-2149878.23629173,-53083080.7010206,50933202.4647289,-243,z,z
8337,8580,-1157593.23742021,-50429051.6659696,49271458.4285494,-243,z,z
8338,8581,-776389.130439409,-47775022.6309186,46998633.5004792,-243,z,z
8339,8582,-902793.322307185,-45120993.5958675,44218200.2735604,-243,z,z
8340,8583,-665216.996229611,-42466964.5608165,41801747.5645869,-243,z,z
8341,8584,-1531727.02969558,-39812935.5257655,38281208.4960699,-243,z,z
8342,8585,-1493169.09682467,-37158906.4907144,35665737.3938898,-243,z,z
8343,8586,-265294.923513874,-34504877.4556634,34239582.5321495,-243,z,z
8344,8587,-914160.848537937,-31850848.4206124,30936687.5720744,-243,z,z
8345,8588,-796819.332874988,-29196819.3855614,28400000.0526864,-243,z,z
8346,8589,-177412.272467235,-26542790.3505103,26365378.0780431,-243,z,z
8347,8590,-827757.944699104,-23888761.3154593,23061003.3707602,-243,z,z
8348,8591,-912696.924916363,-21234732.2804083,20322035.3554919,-243,z,z
8349,8592,-884060.902034063,-18580703.2453572,17696642.3433232,-243,z,z
8350,8593,-1639269.51214839,-15926674.2103062,14287404.6981578,-243,z,z
8351,8594,-1216034.52390894,-13272645.1752552,12056610.6513462,-243,z,z
8352,8595,-1089961.18434271,-10618616.1402041,9528654.95586142,-243,z,z
8353,8596,-660938.754180977,-7964587.1051531,7303648.35097212,-243,z,z
8354,8597,-1357966.80289546,-5310558.07010206,3952591.26720661,-243,z,z
8355,8598,-1429308.63208309,-2656529.03505103,1227220.40296794,-243,z,z
8356,8599,-1284920.59922907,-2500,-1282420.59922907,-243,z,z
8357,8601,-1465051.95408568,-1061611.61402041,-403440.340065265,-244,z,z
8358,8602,-1204346.99809164,-1120590.03702155,-83756.9610700931,-244,z,z
8359,8603,-1802182.06832248,-1179568.46002268,-622613.608299799,-244,z,z
8360,8604,-451057.559164979,-1238546.88302381,787489.323858836,-244,z,z
8361,8605,-1016588.33869419,-1297525.30602495,280936.967330761,-244,z,z
8362,8606,-1006775.06837087,-1356503.72902608,349728.660655209,-244,z,z
8363,8607,-942607.03417951,-1415482.15202722,472875.117847707,-244,z,z
8364,8608,-1586845.17997189,-1474460.57502835,-112384.60494354,-244,z,z
8365,8609,-867301.573582743,-1061611.61402041,194310.04043767,-244,z,z
8366,8610,-1789488.20097728,-1120590.03702155,-668898.163955731,-244,z,z
8367,8611,-1846934.27052156,-1179568.46002268,-667365.810498882,-244,z,z
8368,8612,-978649.754442668,-1238546.88302381,259897.128581147,-244,z,z
8369,8613,-543164.882600876,-1297525.30602495,754360.423424073,-244,z,z
8370,8614,-1074222.42713917,-1356503.72902608,282281.301886909,-244,z,z
8371,8615,-1245137.14988326,-1415482.15202722,170345.002143955,-244,z,z
8372,8616,-1151280.75108938,-1474460.57502835,323179.823938975,-244,z,z
8373,8617,-1182692.44718276,-1061611.61402041,-121080.833162344,-244,z,z
8374,8618,-1238546.88302381,-1120590.03702155,-117956.846002268,-244,z,z
8375,8619,-2052156.49827847,-1179568.46002268,-872588.038255785,-244,z,z
8376,8620,-1104975.36299202,-1238546.88302381,133571.520031796,-244,z,z
8377,8621,-741098.715419436,-1297525.30602495,556426.590605513,-244,z,z
8378,8622,-861757.262202313,-1356503.72902608,494746.46682377,-244,z,z
8379,8623,-634979.860037356,-1415482.15202722,780502.291989861,-244,z,z
8380,8624,-1462103.07380032,-1474460.57502835,12357.5012280289,-244,z,z
8381,8625,-1425297.77424173,-1061611.61402041,-363686.16022132,-244,z,z
8382,8626,-253236.063354152,-1120590.03702155,867353.973667395,-244,z,z
8383,8627,-872608.082695303,-1179568.46002268,306960.377327378,-244,z,z
8384,8628,-760600.272289761,-1238546.88302381,477946.610734054,-244,z,z
8385,8629,-169348.078264179,-1297525.30602495,1128177.22776077,-244,z,z
8386,8630,-788340.899713433,-1356503.72902608,568162.82931265,-244,z,z
8387,8631,-869235.166587012,-1415482.15202722,546246.985440205,-244,z,z
8388,8632,-841962.763841964,-1474460.57502835,632497.811186387,-244,z,z
8389,8633,-1561209.05918895,-1061611.61402041,-499597.445168533,-244,z,z
8390,8634,-1158128.11800851,-1120590.03702155,-37538.080986968,-244,z,z
8391,8635,-1038058.27080258,-1179568.46002268,141510.189220101,-244,z,z
8392,8636,-629465.480172359,-1238546.88302381,609081.402851456,-244,z,z
8393,8637,-1293301.71704329,-1297525.30602495,4223.58898165612,-244,z,z
8394,8638,-1361246.31626961,-1356503.72902608,-4742.58724352927,-244,z,z
8395,8639,-1223733.90402768,-1415482.15202722,191748.247999534,-244,z,z
8396,8640,-1395287.57531969,-1474460.57502835,79172.9997086579,-244,z,z
8397,8641,-1146997.14103966,-1061611.61402041,-85385.5270192444,-244,z,z
8398,8642,-1716363.87459284,-1120590.03702155,-595773.837571291,-244,z,z
8399,8643,-429578.62777617,-1179568.46002268,749989.832246511,-244,z,z
8400,8644,-968179.370184941,-1238546.88302381,270367.512838874,-244,z,z
8401,8645,-958833.398448452,-1297525.30602495,338691.907576497,-244,z,z
8402,8646,-897720.984932867,-1356503.72902608,458782.744093216,-244,z,z
8403,8647,-1511281.12378275,-1415482.15202722,-95798.9717555363,-244,z,z
8404,8648,-826001.498650231,-1474460.57502835,648459.07637812,-244,z,z
8405,8649,-1704274.47712122,-1061611.61402041,-642662.863100804,-244,z,z
8406,8650,-1758985.01954434,-1120590.03702155,-638394.982522798,-244,z,z
8407,8651,-932047.385183493,-1179568.46002268,247521.074839188,-244,z,z
8408,8652,-517299.88819131,-1238546.88302381,721246.994832505,-244,z,z
8409,8653,-1023068.97822778,-1297525.30602495,274456.327797165,-244,z,z
8410,8654,-1185844.90465073,-1356503.72902608,170658.824375357,-244,z,z
8411,8655,-1096457.85818036,-1415482.15202722,319024.293846859,-244,z,z
8412,8656,-1126373.75922167,-1474460.57502835,348086.815806678,-244,z,z
8413,8657,-1179568.46002268,-1061611.61402041,-117956.846002268,-244,z,z
8414,8658,-1954434.76026521,-1120590.03702155,-833844.723243658,-244,z,z
8415,8659,-1052357.48856383,-1179568.46002268,127210.971458853,-244,z,z
8416,8660,-705808.300399463,-1238546.88302381,532738.582624352,-244,z,z
8417,8661,-820721.202097441,-1297525.30602495,476804.103927508,-244,z,z
8418,8662,-604742.723845101,-1356503.72902608,751761.005180982,-244,z,z
8419,8663,-1392479.11790507,-1415482.15202722,23003.0341221483,-244,z,z
8420,8664,-1357426.45165879,-1474460.57502835,117034.123369558,-244,z,z
8421,8665,-241177.20319443,-1061611.61402041,820434.410825982,-244,z,z
8422,8666,-831055.31685267,-1120590.03702155,289534.720168877,-244,z,z
8423,8667,-724381.211704534,-1179568.46002268,455187.248318147,-244,z,z
8424,8668,-161283.884061122,-1238546.88302381,1077262.99896269,-244,z,z
8425,8669,-748923.854727761,-1297525.30602495,548601.451297188,-244,z,z
8426,8670,-825773.408257662,-1356503.72902608,530730.320768421,-244,z,z
8427,8671,-799864.625649866,-1415482.15202722,615617.526377351,-244,z,z
8428,8672,-1483148.6062295,-1474460.57502835,-8688.03120114678,-244,z,z
8429,8673,-1100221.71210809,-1061611.61402041,-38610.0980876763,-244,z,z
8430,8674,-986155.357262451,-1120590.03702155,134434.679759096,-244,z,z
8431,8675,-597992.206163741,-1179568.46002268,581576.25385894,-244,z,z
8432,8676,-1228636.63119113,-1238546.88302381,9910.25183268706,-244,z,z
8433,8677,-1293184.00045613,-1297525.30602495,4341.3055688173,-244,z,z
8434,8678,-1162547.2088263,-1356503.72902608,193956.520199784,-244,z,z
8435,8679,-1325523.19655371,-1415482.15202722,89958.9554735085,-244,z,z
8436,8680,-1089647.28398767,-1474460.57502835,384813.291040677,-244,z,z
8437,8681,-1630545.6808632,-1061611.61402041,-568934.066842783,-244,z,z
8438,8682,-408099.696387362,-1120590.03702155,712490.340634185,-244,z,z
8439,8683,-919770.401675694,-1179568.46002268,259798.058346987,-244,z,z
8440,8684,-910891.728526029,-1238546.88302381,327655.154497786,-244,z,z
8441,8685,-852834.935686224,-1297525.30602495,444690.370338725,-244,z,z
8442,8686,-1435717.06759362,-1356503.72902608,-79213.3385675328,-244,z,z
8443,8687,-784701.42371772,-1415482.15202722,630780.728309497,-244,z,z
8444,8688,-1619060.75326516,-1474460.57502835,-144600.178236805,-244,z,z
8445,8689,-1671035.76856713,-1061611.61402041,-609424.154546715,-244,z,z
8446,8690,-885445.015924318,-1120590.03702155,235145.021097228,-244,z,z
8447,8691,-491434.893781745,-1179568.46002268,688133.566240936,-244,z,z
8448,8692,-971915.529316395,-1238546.88302381,266631.35370742,-244,z,z
8449,8693,-1126552.65941819,-1297525.30602495,170972.646606759,-244,z,z
8450,8694,-1041634.96527134,-1356503.72902608,314868.763754743,-244,z,z
8451,8695,-1070055.07126059,-1415482.15202722,345427.080766628,-244,z,z
8452,8696,-1120590.03702155,-1474460.57502835,353870.538006804,-244,z,z
8453,8697,-1856713.02225194,-1061611.61402041,-795101.408231532,-244,z,z
8454,8698,-999739.614135636,-1120590.03702155,120850.422885911,-244,z,z
8455,8699,-670517.885379489,-1179568.46002268,509050.574643191,-244,z,z
8456,8700,-779685.141992569,-1238546.88302381,458861.741031246,-244,z,z
8457,8701,-574505.587652846,-1297525.30602495,723019.718372103,-244,z,z
8458,8702,-1322855.16200982,-1356503.72902608,33648.5670162677,-244,z,z
8459,8703,-1289555.12907585,-1415482.15202722,125927.022951364,-244,z,z
8460,8704,-229118.343034709,-1474460.57502835,1245342.23199364,-244,z,z
8461,8705,-789502.551010036,-1061611.61402041,272109.063010376,-244,z,z
8462,8706,-688162.151119307,-1120590.03702155,432427.885902239,-244,z,z
8463,8707,-153219.689858066,-1179568.46002268,1026348.77016461,-244,z,z
8464,8708,-709506.809742089,-1238546.88302381,529040.073281726,-244,z,z
8465,8709,-782311.649928311,-1297525.30602495,515213.656096638,-244,z,z
8466,8710,-757766.487457768,-1356503.72902608,598737.241568315,-244,z,z
8467,8711,-1405088.15327005,-1415482.15202722,10393.9987571663,-244,z,z
8468,8712,-1042315.30620766,-1474460.57502835,432145.268820688,-244,z,z
8469,8713,-934252.443722322,-1061611.61402041,127359.170298091,-244,z,z
8470,8714,-566518.932155123,-1120590.03702155,554071.104866424,-244,z,z
8471,8715,-1163971.54533896,-1179568.46002268,15596.9146837175,-244,z,z
8472,8716,-1225121.68464265,-1238546.88302381,13425.1983811641,-244,z,z
8473,8717,-1101360.51362491,-1297525.30602495,196164.792400034,-244,z,z
8474,8718,-1255758.81778772,-1356503.72902608,100744.911238359,-244,z,z
8475,8719,-1032297.42693569,-1415482.15202722,383184.725091526,-244,z,z
8476,8720,-1544727.48713355,-1474460.57502835,-70266.9121052027,-244,z,z
8477,8721,-386620.764998553,-1061611.61402041,674990.849021859,-244,z,z
8478,8722,-871361.433166447,-1120590.03702155,249228.6038551,-244,z,z
8479,8723,-862950.058603606,-1179568.46002268,316618.401419074,-244,z,z
8480,8724,-807948.88643958,-1238546.88302381,430597.996584234,-244,z,z
8481,8725,-1360153.01140448,-1297525.30602495,-62627.7053795292,-244,z,z
8482,8726,-743401.348785208,-1356503.72902608,613102.380240875,-244,z,z
8483,8727,-1533847.0294091,-1415482.15202722,-118364.877381878,-244,z,z
8484,8728,-1583086.51758991,-1474460.57502835,-108625.94256156,-244,z,z
8485,8729,-838842.646665144,-1061611.61402041,222768.967355269,-244,z,z
8486,8730,-465569.899372179,-1120590.03702155,655020.137649368,-244,z,z
8487,8731,-920762.080405006,-1179568.46002268,258806.379617675,-244,z,z
8488,8732,-1067260.41418565,-1238546.88302381,171286.468838162,-244,z,z
8489,8733,-986812.072362322,-1297525.30602495,310713.233662627,-244,z,z
8490,8734,-1013736.38329951,-1356503.72902608,342767.345726577,-244,z,z
8491,8735,-1061611.61402041,-1415482.15202722,353870.538006804,-244,z,z
8492,8736,-1758991.28423868,-1474460.57502835,-284530.709210334,-244,z,z
8493,8737,-947121.739707445,-1061611.61402041,114489.874312968,-244,z,z
8494,8738,-635227.470359516,-1120590.03702155,485362.56666203,-244,z,z
8495,8739,-738649.081887697,-1179568.46002268,440919.378134984,-244,z,z
8496,8740,-544268.451460591,-1238546.88302381,694278.431563224,-244,z,z
8497,8741,-1253231.20611456,-1297525.30602495,44294.0999103871,-244,z,z
8498,8742,-1221683.80649291,-1356503.72902608,134819.922533169,-244,z,z
8499,8743,-217059.482874987,-1415482.15202722,1198422.66915223,-244,z,z
8500,8744,-747949.785167403,-1474460.57502835,726510.789860948,-244,z,z
8501,8745,-651943.090534081,-1061611.61402041,409668.523486332,-244,z,z
8502,8746,-145155.49565501,-1120590.03702155,975434.541366536,-244,z,z
8503,8747,-15966403.219197,-1179568.46002268,-14786834.7591743,-244,z,z
8504,8748,-17604512.123387,-1238546.88302381,-16365965.2403632,-244,z,z
8505,8749,-17052245.9677998,-1297525.30602495,-15754720.6617748,-244,z,z
8506,8750,-31616983.4485761,-1356503.72902608,-30260479.7195501,-244,z,z
8507,8751,-23454594.3896724,-1415482.15202722,-22039112.2376452,-244,z,z
8508,8752,-21023179.9837522,-1474460.57502835,-19548719.4087239,-244,z,z
8509,8753,-12749175.9734903,-1061611.61402041,-11687564.3594699,-244,z,z
8510,8754,-26191859.7701267,-1120590.03702155,-25071269.7331051,-244,z,z
8511,8755,-27567737.9044596,-1179568.46002268,-26388169.444437,-244,z,z
8512,8756,-24783111.5565606,-1238546.88302381,-23544564.6735368,-244,z,z
8513,8757,-28257073.4002238,-1297525.30602495,-26959548.0941988,-244,z,z
8514,8758,-23229192.1060531,-1356503.72902608,-21872688.377027,-244,z,z
8515,8759,-34758868.4605049,-1415482.15202722,-33343386.3084777,-244,z,z
8516,8760,-8701467.21246745,-1474460.57502835,-7227006.6374391,-244,z,z
8517,8761,-19608132.2462451,-1061611.61402041,-18546520.6322246,-244,z,z
8518,8762,-19418876.3185811,-1120590.03702155,-18298286.2815596,-244,z,z
8519,8763,-18181349.9448906,-1179568.46002268,-17001781.4848679,-244,z,z
8520,8764,-30605942.7566008,-1238546.88302381,-29367395.8735769,-244,z,z
8521,8765,-16729030.3476672,-1297525.30602495,-15431505.0416422,-244,z,z
8522,8766,-34514058.1617046,-1356503.72902608,-33157554.4326786,-244,z,z
8523,8767,-35621946.645773,-1415482.15202722,-34206464.4937458,-244,z,z
8524,8768,-18876459.5499657,-1474460.57502835,-17401998.9749374,-244,z,z
8525,8769,-10477822.735874,-1061611.61402041,-9416211.12185362,-244,z,z
8526,8770,-20719646.8091126,-1120590.03702155,-19599056.7720911,-244,z,z
8527,8771,-24015859.3191772,-1179568.46002268,-22836290.8591545,-244,z,z
8528,8772,-22205771.6281522,-1238546.88302381,-20967224.7451284,-244,z,z
8529,8773,-22811568.6242389,-1297525.30602495,-21514043.3182139,-244,z,z
8530,8774,-23888761.3154593,-1356503.72902608,-22532257.5864332,-244,z,z
8531,8775,-39579803.8953704,-1415482.15202722,-38164321.7433432,-244,z,z
8532,8776,-21312739.1434175,-1474460.57502835,-19838278.5683892,-244,z,z
8533,8777,-14295118.0830891,-1061611.61402041,-13233506.4690687,-244,z,z
8534,8778,-16622104.3424732,-1120590.03702155,-15501514.3054516,-244,z,z
8535,8779,-12248540.1578633,-1179568.46002268,-11068971.6978406,-244,z,z
8536,8780,-28200202.1375776,-1238546.88302381,-26961655.2545538,-244,z,z
8537,8781,-27490385.6460906,-1297525.30602495,-26192860.3400656,-244,z,z
8538,8782,-4886338.36468722,-1356503.72902608,-3529834.63566113,-244,z,z
8539,8783,-16831370.1662666,-1415482.15202722,-15415888.0142393,-244,z,z
8540,8784,-14671219.5370168,-1474460.57502835,-13196758.9619885,-244,z,z
8541,8785,-3268498.65223773,-1061611.61402041,-2206887.03821732,-244,z,z
8542,8786,-985426.124641791,-1120590.03702155,135163.912379756,-244,z,z
8543,8787,-1086543.95823377,-1179568.46002268,93024.5017889154,-244,z,z
8544,8788,-1052453.45480246,-1238546.88302381,186093.428221359,-244,z,z
8545,8789,-1951511.32398618,-1297525.30602495,-653986.017961233,-244,z,z
8546,8790,-1447660.14751064,-1356503.72902608,-91156.4184845607,-244,z,z
8547,8791,-1297572.83850322,-1415482.15202722,117909.313523992,-244,z,z
8548,8792,-786831.850215449,-1474460.57502835,687628.724812902,-244,z,z
8549,8793,-1616627.14630412,-1061611.61402041,-555015.532283703,-244,z,z
8550,8794,-1701557.89533702,-1120590.03702155,-580967.858315468,-244,z,z
8551,8795,-1529667.3800346,-1179568.46002268,-350098.920011923,-244,z,z
8552,8796,-1744109.46914962,-1238546.88302381,-505562.586125801,-244,z,z
8553,8797,-1433746.42629957,-1297525.30602495,-136221.120274622,-244,z,z
8554,8798,-2145454.84324105,-1356503.72902608,-788951.114214964,-244,z,z
8555,8799,-536973.284720213,-1415482.15202722,878508.867307004,-244,z,z
8556,8800,-1210224.21273118,-1474460.57502835,264236.362297175,-244,z,z
8557,8801,-1198541.74806056,-1061611.61402041,-136930.134040152,-244,z,z
8558,8802,-1122151.23116608,-1120590.03702155,-1561.19414453721,-244,z,z
8559,8803,-1889101.40472844,-1179568.46002268,-709532.944705761,-244,z,z
8560,8804,-1032501.87331279,-1238546.88302381,206045.009711026,-244,z,z
8561,8805,-2130343.09640152,-1297525.30602495,-832817.790376573,-244,z,z
8562,8806,-2198731.27443043,-1356503.72902608,-842227.545404349,-244,z,z
8563,8807,-1165059.23147937,-1415482.15202722,250422.920547851,-244,z,z
8564,8808,-646624.860239138,-1474460.57502835,827835.714789213,-244,z,z
8565,8809,-1278836.22278473,-1061611.61402041,-217224.608764317,-244,z,z
8566,8810,-1482306.13081341,-1120590.03702155,-361716.09379186,-244,z,z
8567,8811,-1370572.32272545,-1179568.46002268,-191003.862702766,-244,z,z
8568,8812,-1407967.19902709,-1238546.88302381,-169420.316003276,-244,z,z
8569,8813,-1474460.57502835,-1297525.30602495,-176935.269003402,-244,z,z
8570,8814,-2443043.45033151,-1356503.72902608,-1086539.72130542,-244,z,z
8571,8815,-1315446.86070478,-1415482.15202722,100035.291322432,-244,z,z
8572,8816,-882260.375499328,-1474460.57502835,592200.199529023,-244,z,z
8573,8817,-1025901.5026218,-1061611.61402041,35710.1113986115,-244,z,z
8574,8818,-755928.404806377,-1120590.03702155,364661.63221517,-244,z,z
8575,8819,-1740598.89738134,-1179568.46002268,-561030.437358655,-244,z,z
8576,8820,-1696783.06457349,-1238546.88302381,-458236.181549676,-244,z,z
8577,8821,-301471.503993038,-1297525.30602495,996053.802031911,-244,z,z
8578,8822,-1038819.14606584,-1356503.72902608,317684.582960246,-244,z,z
8579,8823,-905476.514630667,-1415482.15202722,510005.637396549,-244,z,z
8580,8824,-201604.855076403,-1474460.57502835,1272855.71995195,-244,z,z
8581,8825,-946009.079656119,-1061611.61402041,115602.534364294,-244,z,z
8582,8826,-1043082.19990441,-1120590.03702155,77507.8371171318,-244,z,z
8583,8827,-1010355.31661036,-1179568.46002268,169213.143412324,-244,z,z
8584,8828,-1873450.87102673,-1238546.88302381,-634903.988002919,-244,z,z
8585,8829,-1389753.74161022,-1297525.30602495,-92228.435585269,-244,z,z
8586,8830,-1245669.9249631,-1356503.72902608,110833.804062987,-244,z,z
8587,8831,-755358.576206831,-1415482.15202722,660123.575820386,-244,z,z
8588,8832,-1551962.06045195,-1474460.57502835,-77501.4854236001,-244,z,z
8589,8833,-1633495.57952353,-1061611.61402041,-571883.965503122,-244,z,z
8590,8834,-1468480.68483322,-1120590.03702155,-347890.647811672,-244,z,z
8591,8835,-1674345.09038363,-1179568.46002268,-494776.630360951,-244,z,z
8592,8836,-1376396.56924759,-1238546.88302381,-137849.686223774,-244,z,z
8593,8837,-2059636.64951141,-1297525.30602495,-762111.343486456,-244,z,z
8594,8838,-515494.353331404,-1356503.72902608,841009.375694678,-244,z,z
8595,8839,-1161815.24422193,-1415482.15202722,253666.907805288,-244,z,z
8596,8840,-1150600.07813814,-1474460.57502835,323860.496890209,-244,z,z
8597,8841,-1077265.18191944,-1061611.61402041,-15653.5678990278,-244,z,z
8598,8842,-1813537.3485393,-1120590.03702155,-692947.311517757,-244,z,z
8599,8843,-991201.798380277,-1179568.46002268,188366.661642404,-244,z,z
8600,8844,-2045129.37254546,-1238546.88302381,-806582.489521646,-244,z,z
8601,8845,-2110782.02345321,-1297525.30602495,-813256.717428266,-244,z,z
8602,8846,-1118456.86222019,-1356503.72902608,238046.866805891,-244,z,z
8603,8847,-620759.865829572,-1415482.15202722,794722.286197645,-244,z,z
8604,8849,-1227682.77387334,-1061611.61402041,-166071.159852928,-245,z,z
8605,8850,-1423013.88558087,-1120590.03702155,-302423.848559324,-245,z,z
8606,8851,-1315749.42981643,-1179568.46002268,-136180.969793748,-245,z,z
8607,8852,-1351648.51106601,-1238546.88302381,-113101.628042193,-245,z,z
8608,8853,-1415482.15202722,-1297525.30602495,-117956.846002268,-245,z,z
8609,8854,-2345321.71231825,-1356503.72902608,-988817.983292164,-245,z,z
8610,8856,-1262828.98627659,-1061611.61402041,-201217.37225618,-246,z,z
8611,8857,-846969.960479355,-1120590.03702155,273620.076542192,-246,z,z
8612,8858,-984865.442516929,-1179568.46002268,194703.017505752,-246,z,z
8613,8859,-725691.268614122,-1238546.88302381,512855.614409693,-246,z,z
8614,8860,-1670974.94148608,-1297525.30602495,-373449.635461133,-246,z,z
8615,8862,-1628911.74199055,-1061611.61402041,-567300.127970139,-247,z,z
8616,8863,-289412.643833317,-1120590.03702155,831177.39318823,-247,z,z
8617,8864,-997266.380223204,-1179568.46002268,182302.079799477,-247,z,z
8618,8865,-869257.454045441,-1238546.88302381,369289.428978374,-247,z,z
8619,8867,-193540.660873347,-1061611.61402041,868070.953147066,-248,z,z
8620,8868,-906592.034670447,-1120590.03702155,213998.002351099,-248,z,z
8621,8869,-999620.441575064,-1179568.46002268,179948.018447617,-248,z,z
8622,8871,-968257.178418259,-1061611.61402041,93354.4356021537,-249,z,z
8623,8872,-1795390.41806729,-1120590.03702155,-674800.38104574,-249,z,z
8624,8874,-1331847.33570979,-1061611.61402041,-270235.721689379,-250,z,z
8625,8877,-1193767.01142297,-171504150.213272,170310383.201849,-252,z,z
8626,8878,-723885.302198213,-167106672.002675,166382786.700477,-252,z,z
8627,8879,-1487296.97459979,-162709193.792078,161221896.817479,-252,z,z
8628,8880,-1565433.26371005,-158311715.581482,156746282.317772,-252,z,z
8629,8881,-1407293.98963183,-153914237.370885,152506943.381253,-252,z,z
8630,8882,-1604580.71161765,-149516759.160288,147912178.448671,-252,z,z
8631,8883,-1319046.71219561,-145119280.949691,143800234.237496,-252,z,z
8632,8884,-1973818.45578176,-140721802.739095,138747984.283313,-252,z,z
8633,8885,-494015.421942596,-136324324.528498,135830309.106555,-252,z,z
8634,8886,-1113406.27571268,-131926846.317901,130813440.042189,-252,z,z
8635,8887,-1102658.40821572,-127529368.107305,126426709.699089,-252,z,z
8636,8888,-1032379.1326728,-123131889.896708,122099510.764035,-252,z,z
8637,8889,-1737973.29235017,-118734411.686111,116996438.393761,-252,z,z
8638,8890,-949901.723447766,-114336933.475514,113387031.752067,-252,z,z
8639,8891,-1959915.6486894,-109939455.264918,107979539.616228,-252,z,z
8640,8892,-2022832.772476,-105541977.054321,103519144.281845,-252,z,z
8641,8893,-1071854.49296102,-101144498.843724,100072644.350763,-252,z,z
8642,8894,-594894.871420007,-96747020.6331276,96152125.7617076,-252,z,z
8643,8895,-1176529.32496195,-92349542.4225309,91173013.097569,-252,z,z
8644,8896,-1363721.64034833,-87952064.2119342,86588342.5715859,-252,z,z
8645,8897,-1260926.53690741,-83554586.0013375,82293659.4644301,-252,z,z
8646,8898,-1295329.82310492,-79157107.7907408,77861777.9676359,-252,z,z
8647,8899,-1356503.72902608,-74759629.5801441,73403125.851118,-252,z,z
8648,8900,-2247599.97430499,-70362151.3695474,68114551.3952424,-252,z,z
8649,8901,-1210211.1118484,-65964673.1589507,64754462.0471023,-252,z,z
8650,8902,-811679.545459382,-61567194.948354,60755515.4028946,-252,z,z
8651,8903,-943829.382412057,-57169716.7377573,56225887.3553452,-252,z,z
8652,8904,-695454.132421866,-52772238.5271605,52076784.3947387,-252,z,z
8653,8905,-1601350.98559083,-48374760.3165638,46773409.330973,-252,z,z
8654,8906,-1561040.41940761,-43977282.1059671,42416241.6865595,-252,z,z
8655,8907,-277353.783673595,-39579803.8953704,39302450.1116968,-252,z,z
8656,8908,-955713.61438057,-35182325.6847737,34226612.0703931,-252,z,z
8657,8909,-833038.393460214,-30784847.474177,29951809.0807168,-252,z,z
8658,8910,-185476.466670291,-26387369.2635803,26201892.79691,-252,z,z
8659,8911,-867174.989684776,-21989891.0529836,21122716.0632988,-252,z,z
8660,8912,-956158.683245714,-17592412.8423868,16636254.1591411,-252,z,z
8661,8913,-926159.040226161,-13194934.6317901,12268775.591564,-252,z,z
8662,8914,-1717329.96510784,-8797456.42119342,7080126.45608558,-252,z,z
8663,8915,-1273940.92980937,-4399978.21059671,3126037.28078734,-252,z,z
8664,8916,-1141864.09788284,-2500,-1139364.09788284,-252,z,z
8665,8918,-692412.028189595,-1758991.28423868,1066579.25604909,-253,z,z
8666,8919,-1422631.88874762,-1856713.02225194,434081.133504323,-253,z,z
8667,8920,-1497370.94789657,-1954434.76026521,457063.812368632,-253,z,z
8668,8921,-1346107.29443045,-2052156.49827847,706049.203848015,-253,z,z
8669,8922,-1534816.33285166,-2149878.23629173,615061.903440063,-253,z,z
8670,8923,-1261696.85514362,-2247599.97430499,985903.119161363,-253,z,z
8671,8924,-1888000.26205212,-2345321.71231825,457321.450266125,-253,z,z
8672,8925,-472536.490553787,-2443043.45033151,1970506.95977772,-253,z,z
8673,8926,-1064997.30720344,-1758991.28423868,693993.977035249,-253,z,z
8674,8927,-1054716.7382933,-1856713.02225194,801996.283958648,-253,z,z
8675,8928,-987493.083426154,-1954434.76026521,966941.676839051,-253,z,z
8676,8929,-1662409.23616103,-2052156.49827847,389747.262117437,-253,z,z
8677,8930,-908601.648515254,-2149878.23629173,1241276.58777647,-253,z,z
8678,8931,-1874701.92483334,-2247599.97430499,372898.049471647,-253,z,z
8679,8932,-1934883.52149878,-2345321.71231825,410438.190819467,-253,z,z
8680,8933,-1025252.12370184,-2443043.45033151,1417791.32662966,-253,z,z
8681,8934,-569029.877010441,-1758991.28423868,1189961.40722824,-253,z,z
8682,8935,-1125375.87605056,-1856713.02225194,731337.146201383,-253,z,z
8683,8936,-1304429.3951158,-1954434.76026521,650005.365149407,-253,z,z
8684,8937,-1206103.64399839,-2052156.49827847,846052.854280072,-253,z,z
8685,8938,-1239011.13514384,-2149878.23629173,910867.101147885,-253,z,z
8686,8939,-1297525.30602495,-2247599.97430499,950074.668280037,-253,z,z
8687,8940,-2149878.23629173,-2345321.71231825,195443.476026521,-253,z,z
8688,8941,-1157593.23742021,-2443043.45033151,1285450.2129113,-253,z,z
8689,8942,-776389.130439409,-1758991.28423868,982602.153799276,-253,z,z
8690,8943,-902793.322307185,-1856713.02225194,953919.69994476,-253,z,z
8691,8944,-665216.996229611,-1954434.76026521,1289217.76403559,-253,z,z
8692,8945,-1531727.02969558,-2052156.49827847,520429.46858289,-253,z,z
8693,8946,-1493169.09682467,-2149878.23629173,656709.139467054,-253,z,z
8694,8947,-265294.923513874,-2247599.97430499,1982305.05079111,-253,z,z
8695,8948,-914160.848537937,-2345321.71231825,1431160.86378031,-253,z,z
8696,8949,-796819.332874988,-2443043.45033151,1646224.11745652,-253,z,z
8697,8950,-177412.272467235,-1758991.28423868,1581579.01177145,-253,z,z
8698,8951,-827757.944699104,-1856713.02225194,1028955.07755284,-253,z,z
8699,8952,-912696.924916363,-1954434.76026521,1041737.83534884,-253,z,z
8700,8953,-884060.902034063,-2052156.49827847,1168095.5962444,-253,z,z
8701,8954,-1639269.51214839,-2149878.23629173,510608.724143334,-253,z,z
8702,8955,-1216034.52390894,-2247599.97430499,1031565.45039605,-253,z,z
8703,8956,-1089961.18434271,-2345321.71231825,1255360.52797554,-253,z,z
8704,8957,-660938.754180977,-2443043.45033151,1782104.69615053,-253,z,z
8705,8958,-1357966.80289546,-1758991.28423868,401024.481343227,-253,z,z
8706,8959,-1429308.63208309,-1856713.02225194,427404.390168852,-253,z,z
8707,8960,-1284920.59922907,-1954434.76026521,669514.161036139,-253,z,z
8708,8961,-1465051.95408568,-2052156.49827847,587104.544192788,-253,z,z
8709,8962,-1204346.99809164,-2149878.23629173,945531.238200086,-253,z,z
8710,8963,-1802182.06832248,-2247599.97430499,445417.905982507,-253,z,z
8711,8964,-451057.559164979,-2345321.71231825,1894264.15315327,-253,z,z
8712,8965,-1016588.33869419,-2443043.45033151,1426455.11163732,-253,z,z
8713,8966,-1006775.06837087,-1758991.28423868,752216.215867811,-253,z,z
8714,8967,-942607.03417951,-1856713.02225194,914105.988072435,-253,z,z
8715,8968,-1586845.17997189,-1954434.76026521,367589.580293314,-253,z,z
8716,8969,-867301.573582743,-2052156.49827847,1184854.92469572,-253,z,z
8717,8970,-1789488.20097728,-2149878.23629173,360390.035314448,-253,z,z
8718,8971,-1846934.27052156,-2247599.97430499,400665.703783423,-253,z,z
8719,8972,-978649.754442668,-2345321.71231825,1366671.95787558,-253,z,z
8720,8973,-543164.882600876,-2443043.45033151,1899878.56773063,-253,z,z
8721,8974,-1074222.42713917,-1758991.28423868,684768.857099511,-253,z,z
8722,8975,-1245137.14988326,-1856713.02225194,611575.872368683,-253,z,z
8723,8976,-1151280.75108938,-1954434.76026521,803154.00917583,-253,z,z
8724,8977,-1182692.44718276,-2052156.49827847,869464.051095709,-253,z,z
8725,8978,-1238546.88302381,-2149878.23629173,911331.353267911,-253,z,z
8726,8979,-2052156.49827847,-2247599.97430499,195443.47602652,-253,z,z
8727,8980,-1104975.36299202,-2345321.71231825,1240346.34932623,-253,z,z
8728,8981,-741098.715419436,-2443043.45033151,1701944.73491207,-253,z,z
8729,8982,-861757.262202313,-1758991.28423868,897234.022036372,-253,z,z
8730,8983,-634979.860037356,-1856713.02225194,1221733.16221459,-253,z,z
8731,8984,-1462103.07380032,-1954434.76026521,492331.686464883,-253,z,z
8732,8985,-1425297.77424173,-2052156.49827847,626858.724036733,-253,z,z
8733,8986,-253236.063354152,-2149878.23629173,1896642.17293757,-253,z,z
8734,8987,-872608.082695303,-2247599.97430499,1374991.89160968,-253,z,z
8735,8988,-760600.272289761,-2345321.71231825,1584721.44002849,-253,z,z
8736,8989,-169348.078264179,-2443043.45033151,2273695.37206733,-253,z,z
8737,8990,-788340.899713433,-1758991.28423868,970650.384525252,-253,z,z
8738,8991,-869235.166587012,-1856713.02225194,987477.855664932,-253,z,z
8739,8992,-841962.763841964,-1954434.76026521,1112471.99642324,-253,z,z
8740,8993,-1561209.05918895,-2052156.49827847,490947.43908952,-253,z,z
8741,8994,-1158128.11800851,-2149878.23629173,991750.118283211,-253,z,z
8742,8995,-1038058.27080258,-2247599.97430499,1209541.70350241,-253,z,z
8743,8996,-629465.480172359,-2345321.71231825,1715856.23214589,-253,z,z
8744,8997,-1293301.71704329,-2443043.45033151,1149741.73328821,-253,z,z
8745,8998,-1361246.31626961,-1758991.28423868,397744.967969073,-253,z,z
8746,8999,-1223733.90402768,-1856713.02225194,632979.118224262,-253,z,z
8747,9000,-1395287.57531969,-1954434.76026521,559147.184945512,-253,z,z
8748,9001,-1146997.14103966,-2052156.49827847,905159.357238808,-253,z,z
8749,9002,-1716363.87459284,-2149878.23629173,433514.361698889,-253,z,z
8750,9003,-429578.62777617,-2247599.97430499,1818021.34652882,-253,z,z
8751,9004,-968179.370184941,-2345321.71231825,1377142.34213331,-253,z,z
8752,9005,-958833.398448452,-2443043.45033151,1484210.05188305,-253,z,z
8753,9006,-897720.984932867,-1758991.28423868,861270.299305818,-253,z,z
8754,9007,-1511281.12378275,-1856713.02225194,345431.898469192,-253,z,z
8755,9008,-826001.498650231,-1954434.76026521,1128433.26161497,-253,z,z
8756,9009,-1704274.47712122,-2052156.49827847,347882.021157249,-253,z,z
8757,9010,-1758985.01954434,-2149878.23629173,390893.216747381,-253,z,z
8758,9011,-932047.385183493,-2247599.97430499,1315552.58912149,-253,z,z
8759,9012,-517299.88819131,-2345321.71231825,1828021.82412694,-253,z,z
8760,9013,-1023068.97822778,-2443043.45033151,1419974.47210372,-253,z,z
8761,9014,-1185844.90465073,-1758991.28423868,573146.379587959,-253,z,z
8762,9015,-1096457.85818036,-1856713.02225194,760255.164071587,-253,z,z
8763,9016,-1126373.75922167,-1954434.76026521,828061.001043532,-253,z,z
8764,9017,-1179568.46002268,-2052156.49827847,872588.038255785,-253,z,z
8765,9018,-1954434.76026521,-2149878.23629173,195443.476026521,-253,z,z
8766,9019,-1052357.48856383,-2247599.97430499,1195242.48574116,-253,z,z
8767,9020,-705808.300399463,-2345321.71231825,1639513.41191878,-253,z,z
8768,9021,-820721.202097441,-2443043.45033151,1622322.24823407,-253,z,z
8769,9022,-604742.723845101,-1758991.28423868,1154248.56039358,-253,z,z
8770,9023,-1392479.11790507,-1856713.02225194,464233.904346876,-253,z,z
8771,9024,-1357426.45165879,-1954434.76026521,597008.308606412,-253,z,z
8772,9025,-241177.20319443,-2052156.49827847,1810979.29508404,-253,z,z
8773,9026,-831055.31685267,-2149878.23629173,1318822.91943906,-253,z,z
8774,9027,-724381.211704534,-2247599.97430499,1523218.76260045,-253,z,z
8775,9028,-161283.884061122,-2345321.71231825,2184037.82825712,-253,z,z
8776,9029,-748923.854727761,-2443043.45033151,1694119.59560375,-253,z,z
8777,9030,-825773.408257662,-1758991.28423868,933217.875981023,-253,z,z
8778,9031,-799864.625649866,-1856713.02225194,1056848.39660208,-253,z,z
8779,9032,-1483148.6062295,-1954434.76026521,471286.154035708,-253,z,z
8780,9033,-1100221.71210809,-2052156.49827847,951934.786170377,-253,z,z
8781,9034,-986155.357262451,-2149878.23629173,1163722.87902927,-253,z,z
8782,9035,-597992.206163741,-2247599.97430499,1649607.76814124,-253,z,z
8783,9036,-1228636.63119113,-2345321.71231825,1116685.08112712,-253,z,z
8784,9037,-1293184.00045613,-2443043.45033151,1149859.44987538,-253,z,z
8785,9038,-1162547.2088263,-1758991.28423868,596444.075412386,-253,z,z
8786,9039,-1325523.19655371,-1856713.02225194,531189.825698237,-253,z,z
8787,9040,-1089647.28398767,-1954434.76026521,864787.476277531,-253,z,z
8788,9041,-1630545.6808632,-2052156.49827847,421610.81741527,-253,z,z
8789,9042,-408099.696387362,-2149878.23629173,1741778.53990436,-253,z,z
8790,9043,-919770.401675694,-2247599.97430499,1327829.57262929,-253,z,z
8791,9044,-910891.728526029,-2345321.71231825,1434429.98379222,-253,z,z
8792,9045,-852834.935686224,-2443043.45033151,1590208.51464528,-253,z,z
8793,9046,-1435717.06759362,-1758991.28423868,323274.216645069,-253,z,z
8794,9047,-784701.42371772,-1856713.02225194,1072011.59853423,-253,z,z
8795,9048,-1619060.75326516,-1954434.76026521,335374.007000049,-253,z,z
8796,9049,-1671035.76856713,-2052156.49827847,381120.729711338,-253,z,z
8797,9050,-885445.015924318,-2149878.23629173,1264433.22036741,-253,z,z
8798,9051,-491434.893781745,-2247599.97430499,1756165.08052324,-253,z,z
8799,9052,-971915.529316395,-2345321.71231825,1373406.18300185,-253,z,z
8800,9053,-1126552.65941819,-2443043.45033151,1316490.79091332,-253,z,z
8801,9054,-1041634.96527134,-1758991.28423868,717356.318967345,-253,z,z
8802,9055,-1070055.07126059,-1856713.02225194,786657.950991356,-253,z,z
8803,9056,-1120590.03702155,-1954434.76026521,833844.723243658,-253,z,z
8804,9057,-1856713.02225194,-2052156.49827847,195443.476026521,-253,z,z
8805,9058,-999739.614135636,-2149878.23629173,1150138.62215609,-253,z,z
8806,9059,-670517.885379489,-2247599.97430499,1577082.0889255,-253,z,z
8807,9060,-779685.141992569,-2345321.71231825,1565636.57032568,-253,z,z
8808,9061,-574505.587652846,-2443043.45033151,1868537.86267866,-253,z,z
8809,9062,-1322855.16200982,-1758991.28423868,436136.12222887,-253,z,z
8810,9063,-1289555.12907585,-1856713.02225194,567157.893176092,-253,z,z
8811,9064,-229118.343034709,-1954434.76026521,1725316.4172305,-253,z,z
8812,9065,-789502.551010036,-2052156.49827847,1262653.94726843,-253,z,z
8813,9066,-688162.151119307,-2149878.23629173,1461716.08517242,-253,z,z
8814,9067,-153219.689858066,-2247599.97430499,2094380.28444692,-253,z,z
8815,9068,-709506.809742089,-2345321.71231825,1635814.90257616,-253,z,z
8816,9069,-782311.649928311,-2443043.45033151,1660731.8004032,-253,z,z
8817,9070,-757766.487457768,-1758991.28423868,1001224.79678092,-253,z,z
8818,9071,-1405088.15327005,-1856713.02225194,451624.868981894,-253,z,z
8819,9072,-1042315.30620766,-1954434.76026521,912119.454057542,-253,z,z
8820,9073,-934252.443722322,-2052156.49827847,1117904.05455614,-253,z,z
8821,9074,-566518.932155123,-2149878.23629173,1583359.3041366,-253,z,z
8822,9075,-1163971.54533896,-2247599.97430499,1083628.42896602,-253,z,z
8823,9076,-1225121.68464265,-2345321.71231825,1120200.0276756,-253,z,z
8824,9077,-1101360.51362491,-2443043.45033151,1341682.93670659,-253,z,z
8825,9078,-1255758.81778772,-1758991.28423868,503232.466450961,-253,z,z
8826,9079,-1032297.42693569,-1856713.02225194,824415.595316254,-253,z,z
8827,9080,-1544727.48713355,-1954434.76026521,409707.273131652,-253,z,z
8828,9081,-386620.764998553,-2052156.49827847,1665535.73327991,-253,z,z
8829,9082,-871361.433166447,-2149878.23629173,1278516.80312528,-253,z,z
8830,9083,-862950.058603606,-2247599.97430499,1384649.91570138,-253,z,z
8831,9084,-807948.88643958,-2345321.71231825,1537372.82587867,-253,z,z
8832,9085,-1360153.01140448,-2443043.45033151,1082890.43892703,-253,z,z
8833,9086,-743401.348785208,-1758991.28423868,1015589.93545348,-253,z,z
8834,9087,-1533847.0294091,-1856713.02225194,322865.99284285,-253,z,z
8835,9088,-1583086.51758991,-1954434.76026521,371348.242675295,-253,z,z
8836,9089,-838842.646665144,-2052156.49827847,1213313.85161332,-253,z,z
8837,9090,-465569.899372179,-2149878.23629173,1684308.33691955,-253,z,z
8838,9091,-920762.080405006,-2247599.97430499,1326837.89389998,-253,z,z
8839,9092,-1067260.41418565,-2345321.71231825,1278061.29813259,-253,z,z
8840,9093,-986812.072362322,-2443043.45033151,1456231.37796918,-253,z,z
8841,9094,-1013736.38329951,-1758991.28423868,745254.900939179,-253,z,z
8842,9095,-1061611.61402041,-1856713.02225194,795101.408231532,-253,z,z
8843,9096,-1758991.28423868,-1954434.76026521,195443.476026521,-253,z,z
8844,9097,-947121.739707445,-2052156.49827847,1105034.75857102,-253,z,z
8845,9098,-635227.470359516,-2149878.23629173,1514650.76593221,-253,z,z
8846,9099,-738649.081887697,-2247599.97430499,1508950.89241729,-253,z,z
8847,9100,-544268.451460591,-2345321.71231825,1801053.26085766,-253,z,z
8848,9101,-1253231.20611456,-2443043.45033151,1189812.24421694,-253,z,z
8849,9102,-1221683.80649291,-1758991.28423868,537307.477745771,-253,z,z
8850,9103,-217059.482874987,-1856713.02225194,1639653.53937696,-253,z,z
8851,9104,-747949.785167403,-1954434.76026521,1206484.9750978,-253,z,z
8852,9105,-651943.090534081,-2052156.49827847,1400213.40774438,-253,z,z
8853,9106,-145155.49565501,-2149878.23629173,2004722.74063672,-253,z,z
8854,9107,-14192636.1948418,-2247599.97430499,-11945036.2205368,-253,z,z
8855,9108,-15648732.9985662,-2345321.71231825,-13303411.286248,-253,z,z
8856,9109,-15157829.7491554,-2443043.45033151,-12714786.2988239,-253,z,z
8857,9110,-28104263.065401,-1758991.28423868,-26345271.7811623,-253,z,z
8858,9111,-20848806.1241533,-1856713.02225194,-18992093.1019013,-253,z,z
8859,9112,-18687548.8744464,-1954434.76026521,-16733114.1141812,-253,z,z
8860,9113,-11332878.6431025,-2052156.49827847,-9280722.14482399,-253,z,z
8861,9114,-23281930.9067793,-2149878.23629173,-21132052.6704875,-253,z,z
8862,9115,-24504933.692853,-2247599.97430499,-22257333.718548,-253,z,z
8863,9116,-22029710.2724983,-2345321.71231825,-19684388.56018,-253,z,z
8864,9117,-25117676.3557545,-2443043.45033151,-22674632.905423,-253,z,z
8865,9118,-20648448.5387138,-1758991.28423868,-18889457.2544751,-253,z,z
8866,9119,-30897049.7426711,-1856713.02225194,-29040336.7204191,-253,z,z
8867,9120,-7734915.29997106,-1954434.76026521,-5780480.53970586,-253,z,z
8868,9121,-17429728.6633289,-2052156.49827847,-15377572.1650505,-253,z,z
8869,9122,-17261501.1720721,-2149878.23629173,-15111622.9357804,-253,z,z
8870,9123,-16161477.7287916,-2247599.97430499,-13913877.7544866,-253,z,z
8871,9124,-27205560.2280896,-2345321.71231825,-24860238.5157713,-253,z,z
8872,9125,-14870526.9757042,-2443043.45033151,-12427483.5253727,-253,z,z
8873,9126,-30679440.5881819,-1758991.28423868,-28920449.3039432,-253,z,z
8874,9127,-31664230.3517982,-1856713.02225194,-29807517.3295463,-253,z,z
8875,9128,-16779352.9333029,-1954434.76026521,-14824918.1730377,-253,z,z
8876,9129,-9313897.98744358,-2052156.49827847,-7261741.48916512,-253,z,z
8877,9130,-18417741.6081001,-2149878.23629173,-16267863.3718084,-253,z,z
8878,9131,-21347708.2837131,-2247599.97430499,-19100108.3094081,-253,z,z
8879,9132,-19738741.4472464,-2345321.71231825,-17393419.7349282,-253,z,z
8880,9133,-20277227.6659901,-2443043.45033151,-17834184.2156586,-253,z,z
8881,9134,-21234732.2804083,-1758991.28423868,-19475740.9961696,-253,z,z
8882,9135,-35182325.6847737,-1856713.02225194,-33325612.6625217,-253,z,z
8883,9136,-18944934.7941489,-1954434.76026521,-16990500.0338837,-253,z,z
8884,9137,-12707049.4071903,-2052156.49827847,-10654892.9089119,-253,z,z
8885,9138,-14775481.6377539,-2149878.23629173,-12625603.4014622,-253,z,z
8886,9139,-10887869.0292118,-2247599.97430499,-8640269.05490684,-253,z,z
8887,9140,-25067124.1222912,-2345321.71231825,-22721802.409973,-253,z,z
8888,9141,-24436176.1298583,-2443043.45033151,-21993132.6795268,-253,z,z
8889,9142,-4343689.65749975,-1758991.28423868,-2584698.37326106,-253,z,z
8890,9143,-14961495.7033481,-1856713.02225194,-13104782.6810961,-253,z,z
8891,9144,-13041361.8106816,-1954434.76026521,-11086927.0504164,-253,z,z
8892,9145,-2905609.9131002,-2052156.49827847,-853453.414821739,-253,z,z
8893,9146,-985426.124641791,-2149878.23629173,1164452.11164994,-253,z,z
8894,9147,-1086543.95823377,-2247599.97430499,1161056.01607122,-253,z,z
8895,9148,-1052453.45480246,-2345321.71231825,1292868.25751579,-253,z,z
8896,9149,-1951511.32398618,-2443043.45033151,491532.126345325,-253,z,z
8897,9150,-1447660.14751064,-1758991.28423868,311331.136728041,-253,z,z
8898,9151,-1297572.83850322,-1856713.02225194,559140.18374872,-253,z,z
8899,9152,-786831.850215449,-1954434.76026521,1167602.91004976,-253,z,z
8900,9153,-1616627.14630412,-2052156.49827847,435529.35197435,-253,z,z
8901,9154,-1701557.89533702,-2149878.23629173,448320.340954711,-253,z,z
8902,9155,-1529667.3800346,-2247599.97430499,717932.594270383,-253,z,z
8903,9156,-1744109.46914962,-2345321.71231825,601212.24316863,-253,z,z
8904,9157,-1433746.42629957,-2443043.45033151,1009297.02403194,-253,z,z
8905,9158,-2145454.84324105,-1758991.28423868,-386463.559002362,-253,z,z
8906,9159,-536973.284720213,-1856713.02225194,1319739.73753173,-253,z,z
8907,9160,-1210224.21273118,-1954434.76026521,744210.547534029,-253,z,z
8908,9161,-1198541.74806056,-2052156.49827847,853614.750217901,-253,z,z
8909,9162,-1122151.23116608,-2149878.23629173,1027727.00512564,-253,z,z
8910,9163,-1889101.40472844,-2247599.97430499,358498.569576545,-253,z,z
8911,9164,-1032501.87331279,-2345321.71231825,1312819.83900546,-253,z,z
8912,9166,-2130343.09640152,-1758991.28423868,-371351.812162837,-254,z,z
8913,9167,-2198731.27443043,-1856713.02225194,-342018.252178487,-254,z,z
8914,9168,-1165059.23147937,-1954434.76026521,789375.528785839,-254,z,z
8915,9169,-646624.860239138,-2052156.49827847,1405531.63803933,-254,z,z
8916,9170,-1278836.22278473,-2149878.23629173,871042.013506996,-254,z,z
8917,9171,-1482306.13081341,-2247599.97430499,765293.843491579,-254,z,z
8918,9173,-1370572.32272545,-1758991.28423868,388418.961513238,-255,z,z
8919,9174,-1407967.19902709,-1856713.02225194,448745.823224854,-255,z,z
8920,9175,-1474460.57502835,-1954434.76026521,479974.185236854,-255,z,z
8921,9176,-2443043.45033151,-2052156.49827847,-390886.952053041,-255,z,z
8922,9177,-1315446.86070478,-2149878.23629173,834431.375586942,-255,z,z
8923,9179,-882260.375499328,-1758991.28423868,876730.908739356,-256,z,z
8924,9180,-1025901.5026218,-1856713.02225194,830811.519630144,-256,z,z
8925,9181,-755928.404806377,-1954434.76026521,1198506.35545883,-256,z,z
8926,9182,-1740598.89738134,-2052156.49827847,311557.60089713,-256,z,z
8927,9184,-1696783.06457349,-1758991.28423868,62208.2196651935,-257,z,z
8928,9185,-301471.503993038,-1856713.02225194,1555241.51825891,-257,z,z
8929,9186,-1038819.14606584,-1954434.76026521,915615.614199368,-257,z,z
8930,9188,-905476.514630667,-1758991.28423868,853514.769608017,-258,z,z
8931,9189,-201604.855076403,-1856713.02225194,1655108.16717554,-258,z,z
8932,9191,-946009.079656119,-1758991.28423868,812982.204582566,-259,z,z
8933,9194,-1043082.19990441,-92346869.6214758,91303787.4215714,-261,z,z
8934,9195,-1010355.31661036,-89979065.2722072,88968709.9555969,-261,z,z
8935,9196,-1873450.87102673,-87611260.9229386,85737810.0519119,-261,z,z
8936,9197,-1389753.74161022,-85243456.57367,83853702.8320598,-261,z,z
8937,9198,-1245669.9249631,-82875652.2244014,81629982.2994383,-261,z,z
8938,9199,-755358.576206831,-80507847.8751328,79752489.298926,-261,z,z
8939,9200,-1551962.06045195,-78140043.5258642,76588081.4654122,-261,z,z
8940,9201,-1633495.57952353,-75772239.1765956,74138743.597072,-261,z,z
8941,9202,-1468480.68483322,-73404434.827327,71935954.1424937,-261,z,z
8942,9203,-1674345.09038363,-71036630.4780583,69362285.3876747,-261,z,z
8943,9204,-1376396.56924759,-68668826.1287897,67292429.5595422,-261,z,z
8944,9205,-2059636.64951141,-66301021.7795211,64241385.1300097,-261,z,z
8945,9206,-515494.353331404,-63933217.4302525,63417723.0769211,-261,z,z
8946,9207,-1161815.24422193,-61565413.0809839,60403597.836762,-261,z,z
8947,9208,-1150600.07813814,-59197608.7317153,58047008.6535772,-261,z,z
8948,9209,-1077265.18191944,-56829804.3824467,55752539.2005272,-261,z,z
8949,9210,-1813537.3485393,-54462000.0331781,52648462.6846388,-261,z,z
8950,9211,-991201.798380277,-52094195.6839095,51102993.8855292,-261,z,z
8951,9212,-2045129.37254546,-49726391.3346408,47681261.9620954,-261,z,z
8952,9213,-2110782.02345321,-47358586.9853722,45247804.961919,-261,z,z
8953,9214,-1118456.86222019,-44990782.6361036,43872325.7738834,-261,z,z
8954,9215,-620759.865829572,-42622978.286835,42002218.4210054,-261,z,z
8955,9216,-1227682.77387334,-40255173.9375664,39027491.1636931,-261,z,z
8956,9217,-1423013.88558087,-37887369.5882978,36464355.7027169,-261,z,z
8957,9218,-1315749.42981643,-35519565.2390292,34203815.8092127,-261,z,z
8958,9219,-1351648.51106601,-33151760.8897606,31800112.3786946,-261,z,z
8959,9220,-1415482.15202722,-30783956.540492,29368474.3884647,-261,z,z
8960,9221,-2345321.71231825,-28416152.1912233,26070830.4789051,-261,z,z
8961,9222,-1262828.98627659,-26048347.8419547,24785518.8556781,-261,z,z
8962,9223,-846969.960479355,-23680543.4926861,22833573.5322068,-261,z,z
8963,9224,-984865.442516929,-21312739.1434175,20327873.7009006,-261,z,z
8964,9225,-725691.268614122,-18944934.7941489,18219243.5255348,-261,z,z
8965,9226,-1670974.94148608,-16577130.4448803,14906155.5033942,-261,z,z
8966,9227,-1628911.74199055,-14209326.0956117,12580414.3536211,-261,z,z
8967,9228,-289412.643833317,-11841521.7463431,11552109.1025097,-261,z,z
8968,9229,-997266.380223204,-9473717.39707445,8476451.01685124,-261,z,z
8969,9230,-869257.454045441,-7105913.04780583,6236655.59376039,-261,z,z
8970,9231,-193540.660873347,-4738108.69853722,4544568.03766388,-261,z,z
8971,9232,-906592.034670447,-2370304.34926861,1463712.31459816,-261,z,z
8972,9233,-999620.441575064,-2500,-997120.441575064,-261,z,z
8973,9235,-968257.178418259,-947121.739707445,-21135.4387108142,-262,z,z
8974,9236,-1795390.41806729,-999739.614135636,-795650.803931651,-262,z,z
8975,9237,-1331847.33570979,-1052357.48856383,-279489.847145965,-262,z,z
8976,9238,-1193767.01142297,-1104975.36299202,-88791.6484309479,-262,z,z
8977,9239,-723885.302198213,-1157593.23742021,433707.935221997,-262,z,z
8978,9240,-1487296.97459979,-1210211.1118484,-277085.862751385,-262,z,z
8979,9241,-1565433.26371005,-1262828.98627659,-302604.277433461,-262,z,z
8980,9242,-1407293.98963183,-1315446.86070478,-91847.1289270506,-262,z,z
8981,9243,-1604580.71161765,-947121.739707445,-657458.971910202,-262,z,z
8982,9244,-1319046.71219561,-999739.614135636,-319307.09805997,-262,z,z
8983,9245,-1973818.45578176,-1052357.48856383,-921460.967217936,-262,z,z
8984,9246,-494015.421942596,-1104975.36299202,610959.941049423,-262,z,z
8985,9247,-1113406.27571268,-1157593.23742021,44186.961707528,-262,z,z
8986,9248,-1102658.40821572,-1210211.1118484,107552.703632682,-262,z,z
8987,9249,-1032379.1326728,-1262828.98627659,230449.853603796,-262,z,z
8988,9250,-1737973.29235017,-1315446.86070478,-422526.431645382,-262,z,z
8989,9251,-949901.723447766,-947121.739707445,-2779.9837403209,-262,z,z
8990,9252,-1959915.6486894,-999739.614135636,-960176.034553763,-262,z,z
8991,9253,-2022832.772476,-1052357.48856383,-970475.28391217,-262,z,z
8992,9254,-1071854.49296102,-1104975.36299202,33120.870031002,-262,z,z
8993,9255,-594894.871420007,-1157593.23742021,562698.366000203,-262,z,z
8994,9256,-1176529.32496195,-1210211.1118484,33681.7868864499,-262,z,z
8995,9257,-1363721.64034833,-1262828.98627659,-100892.654071742,-262,z,z
8996,9258,-1260926.53690741,-1315446.86070478,54520.3237973731,-262,z,z
8997,9259,-1295329.82310492,-947121.739707445,-348208.083397479,-262,z,z
8998,9260,-1356503.72902608,-999739.614135636,-356764.114890447,-262,z,z
8999,9261,-2247599.97430499,-1052357.48856383,-1195242.48574116,-262,z,z
9000,9262,-1210211.1118484,-1104975.36299202,-105235.748856383,-262,z,z
9001,9263,-811679.545459382,-1157593.23742021,345913.691960828,-262,z,z
9002,9264,-943829.382412057,-1210211.1118484,266381.729436344,-262,z,z
9003,9265,-695454.132421866,-1262828.98627659,567374.853854726,-262,z,z
9004,9266,-1601350.98559083,-1315446.86070478,-285904.124886044,-262,z,z
9005,9267,-1561040.41940761,-947121.739707445,-613918.679700167,-262,z,z
9006,9268,-277353.783673595,-999739.614135636,722385.830462041,-262,z,z
9007,9269,-955713.61438057,-1052357.48856383,96643.8741832572,-262,z,z
9008,9270,-833038.393460214,-1104975.36299202,271936.969531805,-262,z,z
9009,9271,-185476.466670291,-1157593.23742021,972116.770749919,-262,z,z
9010,9272,-867174.989684776,-1210211.1118484,343036.122163626,-262,z,z
9011,9273,-956158.683245714,-1262828.98627659,306670.303030879,-262,z,z
9012,9274,-926159.040226161,-1315446.86070478,389287.820478624,-262,z,z
9013,9275,-1717329.96510784,-947121.739707445,-770208.225400395,-262,z,z
9014,9276,-1273940.92980937,-999739.614135636,-274201.31567373,-262,z,z
9015,9277,-1141864.09788284,-1052357.48856383,-89506.6093190103,-262,z,z
9016,9278,-692412.028189595,-1104975.36299202,412563.334802424,-262,z,z
9017,9279,-1422631.88874762,-1157593.23742021,-265038.651327412,-262,z,z
9018,9280,-1497370.94789657,-1210211.1118484,-287159.836048172,-262,z,z
9019,9281,-1346107.29443045,-1262828.98627659,-83278.3081538577,-262,z,z
9020,9282,-1534816.33285166,-1315446.86070478,-219369.472146878,-262,z,z
9021,9283,-1261696.85514362,-947121.739707445,-314575.115436178,-262,z,z
9022,9284,-1888000.26205212,-999739.614135636,-888260.647916485,-262,z,z
9023,9285,-472536.490553787,-1052357.48856383,579820.99801004,-262,z,z
9024,9286,-1064997.30720344,-1104975.36299202,39978.0557885836,-262,z,z
9025,9287,-1054716.7382933,-1157593.23742021,102876.499126914,-262,z,z
9026,9288,-987493.083426154,-1210211.1118484,222718.028422248,-262,z,z
9027,9289,-1662409.23616103,-1262828.98627659,-399580.249884436,-262,z,z
9028,9290,-908601.648515254,-1315446.86070478,406845.21218953,-262,z,z
9029,9291,-1874701.92483334,-947121.739707445,-927580.185125894,-262,z,z
9030,9292,-1934883.52149878,-999739.614135636,-935143.907363144,-262,z,z
9031,9293,-1025252.12370184,-1052357.48856383,27105.3648619852,-262,z,z
9032,9294,-569029.877010441,-1104975.36299202,535945.485981578,-262,z,z
9033,9295,-1125375.87605056,-1157593.23742021,32217.3613696478,-262,z,z
9034,9296,-1304429.3951158,-1210211.1118484,-94218.2832673965,-262,z,z
9035,9297,-1206103.64399839,-1262828.98627659,56725.3422781995,-262,z,z
9036,9298,-1239011.13514384,-1315446.86070478,76435.7255609441,-262,z,z
9037,9299,-1297525.30602495,-947121.739707445,-350403.566317504,-262,z,z
9038,9300,-2149878.23629173,-999739.614135636,-1150138.62215609,-262,z,z
9039,9301,-1157593.23742021,-1052357.48856383,-105235.748856383,-262,z,z
9040,9302,-776389.130439409,-1104975.36299202,328586.23255261,-262,z,z
9041,9303,-902793.322307185,-1157593.23742021,254799.915113025,-262,z,z
9042,9304,-665216.996229611,-1210211.1118484,544994.11561879,-262,z,z
9043,9305,-1531727.02969558,-1262828.98627659,-268898.043418982,-262,z,z
9044,9306,-1493169.09682467,-1315446.86070478,-177722.236119888,-262,z,z
9045,9307,-265294.923513874,-947121.739707445,681826.816193571,-262,z,z
9046,9308,-914160.848537937,-999739.614135636,85578.7655976994,-262,z,z
9047,9309,-796819.332874988,-1052357.48856383,255538.15568884,-262,z,z
9048,9310,-177412.272467235,-1104975.36299202,927563.090524784,-262,z,z
9049,9311,-827757.944699104,-1157593.23742021,329835.292721106,-262,z,z
9050,9312,-912696.924916363,-1210211.1118484,297514.186932038,-262,z,z
9051,9313,-884060.902034063,-1262828.98627659,378768.08424253,-262,z,z
9052,9314,-1639269.51214839,-1315446.86070478,-323822.651443608,-262,z,z
9053,9315,-1216034.52390894,-947121.739707445,-268912.784201496,-262,z,z
9054,9316,-1089961.18434271,-999739.614135636,-90221.5702070727,-262,z,z
9055,9317,-660938.754180977,-1052357.48856383,391418.73438285,-262,z,z
9056,9318,-1357966.80289546,-1104975.36299202,-252991.439903438,-262,z,z
9057,9319,-1429308.63208309,-1157593.23742021,-271715.394662882,-262,z,z
9058,9320,-1284920.59922907,-1210211.1118484,-74709.4873806653,-262,z,z
9059,9321,-1465051.95408568,-1262828.98627659,-202222.967809085,-262,z,z
9060,9322,-1204346.99809164,-1315446.86070478,111099.862613145,-262,z,z
9061,9323,-1802182.06832248,-947121.739707445,-855060.328615035,-262,z,z
9062,9324,-451057.559164979,-999739.614135636,548682.054970657,-262,z,z
9063,9325,-1016588.33869419,-1052357.48856383,35769.1498696392,-262,z,z
9064,9326,-1006775.06837087,-1104975.36299202,98200.2946211447,-262,z,z
9065,9327,-942607.03417951,-1157593.23742021,214986.2032407,-262,z,z
9066,9328,-1586845.17997189,-1210211.1118484,-376634.068123489,-262,z,z
9067,9329,-867301.573582743,-1262828.98627659,395527.41269385,-262,z,z
9068,9330,-1789488.20097728,-1315446.86070478,-474041.340272493,-262,z,z
9069,9331,-1846934.27052156,-947121.739707445,-899812.530814118,-262,z,z
9070,9332,-978649.754442668,-999739.614135636,21089.8596929685,-262,z,z
9071,9333,-543164.882600876,-1052357.48856383,509192.605962952,-262,z,z
9072,9334,-1074222.42713917,-1104975.36299202,30752.9358528454,-262,z,z
9073,9335,-1245137.14988326,-1157593.23742021,-87543.9124630515,-262,z,z
9074,9336,-1151280.75108938,-1210211.1118484,58930.3607590259,-262,z,z
9075,9337,-1182692.44718276,-1262828.98627659,80136.5390938365,-262,z,z
9076,9338,-1238546.88302381,-1315446.86070478,76899.9776809695,-262,z,z
9077,9339,-2052156.49827847,-947121.739707445,-1105034.75857102,-262,z,z
9078,9340,-1104975.36299202,-999739.614135636,-105235.748856383,-262,z,z
9079,9341,-741098.715419436,-1052357.48856383,311258.773144392,-262,z,z
9080,9342,-861757.262202313,-1104975.36299202,243218.100789706,-262,z,z
9081,9343,-634979.860037356,-1157593.23742021,522613.377382854,-262,z,z
9082,9344,-1462103.07380032,-1210211.1118484,-251891.961951921,-262,z,z
9083,9345,-1425297.77424173,-1262828.98627659,-162468.78796514,-262,z,z
9084,9346,-253236.063354152,-1315446.86070478,1062210.79735063,-262,z,z
9085,9347,-872608.082695303,-947121.739707445,74513.6570121417,-262,z,z
9086,9348,-760600.272289761,-999739.614135636,239139.341845875,-262,z,z
9087,9349,-169348.078264179,-1052357.48856383,883009.410299649,-262,z,z
9088,9350,-788340.899713433,-1104975.36299202,316634.463278586,-262,z,z
9089,9351,-869235.166587012,-1157593.23742021,288358.070833198,-262,z,z
9090,9352,-841962.763841964,-1210211.1118484,368248.348006437,-262,z,z
9091,9353,-1561209.05918895,-1262828.98627659,-298380.072912352,-262,z,z
9092,9354,-1158128.11800851,-1315446.86070478,157318.74269627,-262,z,z
9093,9355,-1038058.27080258,-947121.739707445,-90936.5310951349,-262,z,z
9094,9356,-629465.480172359,-999739.614135636,370274.133963277,-262,z,z
9095,9357,-1293301.71704329,-1052357.48856383,-240944.228479465,-262,z,z
9096,9358,-1361246.31626961,-1104975.36299202,-256270.953277593,-262,z,z
9097,9359,-1223733.90402768,-1157593.23742021,-66140.6666074724,-262,z,z
9098,9360,-1395287.57531969,-1210211.1118484,-185076.463471292,-262,z,z
9099,9361,-1146997.14103966,-1262828.98627659,115831.845236936,-262,z,z
9100,9362,-1716363.87459284,-1315446.86070478,-400917.013888053,-262,z,z
9101,9363,-429578.62777617,-947121.739707445,517543.111931275,-262,z,z
9102,9364,-968179.370184941,-999739.614135636,31560.2439506949,-262,z,z
9103,9365,-958833.398448452,-1052357.48856383,93524.0901153758,-262,z,z
9104,9366,-897720.984932867,-1104975.36299202,207254.378059152,-262,z,z
9105,9367,-1511281.12378275,-1157593.23742021,-353687.886362543,-262,z,z
9106,9368,-826001.498650231,-1210211.1118484,384209.613198171,-262,z,z
9107,9369,-1704274.47712122,-1262828.98627659,-441445.490844624,-262,z,z
9108,9370,-1758985.01954434,-1315446.86070478,-443538.158839561,-262,z,z
9109,9371,-932047.385183493,-947121.739707445,15074.3545239519,-262,z,z
9110,9372,-517299.88819131,-999739.614135636,482439.725944326,-262,z,z
9111,9373,-1023068.97822778,-1052357.48856383,29288.5103360433,-262,z,z
9112,9374,-1185844.90465073,-1104975.36299202,-80869.5416587067,-262,z,z
9113,9375,-1096457.85818036,-1157593.23742021,61135.3792398526,-262,z,z
9114,9376,-1126373.75922167,-1210211.1118484,83837.3526267286,-262,z,z
9115,9377,-1179568.46002268,-1262828.98627659,83260.5262539121,-262,z,z
9116,9378,-1954434.76026521,-1315446.86070478,-638987.899560421,-262,z,z
9117,9379,-1052357.48856383,-947121.739707445,-105235.748856383,-262,z,z
9118,9380,-705808.300399463,-999739.614135636,293931.313736174,-262,z,z
9119,9381,-820721.202097441,-1052357.48856383,231636.286466386,-262,z,z
9120,9382,-604742.723845101,-1104975.36299202,500232.639146918,-262,z,z
9121,9383,-1392479.11790507,-1157593.23742021,-234885.880484858,-262,z,z
9122,9384,-1357426.45165879,-1210211.1118484,-147215.339810391,-262,z,z
9123,9385,-241177.20319443,-1262828.98627659,1021651.78308216,-262,z,z
9124,9386,-831055.31685267,-1315446.86070478,484391.543852115,-262,z,z
9125,9387,-724381.211704534,-947121.739707445,222740.528002911,-262,z,z
9126,9388,-161283.884061122,-999739.614135636,838455.730074514,-262,z,z
9127,9389,-748923.854727761,-1052357.48856383,303433.633836067,-262,z,z
9128,9390,-825773.408257662,-1104975.36299202,279201.954734357,-262,z,z
9129,9391,-799864.625649866,-1157593.23742021,357728.611770344,-262,z,z
9130,9392,-1483148.6062295,-1210211.1118484,-272937.494381096,-262,z,z
9131,9393,-1100221.71210809,-1262828.98627659,162607.274168504,-262,z,z
9132,9394,-986155.357262451,-1315446.86070478,329291.503442334,-262,z,z
9133,9395,-597992.206163741,-947121.739707445,349129.533543704,-262,z,z
9134,9396,-1228636.63119113,-999739.614135636,-228897.017055492,-262,z,z
9135,9397,-1293184.00045613,-1052357.48856383,-240826.511892304,-262,z,z
9136,9398,-1162547.2088263,-1104975.36299202,-57571.8458342797,-262,z,z
9137,9399,-1325523.19655371,-1157593.23742021,-167929.959133498,-262,z,z
9138,9400,-1089647.28398767,-1210211.1118484,120563.827860727,-262,z,z
9139,9401,-1630545.6808632,-1262828.98627659,-367716.694586603,-262,z,z
9140,9402,-408099.696387362,-1315446.86070478,907347.164317423,-262,z,z
9141,9403,-919770.401675694,-947121.739707445,27351.3380317506,-262,z,z
9142,9404,-910891.728526029,-999739.614135636,88847.8856096072,-262,z,z
9143,9405,-852834.935686224,-1052357.48856383,199522.552877604,-262,z,z
9144,9406,-1435717.06759362,-1104975.36299202,-330741.704601597,-262,z,z
9145,9407,-784701.42371772,-1157593.23742021,372891.813702491,-262,z,z
9146,9408,-1619060.75326516,-1210211.1118484,-408849.641416755,-262,z,z
9147,9409,-1671035.76856713,-1262828.98627659,-408206.782290535,-262,z,z
9148,9410,-885445.015924318,-1315446.86070478,430001.844780466,-262,z,z
9149,9411,-491434.893781745,-947121.739707445,455686.8459257,-262,z,z
9150,9412,-971915.529316395,-999739.614135636,27824.0848192413,-262,z,z
9151,9413,-1126552.65941819,-1052357.48856383,-74195.170854362,-262,z,z
9152,9414,-1041634.96527134,-1104975.36299202,63340.397720679,-262,z,z
9153,9415,-1070055.07126059,-1157593.23742021,87538.166159621,-262,z,z
9154,9416,-1120590.03702155,-1210211.1118484,89621.0748268548,-262,z,z
9155,9417,-1856713.02225194,-1262828.98627659,-593884.035975352,-262,z,z
9156,9418,-999739.614135636,-1315446.86070478,315707.246569148,-262,z,z
9157,9419,-670517.885379489,-947121.739707445,276603.854327955,-262,z,z
9158,9420,-779685.141992569,-999739.614135636,220054.472143067,-262,z,z
9159,9421,-574505.587652846,-1052357.48856383,477851.900910981,-262,z,z
9160,9422,-1322855.16200982,-1104975.36299202,-217879.799017796,-262,z,z
9161,9423,-1289555.12907585,-1157593.23742021,-131961.891655643,-262,z,z
9162,9424,-229118.343034709,-1210211.1118484,981092.768813693,-262,z,z
9163,9425,-789502.551010036,-1262828.98627659,473326.435266557,-262,z,z
9164,9426,-688162.151119307,-1315446.86070478,627284.709585477,-262,z,z
9165,9427,-153219.689858066,-947121.739707445,793902.049849379,-262,z,z
9166,9428,-709506.809742089,-999739.614135636,290232.804393547,-262,z,z
9167,9429,-782311.649928311,-1052357.48856383,270045.838635516,-262,z,z
9168,9430,-757766.487457768,-1104975.36299202,347208.875534251,-262,z,z
9169,9431,-1405088.15327005,-1157593.23742021,-247494.91584984,-262,z,z
9170,9432,-1042315.30620766,-1210211.1118484,167895.805640738,-262,z,z
9171,9433,-934252.443722322,-1262828.98627659,328576.542554271,-262,z,z
9172,9434,-566518.932155123,-1315446.86070478,748927.928549661,-262,z,z
9173,9435,-1163971.54533896,-947121.739707445,-216849.805631519,-262,z,z
9174,9436,-1225121.68464265,-999739.614135636,-225382.070507015,-262,z,z
9175,9437,-1101360.51362491,-1052357.48856383,-49003.025061087,-262,z,z
9176,9438,-1255758.81778772,-1104975.36299202,-150783.454795705,-262,z,z
9177,9439,-1032297.42693569,-1157593.23742021,125295.810484519,-262,z,z
9178,9440,-1544727.48713355,-1210211.1118484,-334516.375285152,-262,z,z
9179,9441,-386620.764998553,-1262828.98627659,876208.22127804,-262,z,z
9180,9442,-871361.433166447,-1315446.86070478,444085.427538337,-262,z,z
9181,9443,-862950.058603606,-947121.739707445,84171.6811038384,-262,z,z
9182,9444,-807948.88643958,-999739.614135636,191790.727696056,-262,z,z
9183,9445,-1360153.01140448,-1052357.48856383,-307795.522840651,-262,z,z
9184,9446,-743401.348785208,-1104975.36299202,361574.014206811,-262,z,z
9185,9447,-1533847.0294091,-1157593.23742021,-376253.791988885,-262,z,z
9186,9448,-1583086.51758991,-1210211.1118484,-372875.405741509,-262,z,z
9187,9449,-838842.646665144,-1262828.98627659,423986.339611449,-262,z,z
9188,9450,-465569.899372179,-1315446.86070478,849876.961332605,-262,z,z
9189,9451,-920762.080405006,-947121.739707445,26359.6593024392,-262,z,z
9190,9452,-1067260.41418565,-999739.614135636,-67520.800050017,-262,z,z
9191,9453,-986812.072362322,-1052357.48856383,65545.4162015054,-262,z,z
9192,9454,-1013736.38329951,-1104975.36299202,91238.9796925131,-262,z,z
9193,9455,-1061611.61402041,-1157593.23742021,95981.6233997976,-262,z,z
9194,9456,-1758991.28423868,-1210211.1118484,-548780.172390283,-262,z,z
9195,9457,-947121.739707445,-1262828.98627659,315707.246569148,-262,z,z
9196,9458,-635227.470359516,-1315446.86070478,680219.390345268,-262,z,z
9197,9459,-738649.081887697,-947121.739707445,208472.657819748,-262,z,z
9198,9460,-544268.451460591,-999739.614135636,455471.162675045,-262,z,z
9199,9461,-1253231.20611456,-1052357.48856383,-200873.717550734,-262,z,z
9200,9462,-1221683.80649291,-1104975.36299202,-116708.443500895,-262,z,z
9201,9463,-217059.482874987,-1157593.23742021,940533.754545223,-262,z,z
9202,9464,-747949.785167403,-1210211.1118484,462261.326680999,-262,z,z
9203,9465,-651943.090534081,-1262828.98627659,610885.895742512,-262,z,z
9204,9466,-145155.49565501,-1315446.86070478,1170291.36504977,-262,z,z
9205,9467,-12418869.1704866,-947121.739707445,-11471747.4307791,-262,z,z
9206,9468,-13692953.8737454,-999739.614135636,-12693214.2596098,-262,z,z
9207,9469,-13263413.5305109,-1052357.48856383,-12211056.0419471,-262,z,z
9208,9470,-24591542.6822259,-1104975.36299202,-23486567.3192339,-262,z,z
9209,9471,-18243017.8586341,-1157593.23742021,-17085424.6212139,-262,z,z
9210,9472,-16351917.7651406,-1210211.1118484,-15141706.6532922,-262,z,z
9211,9473,-9916581.31271465,-1262828.98627659,-8653752.32643806,-262,z,z
9212,9474,-20372002.0434319,-1315446.86070478,-19056555.1827271,-262,z,z
9213,9475,-21442129.4812464,-947121.739707445,-20495007.7415389,-262,z,z
9214,9476,-19276308.988436,-999739.614135636,-18276569.3743004,-262,z,z
9215,9477,-21978279.3112852,-1052357.48856383,-20925921.8227213,-262,z,z
9216,9478,-18067704.9713746,-1104975.36299202,-16962729.6083826,-262,z,z
9217,9479,-27035231.0248372,-1157593.23742021,-25877637.787417,-262,z,z
9218,9480,-6768363.38747468,-1210211.1118484,-5558152.27562628,-262,z,z
9219,9481,-15251325.0804128,-1262828.98627659,-13988496.0941362,-262,z,z
9220,9483,-15104126.0255631,-947121.739707445,-14157004.2858557,-263,z,z
9221,9484,-14141605.5126927,-999739.614135636,-13141865.898557,-263,z,z
9222,9485,-23805177.6995784,-1052357.48856383,-22752820.2110145,-263,z,z
9223,9486,-13012023.6037411,-1104975.36299202,-11907048.2407491,-263,z,z
9224,9487,-26844823.0146592,-1157593.23742021,-25687229.777239,-263,z,z
9225,9488,-27706514.0578234,-1210211.1118484,-26496302.945975,-263,z,z
9226,9490,-14682246.31664,-947121.739707445,-13735124.5769326,-264,z,z
9227,9491,-8149973.23901314,-999739.614135636,-7150233.6248775,-264,z,z
9228,9492,-16115836.4070876,-1052357.48856383,-15063478.9185238,-264,z,z
9229,9493,-18679557.2482489,-1104975.36299202,-17574581.8852569,-264,z,z
9230,9494,-17271711.2663406,-1157593.23742021,-16114118.0289204,-264,z,z
9231,9496,-17742886.7077413,-947121.739707445,-16795764.9680339,-265,z,z
9232,9497,-18580703.2453572,-999739.614135636,-17580963.6312216,-265,z,z
9233,9498,-30784847.474177,-1052357.48856383,-29732489.9856132,-265,z,z
9234,9499,-16577130.4448803,-1104975.36299202,-15472155.0818883,-265,z,z
9235,9501,-11118980.7312915,-947121.739707445,-10171858.9915841,-266,z,z
9236,9502,-12928858.9330347,-999739.614135636,-11929119.3188991,-266,z,z
9237,9503,-9527197.90056035,-1052357.48856383,-8474840.41199652,-266,z,z
9238,9505,-21934046.1070048,-947121.739707445,-20986924.3672974,-267,z,z
9239,9506,-21381966.613626,-999739.614135636,-20382226.9994904,-267,z,z
9240,9508,-3801040.95031228,-947121.739707445,-2853919.21060483,-268,z,z
9241,9511,-13091621.2404295,-61937178.3600528,48845557.1196233,-270,z,z
9242,9512,-11411504.0843464,-60349109.684154,48937605.5998076,-270,z,z
9243,9513,-2542721.17396268,-58761041.0082553,56218319.8342926,-270,z,z
9244,9514,-985426.124641791,-57172972.3323565,56187546.2077147,-270,z,z
9245,9515,-1086543.95823377,-55584903.6564577,54498359.6982239,-270,z,z
9246,9516,-1052453.45480246,-53996834.9805589,52944381.5257564,-270,z,z
9247,9517,-1951511.32398618,-52408766.3046601,50457254.9806739,-270,z,z
9248,9518,-1447660.14751064,-50820697.6287613,49373037.4812507,-270,z,z
9249,9519,-1297572.83850322,-49232628.9528625,47935056.1143593,-270,z,z
9250,9520,-786831.850215449,-47644560.2769637,46857728.4267483,-270,z,z
9251,9521,-1616627.14630412,-46056491.6010649,44439864.4547608,-270,z,z
9252,9522,-1701557.89533702,-44468422.9251661,42766865.0298291,-270,z,z
9253,9523,-1529667.3800346,-42880354.2492673,41350686.8692327,-270,z,z
9254,9524,-1744109.46914962,-41292285.5733686,39548176.1042189,-270,z,z
9255,9525,-1433746.42629957,-39704216.8974698,38270470.4711702,-270,z,z
9256,9526,-2145454.84324105,-38116148.221571,35970693.3783299,-270,z,z
9257,9527,-536973.284720213,-36528079.5456722,35991106.260952,-270,z,z
9258,9528,-1210224.21273118,-34940010.8697734,33729786.6570422,-270,z,z
9259,9529,-1198541.74806056,-33351942.1938746,32153400.445814,-270,z,z
9260,9530,-1122151.23116608,-31763873.5179758,30641722.2868097,-270,z,z
9261,9531,-1889101.40472844,-30175804.842077,28286703.4373486,-270,z,z
9262,9532,-1032501.87331279,-28587736.1661782,27555234.2928654,-270,z,z
9263,9533,-2130343.09640152,-26999667.4902794,24869324.3938779,-270,z,z
9264,9534,-2198731.27443043,-25411598.8143806,23212867.5399502,-270,z,z
9265,9535,-1165059.23147937,-23823530.1384819,22658470.9070025,-270,z,z
9266,9536,-646624.860239138,-22235461.4625831,21588836.6023439,-270,z,z
9267,9537,-1278836.22278473,-20647392.7866843,19368556.5638995,-270,z,z
9268,9538,-1482306.13081341,-19059324.1107855,17577017.9799721,-270,z,z
9269,9539,-1370572.32272545,-17471255.4348867,16100683.1121613,-270,z,z
9270,9540,-1407967.19902709,-15883186.7589879,14475219.5599608,-270,z,z
9271,9541,-1474460.57502835,-14295118.0830891,12820657.5080608,-270,z,z
9272,9542,-2443043.45033151,-12707049.4071903,10264005.9568588,-270,z,z
9273,9543,-1315446.86070478,-11118980.7312915,9803533.87058675,-270,z,z
9274,9544,-882260.375499328,-9530912.05539274,8648651.67989342,-270,z,z
9275,9545,-1025901.5026218,-7942843.37949395,6916941.87687215,-270,z,z
9276,9546,-755928.404806377,-6354774.70359516,5598846.29878879,-270,z,z
9277,9547,-1740598.89738134,-4766706.02769637,3026107.13031504,-270,z,z
9278,9548,-1696783.06457349,-3178637.35179758,1481854.28722409,-270,z,z
9279,9549,-301471.503993038,-1590568.67589879,1289097.17190575,-270,z,z
9280,9550,-1038819.14606584,-2500,-1036319.14606584,-270,z,z
9281,9552,-905476.514630667,-635227.470359516,-270249.044271151,-271,z,z
9282,9553,-201604.855076403,-670517.885379489,468913.030303086,-271,z,z
9283,9554,-946009.079656119,-705808.300399463,-240200.779256656,-271,z,z
9284,9555,-1043082.19990441,-741098.715419436,-301983.484484979,-271,z,z
9285,9556,-1010355.31661036,-776389.130439409,-233966.186170948,-271,z,z
9286,9557,-1873450.87102673,-811679.545459382,-1061771.32556735,-271,z,z
9287,9558,-1389753.74161022,-846969.960479355,-542783.781130863,-271,z,z
9288,9559,-1245669.9249631,-882260.375499328,-363409.549463768,-271,z,z
9289,9560,-755358.576206831,-635227.470359516,-120131.105847314,-271,z,z
9290,9561,-1551962.06045195,-670517.885379489,-881444.175072462,-271,z,z
9291,9562,-1633495.57952353,-705808.300399463,-927687.279124072,-271,z,z
9292,9563,-1468480.68483322,-741098.715419436,-727381.969413783,-271,z,z
9293,9564,-1674345.09038363,-776389.130439409,-897955.959944223,-271,z,z
9294,9565,-1376396.56924759,-811679.545459382,-564717.023788206,-271,z,z
9295,9566,-2059636.64951141,-846969.960479355,-1212666.68903205,-271,z,z
9296,9567,-515494.353331404,-882260.375499328,366766.022167924,-271,z,z
9297,9568,-1161815.24422193,-635227.470359516,-526587.773862413,-271,z,z
9298,9569,-1150600.07813814,-670517.885379489,-480082.192758652,-271,z,z
9299,9570,-1077265.18191944,-705808.300399463,-371456.881519978,-271,z,z
9300,9571,-1813537.3485393,-741098.715419436,-1072438.63311987,-271,z,z
9301,9572,-991201.798380277,-776389.130439409,-214812.667940868,-271,z,z
9302,9573,-2045129.37254546,-811679.545459382,-1233449.82708608,-271,z,z
9303,9574,-2110782.02345321,-846969.960479355,-1263812.06297386,-271,z,z
9304,9575,-1118456.86222019,-882260.375499328,-236196.486720863,-271,z,z
9305,9576,-620759.865829572,-635227.470359516,14467.604529944,-271,z,z
9306,9577,-1227682.77387334,-670517.885379489,-557164.888493851,-271,z,z
9307,9578,-1423013.88558087,-705808.300399463,-717205.585181408,-271,z,z
9308,9579,-1315749.42981643,-741098.715419436,-574650.714396993,-271,z,z
9309,9580,-1351648.51106601,-776389.130439409,-575259.380626599,-271,z,z
9310,9581,-1415482.15202722,-811679.545459382,-603802.606567835,-271,z,z
9311,9582,-2345321.71231825,-846969.960479355,-1498351.75183889,-271,z,z
9312,9583,-1262828.98627659,-882260.375499328,-380568.610777265,-271,z,z
9313,9584,-846969.960479355,-635227.470359516,-211742.490119839,-271,z,z
9314,9585,-984865.442516929,-670517.885379489,-314347.55713744,-271,z,z
9315,9586,-725691.268614122,-705808.300399463,-19882.968214659,-271,z,z
9316,9587,-1670974.94148608,-741098.715419436,-929876.226066646,-271,z,z
9317,9588,-1628911.74199055,-776389.130439409,-852522.611551143,-271,z,z
9318,9589,-289412.643833317,-811679.545459382,522266.901626065,-271,z,z
9319,9590,-997266.380223204,-846969.960479355,-150296.419743849,-271,z,z
9320,9591,-869257.454045441,-882260.375499328,13002.9214538874,-271,z,z
9321,9592,-193540.660873347,-635227.470359516,441686.809486169,-271,z,z
9322,9593,-906592.034670447,-670517.885379489,-236074.149290958,-271,z,z
9323,9594,-999620.441575064,-705808.300399463,-293812.141175602,-271,z,z
9324,9595,-968257.178418259,-741098.715419436,-227158.462998823,-271,z,z
9325,9596,-1795390.41806729,-776389.130439409,-1019001.28762788,-271,z,z
9326,9597,-1331847.33570979,-811679.545459382,-520167.79025041,-271,z,z
9327,9598,-1193767.01142297,-846969.960479355,-346797.050943612,-271,z,z
9328,9599,-723885.302198213,-882260.375499328,158375.073301115,-271,z,z
9329,9600,-1487296.97459979,-635227.470359516,-852069.50424027,-271,z,z
9330,9601,-1565433.26371005,-670517.885379489,-894915.378330564,-271,z,z
9331,9602,-1407293.98963183,-705808.300399463,-701485.689232373,-271,z,z
9332,9603,-1604580.71161765,-741098.715419436,-863481.996198211,-271,z,z
9333,9604,-1319046.71219561,-776389.130439409,-542657.581756197,-271,z,z
9334,9605,-1973818.45578176,-811679.545459382,-1162138.91032238,-271,z,z
9335,9606,-494015.421942596,-846969.960479355,352954.538536759,-271,z,z
9336,9607,-1113406.27571268,-882260.375499328,-231145.900213354,-271,z,z
9337,9608,-1102658.40821572,-635227.470359516,-467430.937856203,-271,z,z
9338,9609,-1032379.1326728,-670517.885379489,-361861.247293308,-271,z,z
9339,9610,-1737973.29235017,-705808.300399463,-1032164.9919507,-271,z,z
9340,9611,-949901.723447766,-741098.715419436,-208803.00802833,-271,z,z
9341,9612,-1959915.6486894,-776389.130439409,-1183526.51824999,-271,z,z
9342,9613,-2022832.772476,-811679.545459382,-1211153.22701661,-271,z,z
9343,9614,-1071854.49296102,-846969.960479355,-224884.532481662,-271,z,z
9344,9615,-594894.871420007,-882260.375499328,287365.504079321,-271,z,z
9345,9616,-1176529.32496195,-635227.470359516,-541301.854602435,-271,z,z
9346,9617,-1363721.64034833,-670517.885379489,-693203.754968845,-271,z,z
9347,9618,-1260926.53690741,-705808.300399463,-555118.236507949,-271,z,z
9348,9619,-1295329.82310492,-741098.715419436,-554231.107685488,-271,z,z
9349,9620,-1356503.72902608,-776389.130439409,-580114.598586674,-271,z,z
9350,9621,-2247599.97430499,-811679.545459382,-1435920.4288456,-271,z,z
9351,9622,-1210211.1118484,-846969.960479355,-363241.151369046,-271,z,z
9352,9623,-811679.545459382,-882260.375499328,70580.8300399463,-271,z,z
9353,9624,-943829.382412057,-635227.470359516,-308601.912052541,-271,z,z
9354,9625,-695454.132421866,-670517.885379489,-24936.247042377,-271,z,z
9355,9626,-1601350.98559083,-705808.300399463,-895542.685191366,-271,z,z
9356,9627,-1561040.41940761,-741098.715419436,-819941.703988176,-271,z,z
9357,9628,-277353.783673595,-776389.130439409,499035.346765814,-271,z,z
9358,9629,-955713.61438057,-811679.545459382,-144034.068921188,-271,z,z
9359,9630,-833038.393460214,-846969.960479355,13931.5670191408,-271,z,z
9360,9631,-185476.466670291,-882260.375499328,696783.908829037,-271,z,z
9361,9632,-867174.989684776,-635227.470359516,-231947.519325259,-271,z,z
9362,9633,-956158.683245714,-670517.885379489,-285640.797866224,-271,z,z
9363,9634,-926159.040226161,-705808.300399463,-220350.739826698,-271,z,z
9364,9635,-1717329.96510784,-741098.715419436,-976231.249688404,-271,z,z
9365,9636,-1273940.92980937,-776389.130439409,-497551.799369957,-271,z,z
9366,9637,-1141864.09788284,-811679.545459382,-330184.552423456,-271,z,z
9367,9638,-692412.028189595,-846969.960479355,154557.93228976,-271,z,z
9368,9639,-1422631.88874762,-882260.375499328,-540371.513248294,-271,z,z
9369,9640,-1497370.94789657,-635227.470359516,-862143.477537057,-271,z,z
9370,9641,-1346107.29443045,-670517.885379489,-675589.409050961,-271,z,z
9371,9642,-1534816.33285166,-705808.300399463,-829008.0324522,-271,z,z
9372,9643,-1261696.85514362,-741098.715419436,-520598.139724187,-271,z,z
9373,9644,-1888000.26205212,-776389.130439409,-1111611.13161271,-271,z,z
9374,9645,-472536.490553787,-811679.545459382,339143.054905595,-271,z,z
9375,9646,-1064997.30720344,-846969.960479355,-218027.34672408,-271,z,z
9376,9647,-1054716.7382933,-882260.375499328,-172456.362793969,-271,z,z
9377,9648,-987493.083426154,-635227.470359516,-352265.613066637,-271,z,z
9378,9649,-1662409.23616103,-670517.885379489,-991891.350781539,-271,z,z
9379,9650,-908601.648515254,-705808.300399463,-202793.348115792,-271,z,z
9380,9651,-1874701.92483334,-741098.715419436,-1133603.2094139,-271,z,z
9381,9652,-1934883.52149878,-776389.130439409,-1158494.39105937,-271,z,z
9382,9653,-1025252.12370184,-811679.545459382,-213572.57824246,-271,z,z
9383,9654,-569029.877010441,-846969.960479355,277940.083468914,-271,z,z
9384,9655,-1125375.87605056,-882260.375499328,-243115.500551234,-271,z,z
9385,9656,-1304429.3951158,-635227.470359516,-669201.924756282,-271,z,z
9386,9657,-1206103.64399839,-670517.885379489,-535585.758618904,-271,z,z
9387,9658,-1239011.13514384,-705808.300399463,-533202.834744378,-271,z,z
9388,9659,-1297525.30602495,-741098.715419436,-556426.590605513,-271,z,z
9389,9660,-2149878.23629173,-776389.130439409,-1373489.10585232,-271,z,z
9390,9661,-1157593.23742021,-811679.545459382,-345913.691960828,-271,z,z
9391,9662,-776389.130439409,-846969.960479355,70580.8300399461,-271,z,z
9392,9663,-902793.322307185,-882260.375499328,-20532.9468078569,-271,z,z
9393,9664,-665216.996229611,-635227.470359516,-29989.525870095,-271,z,z
9394,9665,-1531727.02969558,-670517.885379489,-861209.144316086,-271,z,z
9395,9666,-1493169.09682467,-705808.300399463,-787360.79642521,-271,z,z
9396,9667,-265294.923513874,-741098.715419436,475803.791905562,-271,z,z
9397,9668,-914160.848537937,-776389.130439409,-137771.718098528,-271,z,z
9398,9669,-796819.332874988,-811679.545459382,14860.2125843945,-271,z,z
9399,9670,-177412.272467235,-846969.960479355,669557.68801212,-271,z,z
9400,9671,-827757.944699104,-882260.375499328,54502.4308002242,-271,z,z
9401,9672,-912696.924916363,-635227.470359516,-277469.454556847,-271,z,z
9402,9673,-884060.902034063,-670517.885379489,-213543.016654573,-271,z,z
9403,9674,-1639269.51214839,-705808.300399463,-933461.21174893,-271,z,z
9404,9675,-1216034.52390894,-741098.715419436,-474935.808489505,-271,z,z
9405,9676,-1089961.18434271,-776389.130439409,-313572.0539033,-271,z,z
9406,9677,-660938.754180977,-811679.545459382,150740.791278405,-271,z,z
9407,9678,-1357966.80289546,-846969.960479355,-510996.842416102,-271,z,z
9408,9679,-1429308.63208309,-882260.375499328,-547048.256583765,-271,z,z
9409,9680,-1284920.59922907,-635227.470359516,-649693.12886955,-271,z,z
9410,9681,-1465051.95408568,-670517.885379489,-794534.068706188,-271,z,z
9411,9682,-1204346.99809164,-705808.300399463,-498538.697692177,-271,z,z
9412,9683,-1802182.06832248,-741098.715419436,-1061083.35290304,-271,z,z
9413,9684,-451057.559164979,-776389.130439409,325331.57127443,-271,z,z
9414,9685,-1016588.33869419,-811679.545459382,-204908.793234806,-271,z,z
9415,9686,-1006775.06837087,-846969.960479355,-159805.107891519,-271,z,z
9416,9687,-942607.03417951,-882260.375499328,-60346.6586801822,-271,z,z
9417,9688,-1586845.17997189,-635227.470359516,-951617.709612374,-271,z,z
9418,9689,-867301.573582743,-670517.885379489,-196783.688203253,-271,z,z
9419,9690,-1789488.20097728,-705808.300399463,-1083679.90057782,-271,z,z
9420,9691,-1846934.27052156,-741098.715419436,-1105835.55510213,-271,z,z
9421,9692,-978649.754442668,-776389.130439409,-202260.624003259,-271,z,z
9422,9693,-543164.882600876,-811679.545459382,268514.662858506,-271,z,z
9423,9694,-1074222.42713917,-846969.960479355,-227252.466659818,-271,z,z
9424,9695,-1245137.14988326,-882260.375499328,-362876.774383934,-271,z,z
9425,9696,-1151280.75108938,-635227.470359516,-516053.280729859,-271,z,z
9426,9697,-1182692.44718276,-670517.885379489,-512174.561803267,-271,z,z
9427,9698,-1238546.88302381,-705808.300399463,-532738.582624352,-271,z,z
9428,9699,-2052156.49827847,-741098.715419436,-1311057.78285903,-271,z,z
9429,9700,-1104975.36299202,-776389.130439409,-328586.23255261,-271,z,z
9430,9701,-741098.715419436,-811679.545459382,70580.8300399463,-271,z,z
9431,9702,-861757.262202313,-846969.960479355,-14787.301722958,-271,z,z
9432,9703,-634979.860037356,-882260.375499328,247280.515461972,-271,z,z
9433,9704,-1462103.07380032,-635227.470359516,-826875.603440806,-271,z,z
9434,9705,-1425297.77424173,-670517.885379489,-754779.888862243,-271,z,z
9435,9706,-253236.063354152,-705808.300399463,452572.237045311,-271,z,z
9436,9707,-872608.082695303,-741098.715419436,-131509.367275867,-271,z,z
9437,9708,-760600.272289761,-776389.130439409,15788.8581496482,-271,z,z
9438,9709,-169348.078264179,-811679.545459382,642331.467195203,-271,z,z
9439,9710,-788340.899713433,-846969.960479355,58629.0607659225,-271,z,z
9440,9711,-869235.166587012,-882260.375499328,13025.2089123158,-271,z,z
9441,9712,-841962.763841964,-635227.470359516,-206735.293482448,-271,z,z
9442,9713,-1561209.05918895,-670517.885379489,-890691.173809456,-271,z,z
9443,9714,-1158128.11800851,-705808.300399463,-452319.817609052,-271,z,z
9444,9715,-1038058.27080258,-741098.715419436,-296959.555383144,-271,z,z
9445,9716,-629465.480172359,-776389.130439409,146923.65026705,-271,z,z
9446,9717,-1293301.71704329,-811679.545459382,-481622.171583911,-271,z,z
9447,9718,-1361246.31626961,-846969.960479355,-514276.355790257,-271,z,z
9448,9719,-1223733.90402768,-882260.375499328,-341473.528528354,-271,z,z
9449,9720,-1395287.57531969,-635227.470359516,-760060.104960177,-271,z,z
9450,9721,-1146997.14103966,-670517.885379489,-476479.255660168,-271,z,z
9451,9722,-1716363.87459284,-705808.300399463,-1010555.57419337,-271,z,z
9452,9723,-429578.62777617,-741098.715419436,311520.087643265,-271,z,z
9453,9724,-968179.370184941,-776389.130439409,-191790.239745532,-271,z,z
9454,9725,-958833.398448452,-811679.545459382,-147153.85298907,-271,z,z
9455,9726,-897720.984932867,-846969.960479355,-50751.0244535121,-271,z,z
9456,9727,-1511281.12378275,-882260.375499328,-629020.748283425,-271,z,z
9457,9728,-826001.498650231,-635227.470359516,-190774.028290715,-271,z,z
9458,9729,-1704274.47712122,-670517.885379489,-1033756.59174173,-271,z,z
9459,9730,-1758985.01954434,-705808.300399463,-1053176.71914488,-271,z,z
9460,9731,-932047.385183493,-741098.715419436,-190948.669764057,-271,z,z
9461,9732,-517299.88819131,-776389.130439409,259089.242248099,-271,z,z
9462,9733,-1023068.97822778,-811679.545459382,-211389.432768402,-271,z,z
9463,9734,-1185844.90465073,-846969.960479355,-338874.944171371,-271,z,z
9464,9735,-1096457.85818036,-882260.375499328,-214197.482681029,-271,z,z
9465,9736,-1126373.75922167,-635227.470359516,-491146.288862157,-271,z,z
9466,9737,-1179568.46002268,-670517.885379489,-509050.574643191,-271,z,z
9467,9738,-1954434.76026521,-705808.300399463,-1248626.45986574,-271,z,z
9468,9739,-1052357.48856383,-741098.715419436,-311258.773144392,-271,z,z
9469,9740,-705808.300399463,-776389.130439409,70580.8300399464,-271,z,z
9470,9741,-820721.202097441,-811679.545459382,-9041.65663805907,-271,z,z
9471,9742,-604742.723845101,-846969.960479355,242227.236634254,-271,z,z
9472,9743,-1392479.11790507,-882260.375499328,-510218.74240574,-271,z,z
9473,9744,-1357426.45165879,-635227.470359516,-722198.981299277,-271,z,z
9474,9745,-241177.20319443,-670517.885379489,429340.682185059,-271,z,z
9475,9746,-831055.31685267,-705808.300399463,-125247.016453207,-271,z,z
9476,9747,-724381.211704534,-741098.715419436,16717.5037149016,-271,z,z
9477,9748,-161283.884061122,-776389.130439409,615105.246378287,-271,z,z
9478,9749,-748923.854727761,-811679.545459382,62755.6907316211,-271,z,z
9479,9750,-825773.408257662,-846969.960479355,21196.5522216932,-271,z,z
9480,9751,-799864.625649866,-882260.375499328,82395.7498494621,-271,z,z
9481,9752,-1483148.6062295,-635227.470359516,-847921.135869981,-271,z,z
9482,9753,-1100221.71210809,-670517.885379489,-429703.8267286,-271,z,z
9483,9754,-986155.357262451,-705808.300399463,-280347.056862988,-271,z,z
9484,9755,-597992.206163741,-741098.715419436,143106.509255695,-271,z,z
9485,9756,-1228636.63119113,-776389.130439409,-452247.500751719,-271,z,z
9486,9757,-1293184.00045613,-811679.545459382,-481504.454996749,-271,z,z
9487,9758,-1162547.2088263,-846969.960479355,-315577.248346943,-271,z,z
9488,9759,-1325523.19655371,-882260.375499328,-443262.82105438,-271,z,z
9489,9760,-1089647.28398767,-635227.470359516,-454419.813628158,-271,z,z
9490,9761,-1630545.6808632,-670517.885379489,-960027.795483706,-271,z,z
9491,9762,-408099.696387362,-705808.300399463,297708.604012101,-271,z,z
9492,9763,-919770.401675694,-741098.715419436,-178671.686256258,-271,z,z
9493,9764,-910891.728526029,-776389.130439409,-134502.59808662,-271,z,z
9494,9765,-852834.935686224,-811679.545459382,-41155.3902268418,-271,z,z
9495,9766,-1435717.06759362,-846969.960479355,-588747.107114261,-271,z,z
9496,9767,-784701.42371772,-882260.375499328,97558.9517816088,-271,z,z
9497,9768,-1619060.75326516,-635227.470359516,-983833.28290564,-271,z,z
9498,9769,-1671035.76856713,-670517.885379489,-1000517.88318764,-271,z,z
9499,9770,-885445.015924318,-705808.300399463,-179636.715524856,-271,z,z
9500,9771,-491434.893781745,-741098.715419436,249663.821637691,-271,z,z
9501,9772,-971915.529316395,-776389.130439409,-195526.398876986,-271,z,z
9502,9773,-1126552.65941819,-811679.545459382,-314873.113958807,-271,z,z
9503,9774,-1041634.96527134,-846969.960479355,-194665.004791985,-271,z,z
9504,9775,-1070055.07126059,-882260.375499328,-187794.695761261,-271,z,z
9505,9776,-1120590.03702155,-635227.470359516,-485362.56666203,-271,z,z
9506,9777,-1856713.02225194,-670517.885379489,-1186195.13687246,-271,z,z
9507,9778,-999739.614135636,-705808.300399463,-293931.313736174,-271,z,z
9508,9779,-670517.885379489,-741098.715419436,70580.8300399463,-271,z,z
9509,9780,-779685.141992569,-776389.130439409,-3296.01155316003,-271,z,z
9510,9781,-574505.587652846,-811679.545459382,237173.957806536,-271,z,z
9511,9782,-1322855.16200982,-846969.960479355,-475885.20153046,-271,z,z
9512,9783,-1289555.12907585,-882260.375499328,-407294.753576525,-271,z,z
9513,9784,-229118.343034709,-635227.470359516,406109.127324808,-271,z,z
9514,9785,-789502.551010036,-670517.885379489,-118984.665630547,-271,z,z
9515,9786,-688162.151119307,-705808.300399463,17646.1492801552,-271,z,z
9516,9787,-153219.689858066,-741098.715419436,587879.025561369,-271,z,z
9517,9788,-709506.809742089,-776389.130439409,66882.3206973197,-271,z,z
9518,9789,-782311.649928311,-811679.545459382,29367.8955310708,-271,z,z
9519,9790,-757766.487457768,-846969.960479355,89203.4730215871,-271,z,z
9520,9791,-1405088.15327005,-882260.375499328,-522827.777770722,-271,z,z
9521,9792,-1042315.30620766,-635227.470359516,-407087.835848147,-271,z,z
9522,9793,-934252.443722322,-670517.885379489,-263734.558342832,-271,z,z
9523,9794,-566518.932155123,-705808.300399463,139289.368244339,-271,z,z
9524,9795,-1163971.54533896,-741098.715419436,-422872.829919528,-271,z,z
9525,9796,-1225121.68464265,-776389.130439409,-448732.554203242,-271,z,z
9526,9797,-1101360.51362491,-811679.545459382,-289680.968165532,-271,z,z
9527,9798,-1255758.81778772,-846969.960479355,-408788.857308369,-271,z,z
9528,9800,-1032297.42693569,-635227.470359516,-397069.956576175,-272,z,z
9529,9801,-1544727.48713355,-670517.885379489,-874209.601754064,-272,z,z
9530,9802,-386620.764998553,-705808.300399463,319187.535400909,-272,z,z
9531,9803,-871361.433166447,-741098.715419436,-130262.717747011,-272,z,z
9532,9804,-862950.058603606,-776389.130439409,-86560.9281641975,-272,z,z
9533,9805,-807948.88643958,-811679.545459382,3730.65901980153,-272,z,z
9534,9807,-1360153.01140448,-635227.470359516,-724925.541044962,-273,z,z
9535,9808,-743401.348785208,-670517.885379489,-72883.4634057185,-273,z,z
9536,9809,-1533847.0294091,-705808.300399463,-828038.729009633,-273,z,z
9537,9810,-1583086.51758991,-741098.715419436,-841987.802170475,-273,z,z
9538,9811,-838842.646665144,-776389.130439409,-62453.5162257347,-273,z,z
9539,9813,-465569.899372179,-635227.470359516,169657.570987337,-274,z,z
9540,9814,-920762.080405006,-670517.885379489,-250244.195025516,-274,z,z
9541,9815,-1067260.41418565,-705808.300399463,-361452.113786191,-274,z,z
9542,9816,-986812.072362322,-741098.715419436,-245713.356942886,-274,z,z
9543,9818,-1013736.38329951,-635227.470359516,-378508.912939989,-275,z,z
9544,9819,-1061611.61402041,-670517.885379489,-391093.728640923,-275,z,z
9545,9820,-1758991.28423868,-705808.300399463,-1053182.98383922,-275,z,z
9546,9822,-947121.739707445,-635227.470359516,-311894.269347928,-276,z,z
9547,9823,-635227.470359516,-670517.885379489,35290.4150199731,-276,z,z
9548,9825,-738649.081887697,-635227.470359516,-103421.611528181,-277,z,z
9549,9828,-544268.451460591,-72020785.4840504,71476517.0325899,-279,z,z
9550,9829,-1253231.20611456,-70174162.7793312,68920931.5732166,-279,z,z
9551,9830,-1221683.80649291,-68327540.074612,67105856.2681191,-279,z,z
9552,9831,-217059.482874987,-66480917.3698927,66263857.8870177,-279,z,z
9553,9832,-747949.785167403,-64634294.6651735,63886344.8800061,-279,z,z
9554,9833,-651943.090534081,-62787671.9604542,62135728.8699202,-279,z,z
9555,9834,-145155.49565501,-60941049.255735,60795893.76008,-279,z,z
9556,9835,-10645102.1461313,-59094426.5510158,48449324.4048844,-279,z,z
9557,9836,-11737174.7489247,-57247803.8462965,45510629.0973718,-279,z,z
9558,9837,-11368997.3118665,-55401181.1415773,44032183.8297108,-279,z,z
9559,9838,-21078822.2990508,-53554558.436858,32475736.1378073,-279,z,z
9560,9839,-15637229.5931149,-51707935.7321388,36070706.1390238,-279,z,z
9561,9840,-14016286.6558348,-49861313.0274195,35845026.3715847,-279,z,z
9562,9841,-8500283.98232684,-48014690.3227003,39514406.3403735,-279,z,z
9563,9842,-17462073.1800844,-46168067.6179811,28705994.4378966,-279,z,z
9564,9843,-18379325.2696398,-44321444.9132618,25942119.6436221,-279,z,z
9565,9844,-16522907.7043737,-42474822.2085426,25951914.5041689,-279,z,z
9566,9845,-18838882.2668159,-40628199.5038233,21789317.2370075,-279,z,z
9567,9846,-15486961.4040354,-38781576.7991041,23294615.3950687,-279,z,z
9568,9847,-23173412.3070033,-36934954.0943848,13761541.7873815,-279,z,z
9569,9848,-5801811.4749783,-35088331.3896656,29286519.9146873,-279,z,z
9570,9849,-13072921.4974967,-33241708.6849464,20168787.1874497,-279,z,z
9571,9850,-12946750.8790541,-31395085.9802271,18448335.101173,-279,z,z
9572,9851,-12121733.2965937,-29548463.2755079,17426729.9789142,-279,z,z
9573,9852,-20404795.1710672,-27701840.5707886,7297045.39972147,-279,z,z
9574,9853,-11153520.2317781,-25855217.8660694,14701697.6342913,-279,z,z
9575,9854,-23010205.4411364,-24008595.1613502,998389.720213722,-279,z,z
9576,9855,-23748797.7638487,-22161972.4566309,-1586825.30721775,-279,z,z
9577,9856,-12585139.6999772,-20315349.7519117,7730210.05193451,-279,z,z
9578,9857,-6986048.49058269,-18468727.0471924,11482678.5566097,-279,z,z
9579,9858,-13813931.2060751,-16622104.3424732,2808173.1363981,-279,z,z
9580,9859,-16011406.2127848,-14775481.6377539,-1235924.57503086,-279,z,z
9581,9860,-14804681.0854348,-12928858.9330347,-1875822.15240013,-279,z,z
9582,9861,-15208545.7494926,-11082236.2283155,-4126309.52117713,-279,z,z
9583,9862,-15926674.2103062,-9235613.52359621,-6691060.68670998,-279,z,z
9584,9863,-26387369.2635803,-7388990.81887697,-18998378.4447033,-279,z,z
9585,9864,-14209326.0956117,-5542368.11415773,-8666957.98145394,-279,z,z
9586,9865,-9530912.05539274,-3695745.40943848,-5835166.64595426,-279,z,z
9587,9866,-11082236.2283155,-1849122.70471924,-9233113.52359621,-279,z,z
9588,9867,-8166526.77190887,-2500,-8164026.77190887,-279,z,z
9589,9869,-18800968.0917184,-738649.081887697,-18062319.0098307,-280,z,z
9590,9870,-18327757.0973937,-779685.141992569,-17548071.9554011,-280,z,z
9591,9871,-3258392.24312481,-820721.202097441,-2437671.04102737,-280,z,z
9592,9872,-11221746.777511,-861757.262202313,-10359989.5153087,-280,z,z
9593,9873,-9781646.35801121,-902793.322307185,-8878853.03570402,-280,z,z
9594,9874,-2179832.43482515,-943829.382412057,-1236003.0524131,-280,z,z
9595,9875,-985426.124641791,-984865.442516929,-560.6821248614,-280,z,z
9596,9876,-1086543.95823377,-1025901.5026218,-60642.4556119642,-280,z,z
9597,9877,-1052453.45480246,-738649.081887697,-313804.372914759,-280,z,z
9598,9878,-1951511.32398618,-779685.141992569,-1171826.18199361,-280,z,z
9599,9879,-1447660.14751064,-820721.202097441,-626938.945413203,-280,z,z
9600,9880,-1297572.83850322,-861757.262202313,-435815.576300912,-280,z,z
9601,9881,-786831.850215449,-902793.322307185,115961.472091736,-280,z,z
9602,9882,-1616627.14630412,-943829.382412057,-672797.763892059,-280,z,z
9603,9883,-1701557.89533702,-984865.442516929,-716692.452820086,-280,z,z
9604,9884,-1529667.3800346,-1025901.5026218,-503765.877412802,-280,z,z
9605,9885,-1744109.46914962,-738649.081887697,-1005460.38726192,-280,z,z
9606,9886,-1433746.42629957,-779685.141992569,-654061.284307002,-280,z,z
9607,9887,-2145454.84324105,-820721.202097441,-1324733.64114361,-280,z,z
9608,9888,-536973.284720213,-861757.262202313,324783.9774821,-280,z,z
9609,9889,-1210224.21273118,-902793.322307185,-307430.890423991,-280,z,z
9610,9890,-1198541.74806056,-943829.382412057,-254712.365648507,-280,z,z
9611,9891,-1122151.23116608,-984865.442516929,-137285.788649155,-280,z,z
9612,9892,-1889101.40472844,-1025901.5026218,-863199.90210664,-280,z,z
9613,9893,-1032501.87331279,-738649.081887697,-293852.791425092,-280,z,z
9614,9894,-2130343.09640152,-779685.141992569,-1350657.95440895,-280,z,z
9615,9895,-2198731.27443043,-820721.202097441,-1378010.07233299,-280,z,z
9616,9896,-1165059.23147937,-861757.262202313,-303301.969277053,-280,z,z
9617,9897,-646624.860239138,-902793.322307185,256168.462068047,-280,z,z
9618,9898,-1278836.22278473,-943829.382412057,-335006.840372673,-280,z,z
9619,9899,-1482306.13081341,-984865.442516929,-497440.688296478,-280,z,z
9620,9900,-1370572.32272545,-1025901.5026218,-344670.820103646,-280,z,z
9621,9901,-1407967.19902709,-738649.081887697,-669318.117139394,-280,z,z
9622,9902,-1474460.57502835,-779685.141992569,-694775.433035782,-280,z,z
9623,9903,-2443043.45033151,-820721.202097441,-1622322.24823407,-280,z,z
9624,9904,-1315446.86070478,-861757.262202313,-453689.598502471,-280,z,z
9625,9905,-882260.375499328,-902793.322307185,20532.9468078569,-280,z,z
9626,9906,-1025901.5026218,-943829.382412057,-82072.120209744,-280,z,z
9627,9907,-755928.404806377,-984865.442516929,228937.037710553,-280,z,z
9628,9908,-1740598.89738134,-1025901.5026218,-714697.394759534,-280,z,z
9629,9909,-1696783.06457349,-738649.081887697,-958133.982685794,-280,z,z
9630,9910,-301471.503993038,-779685.141992569,478213.637999531,-280,z,z
9631,9911,-1038819.14606584,-820721.202097441,-218097.943968396,-280,z,z
9632,9912,-905476.514630667,-861757.262202313,-43719.2524283545,-280,z,z
9633,9913,-201604.855076403,-902793.322307185,701188.467230782,-280,z,z
9634,9914,-946009.079656119,-943829.382412057,-2179.69724406174,-280,z,z
9635,9915,-1043082.19990441,-984865.442516929,-58216.7573874857,-280,z,z
9636,9916,-1010355.31661036,-1025901.5026218,15546.186011444,-280,z,z
9637,9917,-1873450.87102673,-738649.081887697,-1134801.78913904,-280,z,z
9638,9918,-1389753.74161022,-779685.141992569,-610068.599617649,-280,z,z
9639,9919,-1245669.9249631,-820721.202097441,-424948.722865655,-280,z,z
9640,9920,-755358.576206831,-861757.262202313,106398.685995482,-280,z,z
9641,9921,-1551962.06045195,-902793.322307185,-649168.738144766,-280,z,z
9642,9922,-1633495.57952353,-943829.382412057,-689666.197111477,-280,z,z
9643,9923,-1468480.68483322,-984865.442516929,-483615.24231629,-280,z,z
9644,9924,-1674345.09038363,-1025901.5026218,-648443.587761831,-280,z,z
9645,9925,-1376396.56924759,-738649.081887697,-637747.487359891,-280,z,z
9646,9926,-2059636.64951141,-779685.141992569,-1279951.50751884,-280,z,z
9647,9927,-515494.353331404,-820721.202097441,305226.848766037,-280,z,z
9648,9928,-1161815.24422193,-861757.262202313,-300057.982019616,-280,z,z
9649,9929,-1150600.07813814,-902793.322307185,-247806.755830957,-280,z,z
9650,9930,-1077265.18191944,-943829.382412057,-133435.799507383,-280,z,z
9651,9931,-1813537.3485393,-984865.442516929,-828671.906022374,-280,z,z
9652,9932,-991201.798380277,-1025901.5026218,34699.704241524,-280,z,z
9653,9933,-2045129.37254546,-738649.081887697,-1306480.29065776,-280,z,z
9654,9934,-2110782.02345321,-779685.141992569,-1331096.88146065,-280,z,z
9655,9935,-1118456.86222019,-820721.202097441,-297735.66012275,-280,z,z
9656,9936,-620759.865829572,-861757.262202313,240997.396372741,-280,z,z
9657,9937,-1227682.77387334,-902793.322307185,-324889.451566156,-280,z,z
9658,9938,-1423013.88558087,-943829.382412057,-479184.503168813,-280,z,z
9659,9939,-1315749.42981643,-984865.442516929,-330883.9872995,-280,z,z
9660,9940,-1351648.51106601,-1025901.5026218,-325747.008444206,-280,z,z
9661,9941,-1415482.15202722,-738649.081887697,-676833.07013952,-280,z,z
9662,9942,-2345321.71231825,-779685.141992569,-1565636.57032568,-280,z,z
9663,9943,-1262828.98627659,-820721.202097441,-442107.784179152,-280,z,z
9664,9944,-846969.960479355,-861757.262202313,14787.301722958,-280,z,z
9665,9945,-984865.442516929,-902793.322307185,-82072.1202097441,-280,z,z
9666,9946,-725691.268614122,-943829.382412057,218138.113797936,-280,z,z
9667,9947,-1670974.94148608,-984865.442516929,-686109.498969153,-280,z,z
9668,9948,-1628911.74199055,-1025901.5026218,-603010.23936875,-280,z,z
9669,9949,-289412.643833317,-738649.081887697,449236.43805438,-280,z,z
9670,9950,-997266.380223204,-779685.141992569,-217581.238230635,-280,z,z
9671,9951,-869257.454045441,-820721.202097441,-48536.2519479998,-280,z,z
9672,9952,-193540.660873347,-861757.262202313,668216.601328966,-280,z,z
9673,9953,-906592.034670447,-902793.322307185,-3798.7123632622,-280,z,z
9674,9954,-999620.441575064,-943829.382412057,-55791.0591630071,-280,z,z
9675,9955,-968257.178418259,-984865.442516929,16608.2640986702,-280,z,z
9676,9956,-1795390.41806729,-1025901.5026218,-769488.915445486,-280,z,z
9677,9957,-1331847.33570979,-738649.081887697,-593198.253822095,-280,z,z
9678,9958,-1193767.01142297,-779685.141992569,-414081.869430398,-280,z,z
9679,9959,-723885.302198213,-820721.202097441,96835.8998992281,-280,z,z
9680,9960,-1487296.97459979,-861757.262202313,-625539.712397474,-280,z,z
9681,9961,-1565433.26371005,-902793.322307185,-662639.941402869,-280,z,z
9682,9962,-1407293.98963183,-943829.382412057,-463464.607219778,-280,z,z
9683,9963,-1604580.71161765,-984865.442516929,-619715.269100718,-280,z,z
9684,9964,-1319046.71219561,-1025901.5026218,-293145.209573804,-280,z,z
9685,9965,-1973818.45578176,-738649.081887697,-1235169.37389407,-280,z,z
9686,9966,-494015.421942596,-779685.141992569,285669.720049973,-280,z,z
9687,9967,-1113406.27571268,-820721.202097441,-292685.073615241,-280,z,z
9688,9968,-1102658.40821572,-861757.262202313,-240901.146013406,-280,z,z
9689,9969,-1032379.1326728,-902793.322307185,-129585.810365612,-280,z,z
9690,9970,-1737973.29235017,-943829.382412057,-794143.909938109,-280,z,z
9691,9971,-949901.723447766,-984865.442516929,34963.7190691636,-280,z,z
9692,9972,-1959915.6486894,-1025901.5026218,-934014.146067598,-280,z,z
9693,9973,-2022832.772476,-738649.081887697,-1284183.6905883,-280,z,z
9694,9974,-1071854.49296102,-779685.141992569,-292169.350968448,-280,z,z
9695,9975,-594894.871420007,-820721.202097441,225826.330677434,-280,z,z
9696,9976,-1176529.32496195,-861757.262202313,-314772.062759639,-280,z,z
9697,9977,-1363721.64034833,-902793.322307185,-460928.318041149,-280,z,z
9698,9978,-1260926.53690741,-943829.382412057,-317097.154495354,-280,z,z
9699,9979,-1295329.82310492,-984865.442516929,-310464.380587995,-280,z,z
9700,9980,-1356503.72902608,-1025901.5026218,-330602.226404282,-280,z,z
9701,9981,-2247599.97430499,-738649.081887697,-1508950.89241729,-280,z,z
9702,9982,-1210211.1118484,-779685.141992569,-430525.969855833,-280,z,z
9703,9983,-811679.545459382,-820721.202097441,9041.65663805907,-280,z,z
9704,9984,-943829.382412057,-861757.262202313,-82072.1202097442,-280,z,z
9705,9985,-695454.132421866,-902793.322307185,207339.189885319,-280,z,z
9706,9986,-1601350.98559083,-943829.382412057,-657521.603178772,-280,z,z
9707,9987,-1561040.41940761,-984865.442516929,-576174.976890683,-280,z,z
9708,9988,-277353.783673595,-1025901.5026218,748547.718948206,-280,z,z
9709,9989,-955713.61438057,-738649.081887697,-217064.532492873,-280,z,z
9710,9990,-833038.393460214,-779685.141992569,-53353.2514676453,-280,z,z
9711,9991,-185476.466670291,-820721.202097441,635244.73542715,-280,z,z
9712,9992,-867174.989684776,-861757.262202313,-5417.72748246265,-280,z,z
9713,9993,-956158.683245714,-902793.322307185,-53365.3609385286,-280,z,z
9714,9994,-926159.040226161,-943829.382412057,17670.3421858965,-280,z,z
9715,9995,-1717329.96510784,-984865.442516929,-732464.522590911,-280,z,z
9716,9996,-1273940.92980937,-1025901.5026218,-248039.427187565,-280,z,z
9717,9997,-1141864.09788284,-738649.081887697,-403215.015995141,-280,z,z
9718,9998,-692412.028189595,-779685.141992569,87273.113802974,-280,z,z
9719,9999,-1422631.88874762,-820721.202097441,-601910.686650181,-280,z,z
9720,10000,-1497370.94789657,-861757.262202313,-635613.68569426,-280,z,z
9721,10001,-1346107.29443045,-902793.322307185,-443313.972123266,-280,z,z
9722,10002,-1534816.33285166,-943829.382412057,-590986.950439605,-280,z,z
9723,10003,-1261696.85514362,-984865.442516929,-276831.412626693,-280,z,z
9724,10004,-1888000.26205212,-1025901.5026218,-862098.75943032,-280,z,z
9725,10005,-472536.490553787,-738649.081887697,266112.59133391,-280,z,z
9726,10006,-1064997.30720344,-779685.141992569,-285312.165210866,-280,z,z
9727,10007,-1054716.7382933,-820721.202097441,-233995.536195856,-280,z,z
9728,10008,-987493.083426154,-861757.262202313,-125735.821223841,-280,z,z
9729,10009,-1662409.23616103,-902793.322307185,-759615.913853844,-280,z,z
9730,10010,-908601.648515254,-943829.382412057,35227.7338968031,-280,z,z
9731,10011,-1874701.92483334,-984865.442516929,-889836.482316409,-280,z,z
9732,10012,-1934883.52149878,-1025901.5026218,-908982.018876979,-280,z,z
9733,10013,-1025252.12370184,-738649.081887697,-286603.041814145,-280,z,z
9734,10014,-569029.877010441,-779685.141992569,210655.264982128,-280,z,z
9735,10015,-1125375.87605056,-820721.202097441,-304654.673953121,-280,z,z
9736,10016,-1304429.3951158,-861757.262202313,-442672.132913485,-280,z,z
9737,10017,-1206103.64399839,-902793.322307185,-303310.321691208,-280,z,z
9738,10018,-1239011.13514384,-943829.382412057,-295181.752731783,-280,z,z
9739,10019,-1297525.30602495,-984865.442516929,-312659.86350802,-280,z,z
9740,10020,-2149878.23629173,-1025901.5026218,-1123976.73366992,-280,z,z
9741,10021,-1157593.23742021,-738649.081887697,-418944.155532513,-280,z,z
9742,10022,-776389.130439409,-779685.141992569,3296.01155316003,-280,z,z
9743,10023,-902793.322307185,-820721.202097441,-82072.1202097441,-280,z,z
9744,10024,-665216.996229611,-861757.262202313,196540.265972702,-280,z,z
9745,10025,-1531727.02969558,-902793.322307185,-628933.70738839,-280,z,z
9746,10026,-1493169.09682467,-943829.382412057,-549339.714412615,-280,z,z
9747,10027,-265294.923513874,-984865.442516929,719570.519003056,-280,z,z
9748,10028,-914160.848537937,-1025901.5026218,111740.654083865,-280,z,z
9749,10029,-796819.332874988,-738649.081887697,-58170.2509872905,-280,z,z
9750,10030,-177412.272467235,-779685.141992569,602272.869525334,-280,z,z
9751,10031,-827757.944699104,-820721.202097441,-7036.74260166299,-280,z,z
9752,10032,-912696.924916363,-861757.262202313,-50939.66271405,-280,z,z
9753,10033,-884060.902034063,-902793.322307185,18732.4202731226,-280,z,z
9754,10034,-1639269.51214839,-943829.382412057,-695440.129736335,-280,z,z
9755,10035,-1216034.52390894,-984865.442516929,-231169.081392011,-280,z,z
9756,10036,-1089961.18434271,-1025901.5026218,-64059.6817209076,-280,z,z
9757,10037,-660938.754180977,-738649.081887697,77710.32770672,-280,z,z
9758,10038,-1357966.80289546,-779685.141992569,-578281.660902888,-280,z,z
9759,10039,-1429308.63208309,-820721.202097441,-608587.429985652,-280,z,z
9760,10040,-1284920.59922907,-861757.262202313,-423163.337026754,-280,z,z
9761,10041,-1465051.95408568,-902793.322307185,-562258.631778493,-280,z,z
9762,10042,-1204346.99809164,-943829.382412057,-260517.615679583,-280,z,z
9763,10043,-1802182.06832248,-984865.442516929,-817316.62580555,-280,z,z
9764,10044,-451057.559164979,-1025901.5026218,574843.943456822,-280,z,z
9765,10045,-1016588.33869419,-738649.081887697,-277939.256806491,-280,z,z
9766,10046,-1006775.06837087,-779685.141992569,-227089.926378305,-280,z,z
9767,10047,-942607.03417951,-820721.202097441,-121885.832082069,-280,z,z
9768,10048,-1586845.17997189,-861757.262202313,-725087.917769578,-280,z,z
9769,10049,-867301.573582743,-902793.322307185,35491.7487244426,-280,z,z
9770,10050,-1789488.20097728,-943829.382412057,-845658.818565221,-280,z,z
9771,10051,-1846934.27052156,-984865.442516929,-862068.828004633,-280,z,z
9772,10052,-978649.754442668,-1025901.5026218,47251.7481791336,-280,z,z
9773,10053,-543164.882600876,-738649.081887697,195484.199286821,-280,z,z
9774,10054,-1074222.42713917,-779685.141992569,-294537.285146604,-280,z,z
9775,10055,-1245137.14988326,-820721.202097441,-424415.947785821,-280,z,z
9776,10056,-1151280.75108938,-861757.262202313,-289523.488887063,-280,z,z
9777,10057,-1182692.44718276,-902793.322307185,-279899.124875571,-280,z,z
9778,10058,-1238546.88302381,-943829.382412057,-294717.500611758,-280,z,z
9779,10059,-2052156.49827847,-984865.442516929,-1067291.05576154,-280,z,z
9780,10060,-1104975.36299202,-1025901.5026218,-79073.8603702176,-280,z,z
9781,10061,-741098.715419436,-738649.081887697,-2449.63353173877,-280,z,z
9782,10062,-861757.262202313,-779685.141992569,-82072.1202097441,-280,z,z
9783,10063,-634979.860037356,-820721.202097441,185741.342060085,-280,z,z
9784,10064,-1462103.07380032,-861757.262202313,-600345.811598009,-280,z,z
9785,10065,-1425297.77424173,-902793.322307185,-522504.451934548,-280,z,z
9786,10066,-253236.063354152,-943829.382412057,690593.319057905,-280,z,z
9787,10067,-872608.082695303,-984865.442516929,112257.359821626,-280,z,z
9788,10068,-760600.272289761,-1025901.5026218,265301.23033204,-280,z,z
9789,10069,-169348.078264179,-738649.081887697,569301.003623518,-280,z,z
9790,10070,-788340.899713433,-779685.141992569,-8655.75772086356,-280,z,z
9791,10071,-869235.166587012,-820721.202097441,-48513.9644895714,-280,z,z
9792,10072,-841962.763841964,-861757.262202313,19794.4983603486,-280,z,z
9793,10073,-1561209.05918895,-902793.322307185,-658415.73688176,-280,z,z
9794,10074,-1158128.11800851,-943829.382412057,-214298.735596458,-280,z,z
9795,10075,-1038058.27080258,-984865.442516929,-53192.8282856505,-280,z,z
9796,10076,-629465.480172359,-1025901.5026218,396436.022449442,-280,z,z
9797,10077,-1293301.71704329,-738649.081887697,-554652.635155596,-280,z,z
9798,10078,-1361246.31626961,-779685.141992569,-581561.174277043,-280,z,z
9799,10079,-1223733.90402768,-820721.202097441,-403012.701930242,-280,z,z
9800,10080,-1395287.57531969,-861757.262202313,-533530.31311738,-280,z,z
9801,10081,-1146997.14103966,-902793.322307185,-244203.818732472,-280,z,z
9802,10082,-1716363.87459284,-943829.382412057,-772534.49218078,-280,z,z
9803,10083,-429578.62777617,-984865.442516929,555286.814740759,-280,z,z
9804,10084,-968179.370184941,-1025901.5026218,57722.13243686,-280,z,z
9805,10085,-958833.398448452,-738649.081887697,-220184.316560755,-280,z,z
9806,10086,-897720.984932867,-779685.141992569,-118035.842940298,-280,z,z
9807,10087,-1511281.12378275,-820721.202097441,-690559.921685312,-280,z,z
9808,10088,-826001.498650231,-861757.262202313,35755.763552082,-280,z,z
9809,10089,-1704274.47712122,-902793.322307185,-801481.154814032,-280,z,z
9810,10090,-1758985.01954434,-943829.382412057,-815155.637132288,-280,z,z
9811,10091,-932047.385183493,-984865.442516929,52818.0573334363,-280,z,z
9812,10092,-517299.88819131,-1025901.5026218,508601.614430491,-280,z,z
9813,10093,-1023068.97822778,-738649.081887697,-284419.896340087,-280,z,z
9814,10094,-1185844.90465073,-779685.141992569,-406159.762658157,-280,z,z
9815,10095,-1096457.85818036,-820721.202097441,-275736.656082917,-280,z,z
9816,10096,-1126373.75922167,-861757.262202313,-264616.49701936,-280,z,z
9817,10097,-1179568.46002268,-902793.322307185,-276775.137715496,-280,z,z
9818,10098,-1954434.76026521,-943829.382412057,-1010605.37785315,-280,z,z
9819,10099,-1052357.48856383,-984865.442516929,-67492.0460468981,-280,z,z
9820,10100,-705808.300399463,-1025901.5026218,320093.202222339,-280,z,z
9821,10101,-820721.202097441,-738649.081887697,-82072.1202097441,-280,z,z
9822,10102,-604742.723845101,-779685.141992569,174942.418147468,-280,z,z
9823,10103,-1392479.11790507,-820721.202097441,-571757.915807628,-280,z,z
9824,10104,-1357426.45165879,-861757.262202313,-495669.18945648,-280,z,z
9825,10105,-241177.20319443,-902793.322307185,661616.119112755,-280,z,z
9826,10106,-831055.31685267,-943829.382412057,112774.065559388,-280,z,z
9827,10107,-724381.211704534,-984865.442516929,260484.230812395,-280,z,z
9828,10108,-161283.884061122,-1025901.5026218,864617.618560679,-280,z,z
9829,10109,-748923.854727761,-738649.081887697,-10274.7728400639,-280,z,z
9830,10110,-825773.408257662,-779685.141992569,-46088.2662650929,-280,z,z
9831,10111,-799864.625649866,-820721.202097441,20856.5764475749,-280,z,z
9832,10112,-1483148.6062295,-861757.262202313,-621391.344027185,-280,z,z
9833,10113,-1100221.71210809,-902793.322307185,-197428.389800904,-280,z,z
9834,10114,-986155.357262451,-943829.382412057,-42325.9748503936,-280,z,z
9835,10115,-597992.206163741,-984865.442516929,386873.236353188,-280,z,z
9836,10117,-1228636.63119113,-738649.081887697,-489987.549303431,-281,z,z
9837,10118,-1293184.00045613,-779685.141992569,-513498.858463563,-281,z,z
9838,10119,-1162547.2088263,-820721.202097441,-341826.006728857,-281,z,z
9839,10120,-1325523.19655371,-861757.262202313,-463765.934351395,-281,z,z
9840,10121,-1089647.28398767,-902793.322307185,-186853.961680489,-281,z,z
9841,10122,-1630545.6808632,-943829.382412057,-686716.298451138,-281,z,z
9842,10124,-408099.696387362,-738649.081887697,330549.385500335,-282,z,z
9843,10125,-919770.401675694,-779685.141992569,-140085.259683125,-282,z,z
9844,10126,-910891.728526029,-820721.202097441,-90170.5264285879,-282,z,z
9845,10127,-852834.935686224,-861757.262202313,8922.32651608926,-282,z,z
9846,10128,-1435717.06759362,-902793.322307185,-532923.745286431,-282,z,z
9847,10130,-784701.42371772,-738649.081887697,-46052.3418300225,-283,z,z
9848,10131,-1619060.75326516,-779685.141992569,-839375.611272587,-283,z,z
9849,10132,-1671035.76856713,-820721.202097441,-850314.566469687,-283,z,z
9850,10133,-885445.015924318,-861757.262202313,-23687.7537220053,-283,z,z
9851,10135,-491434.893781745,-738649.081887697,247214.188105952,-284,z,z
9852,10136,-971915.529316395,-779685.141992569,-192230.387323826,-284,z,z
9853,10137,-1126552.65941819,-820721.202097441,-305831.457320748,-284,z,z
9854,10139,-1041634.96527134,-738649.081887697,-302985.883383643,-285,z,z
9855,10140,-1070055.07126059,-779685.141992569,-290369.92926802,-285,z,z
9856,10142,-1120590.03702155,-738649.081887697,-381940.95513385,-286,z,z
9857,10145,-1856713.02225194,-53068674.0174076,51211960.9951557,-288,z,z
9858,10146,-999739.614135636,-51708002.8887562,50708263.2746205,-288,z,z
9859,10147,-670517.885379489,-50347331.7601047,49676813.8747252,-288,z,z
9860,10148,-779685.141992569,-48986660.6314532,48206975.4894606,-288,z,z
9861,10149,-574505.587652846,-47625989.5028017,47051483.9151489,-288,z,z
9862,10150,-1322855.16200982,-46265318.3741502,44942463.2121404,-288,z,z
9863,10151,-1289555.12907585,-44904647.2454988,43615092.1164229,-288,z,z
9864,10152,-229118.343034709,-43543976.1168473,43314857.7738126,-288,z,z
9865,10153,-789502.551010036,-42183304.9881958,41393802.4371858,-288,z,z
9866,10154,-688162.151119307,-40822633.8595443,40134471.708425,-288,z,z
9867,10155,-153219.689858066,-39461962.7308929,39308743.0410348,-288,z,z
9868,10156,-709506.809742089,-38101291.6022414,37391784.7924993,-288,z,z
9869,10157,-782311.649928311,-36740620.4735899,35958308.8236616,-288,z,z
9870,10158,-757766.487457768,-35379949.3449384,34622182.8574807,-288,z,z
9871,10159,-1405088.15327005,-34019278.216287,32614190.0630169,-288,z,z
9872,10160,-1042315.30620766,-32658607.0876355,31616291.7814278,-288,z,z
9873,10161,-934252.443722322,-31297935.958984,30363683.5152617,-288,z,z
9874,10162,-566518.932155123,-29937264.8303325,29370745.8981774,-288,z,z
9875,10163,-1163971.54533896,-28576593.701681,27412622.1563421,-288,z,z
9876,10164,-1225121.68464265,-27215922.5730296,25990800.8883869,-288,z,z
9877,10165,-1101360.51362491,-25855251.4443781,24753890.9307532,-288,z,z
9878,10166,-1255758.81778772,-24494580.3157266,23238821.4979389,-288,z,z
9879,10167,-1032297.42693569,-23133909.1870751,22101611.7601394,-288,z,z
9880,10168,-1544727.48713355,-21773238.0584236,20228510.5712901,-288,z,z
9881,10169,-386620.764998553,-20412566.9297722,20025946.1647736,-288,z,z
9882,10170,-871361.433166447,-19051895.8011207,18180534.3679542,-288,z,z
9883,10171,-862950.058603606,-17691224.6724692,16828274.6138656,-288,z,z
9884,10172,-807948.88643958,-16330553.5438177,15522604.6573782,-288,z,z
9885,10173,-1360153.01140448,-14969882.4151663,13609729.4037618,-288,z,z
9886,10174,-743401.348785208,-13609211.2865148,12865809.9377296,-288,z,z
9887,10175,-1533847.0294091,-12248540.1578633,10714693.1284542,-288,z,z
9888,10176,-1583086.51758991,-10887869.0292118,9304782.51162191,-288,z,z
9889,10177,-838842.646665144,-9527197.90056035,8688355.2538952,-288,z,z
9890,10178,-465569.899372179,-8166526.77190887,7700956.87253669,-288,z,z
9891,10179,-920762.080405006,-6805855.64325739,5885093.56285238,-288,z,z
9892,10180,-1067260.41418565,-5445184.51460591,4377924.10042026,-288,z,z
9893,10181,-986812.072362322,-4084513.38595443,3097701.31359211,-288,z,z
9894,10182,-1013736.38329951,-2723842.25730296,1710105.87400345,-288,z,z
9895,10183,-1061611.61402041,-1363171.12865148,301559.514631065,-288,z,z
9896,10184,-1758991.28423868,-2500,-1756491.28423868,-288,z,z
9897,10186,-947121.739707445,-544268.451460591,-402853.288246854,-289,z,z
9898,10187,-635227.470359516,-574505.587652846,-60721.8827066702,-289,z,z
9899,10188,-738649.081887697,-604742.723845101,-133906.358042596,-289,z,z
9900,10189,-544268.451460591,-634979.860037356,90711.4085767652,-289,z,z
9901,10190,-1253231.20611456,-665216.996229611,-588014.20988495,-289,z,z
9902,10191,-1221683.80649291,-695454.132421866,-526229.674071047,-289,z,z
9903,10192,-217059.482874987,-725691.268614122,508631.785739134,-289,z,z
9904,10193,-747949.785167403,-755928.404806377,7978.61963897385,-289,z,z
9905,10194,-651943.090534081,-544268.451460591,-107674.63907349,-289,z,z
9906,10195,-145155.49565501,-574505.587652846,429350.091997836,-289,z,z
9907,10196,-8871335.12177612,-604742.723845101,-8266592.39793101,-289,z,z
9908,10197,-9781395.62410389,-634979.860037356,-9146415.76406653,-289,z,z
9909,10198,-9474581.0932221,-665216.996229611,-8809364.09699249,-289,z,z
9910,10199,-17566101.9158756,-695454.132421866,-16870647.7834538,-289,z,z
9911,10200,-13031441.3275958,-725691.268614122,-12305750.0589817,-289,z,z
9912,10201,-11680655.546529,-755928.404806377,-10924727.1417226,-289,z,z
9913,10202,-7083986.65193904,-544268.451460591,-6539718.20047845,-289,z,z
9914,10203,-14552144.316737,-574505.587652846,-13977638.7290842,-289,z,z
9915,10204,-15316521.0580331,-604742.723845101,-14711778.334188,-289,z,z
9916,10205,-13769506.4203114,-634979.860037356,-13134526.5602741,-289,z,z
9917,10206,-15699485.2223465,-665216.996229611,-15034268.2261169,-289,z,z
9918,10207,-12906217.8366961,-695454.132421866,-12210763.7042743,-289,z,z
9919,10208,-19311593.5891694,-725691.268614122,-18585902.3205553,-289,z,z
9920,10209,-4835259.56248191,-755928.404806377,-4079331.15767554,-289,z,z
9921,10210,-10894517.9145806,-544268.451460591,-10350249.46312,-289,z,z
9922,10211,-10789375.7325451,-574505.587652846,-10214870.1448922,-289,z,z
9923,10212,-10101861.0804948,-604742.723845101,-9497118.35664965,-289,z,z
9924,10213,-17004412.642556,-634979.860037356,-16369432.7825186,-289,z,z
9925,10214,-9295016.8598151,-665216.996229611,-8629799.86358549,-289,z,z
9926,10215,-19175587.8676137,-695454.132421866,-18480133.7351918,-289,z,z
9927,10216,-19791081.4698739,-725691.268614122,-19065390.2012598,-289,z,z
9928,10217,-10488033.0833143,-755928.404806377,-9732104.67850792,-289,z,z
9929,10218,-5822123.74215224,-544268.451460591,-5277855.29069165,-289,z,z
9930,10219,-11512026.0050626,-574505.587652846,-10937520.4174097,-289,z,z
9931,10220,-13343255.1773207,-604742.723845101,-12738512.4534756,-289,z,z
9932,10221,-12337650.904529,-634979.860037356,-11702671.0444917,-289,z,z
9933,10222,-12674204.7912438,-665216.996229611,-12008987.7950142,-289,z,z
9934,10223,-13272645.1752552,-695454.132421866,-12577191.0428333,-289,z,z
9935,10224,-21989891.0529836,-725691.268614122,-21264199.7843694,-289,z,z
9936,10225,-11841521.7463431,-755928.404806377,-11085593.3415367,-289,z,z
9937,10226,-7942843.37949395,-544268.451460591,-7398574.92803336,-289,z,z
9938,10227,-9235613.52359621,-574505.587652846,-8661107.93594337,-289,z,z
9939,10228,-6805855.64325739,-604742.723845101,-6201112.91941229,-289,z,z
9940,10229,-15667890.076432,-634979.860037356,-15032910.2163947,-289,z,z
9941,10230,-15273547.5811614,-665216.996229611,-14608330.5849318,-289,z,z
9942,10231,-2715743.53593734,-695454.132421866,-2020289.40351548,-289,z,z
9943,10232,-9351872.31459253,-725691.268614122,-8626181.04597841,-289,z,z
9944,10233,-8151788.63167601,-755928.404806377,-7395860.22686963,-289,z,z
9945,10234,-1816943.69568763,-544268.451460591,-1272675.24422704,-289,z,z
9946,10235,-985426.124641791,-574505.587652846,-410920.536988944,-289,z,z
9947,10236,-1086543.95823377,-604742.723845101,-481801.234388664,-289,z,z
9948,10237,-1052453.45480246,-634979.860037356,-417473.594765099,-289,z,z
9949,10238,-1951511.32398618,-665216.996229611,-1286294.32775657,-289,z,z
9950,10239,-1447660.14751064,-695454.132421866,-752206.015088777,-289,z,z
9951,10240,-1297572.83850322,-725691.268614122,-571881.569889103,-289,z,z
9952,10241,-786831.850215449,-755928.404806377,-30903.4454090722,-289,z,z
9953,10242,-1616627.14630412,-544268.451460591,-1072358.69484352,-289,z,z
9954,10243,-1701557.89533702,-574505.587652846,-1127052.30768417,-289,z,z
9955,10244,-1529667.3800346,-604742.723845101,-924924.656189502,-289,z,z
9956,10245,-1744109.46914962,-634979.860037356,-1109129.60911226,-289,z,z
9957,10246,-1433746.42629957,-665216.996229611,-768529.43006996,-289,z,z
9958,10247,-2145454.84324105,-695454.132421866,-1450000.71081918,-289,z,z
9959,10248,-536973.284720213,-725691.268614122,188717.983893909,-289,z,z
9960,10249,-1210224.21273118,-755928.404806377,-454295.8079248,-289,z,z
9961,10250,-1198541.74806056,-544268.451460591,-654273.296599973,-289,z,z
9962,10251,-1122151.23116608,-574505.587652846,-547645.643513238,-289,z,z
9963,10252,-1889101.40472844,-604742.723845101,-1284358.68088334,-289,z,z
9964,10253,-1032501.87331279,-634979.860037356,-397522.013275432,-289,z,z
9965,10254,-2130343.09640152,-665216.996229611,-1465126.10017191,-289,z,z
9966,10255,-2198731.27443043,-695454.132421866,-1503277.14200857,-289,z,z
9967,10256,-1165059.23147937,-725691.268614122,-439367.962865244,-289,z,z
9968,10257,-646624.860239138,-755928.404806377,109303.544567239,-289,z,z
9969,10258,-1278836.22278473,-544268.451460591,-734567.771324139,-289,z,z
9970,10259,-1482306.13081341,-574505.587652846,-907800.543160561,-289,z,z
9971,10260,-1370572.32272545,-604742.723845101,-765829.598880346,-289,z,z
9972,10261,-1407967.19902709,-634979.860037356,-772987.338989735,-289,z,z
9973,10262,-1474460.57502835,-665216.996229611,-809243.57879874,-289,z,z
9974,10263,-2443043.45033151,-695454.132421866,-1747589.31790964,-289,z,z
9975,10264,-1315446.86070478,-725691.268614122,-589755.592090663,-289,z,z
9976,10265,-882260.375499328,-755928.404806377,-126331.970692952,-289,z,z
9977,10266,-1025901.5026218,-544268.451460591,-481633.05116121,-289,z,z
9978,10267,-755928.404806377,-574505.587652846,-181422.81715353,-289,z,z
9979,10268,-1740598.89738134,-604742.723845101,-1135856.17353623,-289,z,z
9980,10269,-1696783.06457349,-634979.860037356,-1061803.20453613,-289,z,z
9981,10270,-301471.503993038,-665216.996229611,363745.492236573,-289,z,z
9982,10271,-1038819.14606584,-695454.132421866,-343365.013643971,-289,z,z
9983,10272,-905476.514630667,-725691.268614122,-179785.246016546,-289,z,z
9984,10273,-201604.855076403,-755928.404806377,554323.549729973,-289,z,z
9985,10274,-946009.079656119,-544268.451460591,-401740.628195528,-289,z,z
9986,10275,-1043082.19990441,-574505.587652846,-468576.612251569,-289,z,z
9987,10276,-1010355.31661036,-604742.723845101,-405612.592765256,-289,z,z
9988,10277,-1873450.87102673,-634979.860037356,-1238471.01098938,-289,z,z
9989,10278,-1389753.74161022,-665216.996229611,-724536.745380606,-289,z,z
9990,10279,-1245669.9249631,-695454.132421866,-550215.792541229,-289,z,z
9991,10280,-755358.576206831,-725691.268614122,-29667.3075927093,-289,z,z
9992,10281,-1551962.06045195,-755928.404806377,-796033.655645575,-289,z,z
9993,10282,-1633495.57952353,-544268.451460591,-1089227.12806294,-289,z,z
9994,10283,-1468480.68483322,-574505.587652846,-893975.097180373,-289,z,z
9995,10284,-1674345.09038363,-604742.723845101,-1069602.36653853,-289,z,z
9996,10285,-1376396.56924759,-634979.860037356,-741416.709210232,-289,z,z
9997,10286,-2059636.64951141,-665216.996229611,-1394419.65328179,-289,z,z
9998,10287,-515494.353331404,-695454.132421866,179959.779090462,-289,z,z
9999,10288,-1161815.24422193,-725691.268614122,-436123.975607808,-289,z,z
10000,10289,-1150600.07813814,-755928.404806377,-394671.673331765,-289,z,z
10001,10290,-1077265.18191944,-544268.451460591,-532996.730458849,-289,z,z
10002,10291,-1813537.3485393,-574505.587652846,-1239031.76088646,-289,z,z
10003,10292,-991201.798380277,-604742.723845101,-386459.074535176,-289,z,z
10004,10293,-2045129.37254546,-634979.860037356,-1410149.5125081,-289,z,z
10005,10294,-2110782.02345321,-665216.996229611,-1445565.0272236,-289,z,z
10006,10295,-1118456.86222019,-695454.132421866,-423002.729798325,-289,z,z
10007,10296,-620759.865829572,-725691.268614122,104931.402784549,-289,z,z
10008,10297,-1227682.77387334,-755928.404806377,-471754.369066964,-289,z,z
10009,10298,-1423013.88558087,-544268.451460591,-878745.434120279,-289,z,z
10010,10299,-1315749.42981643,-574505.587652846,-741243.842163583,-289,z,z
10011,10300,-1351648.51106601,-604742.723845101,-746905.787220906,-289,z,z
10012,10301,-1415482.15202722,-634979.860037356,-780502.291989861,-289,z,z
10013,10302,-2345321.71231825,-665216.996229611,-1680104.71608864,-289,z,z
10014,10303,-1262828.98627659,-695454.132421866,-567374.853854726,-289,z,z
10015,10304,-846969.960479355,-725691.268614122,-121278.691865233,-289,z,z
10016,10305,-984865.442516929,-755928.404806377,-228937.037710553,-289,z,z
10017,10306,-725691.268614122,-544268.451460591,-181422.81715353,-289,z,z
10018,10307,-1670974.94148608,-574505.587652846,-1096469.35383324,-289,z,z
10019,10308,-1628911.74199055,-604742.723845101,-1024169.01814545,-289,z,z
10020,10309,-289412.643833317,-634979.860037356,345567.21620404,-289,z,z
10021,10310,-997266.380223204,-665216.996229611,-332049.383993592,-289,z,z
10022,10311,-869257.454045441,-695454.132421866,-173803.321623574,-289,z,z
10023,10312,-193540.660873347,-725691.268614122,532150.607740775,-289,z,z
10024,10313,-906592.034670447,-755928.404806377,-150663.629864071,-289,z,z
10025,10314,-999620.441575064,-544268.451460591,-455351.990114473,-289,z,z
10026,10315,-968257.178418259,-574505.587652846,-393751.590765413,-289,z,z
10027,10316,-1795390.41806729,-604742.723845101,-1190647.69422219,-289,z,z
10028,10317,-1331847.33570979,-634979.860037356,-696867.475672436,-289,z,z
10029,10318,-1193767.01142297,-665216.996229611,-528550.015193355,-289,z,z
10030,10319,-723885.302198213,-695454.132421866,-28431.1697763464,-289,z,z
10031,10320,-1487296.97459979,-725691.268614122,-761605.705985665,-289,z,z
10032,10321,-1565433.26371005,-755928.404806377,-809504.858903677,-289,z,z
10033,10322,-1407293.98963183,-544268.451460591,-863025.538171244,-289,z,z
10034,10323,-1604580.71161765,-574505.587652846,-1030075.1239648,-289,z,z
10035,10324,-1319046.71219561,-604742.723845101,-714303.988350504,-289,z,z
10036,10325,-1973818.45578176,-634979.860037356,-1338838.59574441,-289,z,z
10037,10326,-494015.421942596,-665216.996229611,171201.574287016,-289,z,z
10038,10327,-1113406.27571268,-695454.132421866,-417952.143290816,-289,z,z
10039,10328,-1102658.40821572,-725691.268614122,-376967.139601598,-289,z,z
10040,10329,-1032379.1326728,-755928.404806377,-276450.727866421,-289,z,z
10041,10330,-1737973.29235017,-544268.451460591,-1193704.84088958,-289,z,z
10042,10331,-949901.723447766,-574505.587652846,-375396.135794919,-289,z,z
10043,10332,-1959915.6486894,-604742.723845101,-1355172.9248443,-289,z,z
10044,10333,-2022832.772476,-634979.860037356,-1387852.91243864,-289,z,z
10045,10334,-1071854.49296102,-665216.996229611,-406637.496731405,-289,z,z
10046,10335,-594894.871420007,-695454.132421866,100559.26100186,-289,z,z
10047,10336,-1176529.32496195,-725691.268614122,-450838.05634783,-289,z,z
10048,10337,-1363721.64034833,-755928.404806377,-607793.235541958,-289,z,z
10049,10338,-1260926.53690741,-544268.451460591,-716658.08544682,-289,z,z
10050,10339,-1295329.82310492,-574505.587652846,-720824.235452078,-289,z,z
10051,10340,-1356503.72902608,-604742.723845101,-751761.005180982,-289,z,z
10052,10341,-2247599.97430499,-634979.860037356,-1612620.11426763,-289,z,z
10053,10342,-1210211.1118484,-665216.996229611,-544994.11561879,-289,z,z
10054,10343,-811679.545459382,-695454.132421866,-116225.413037515,-289,z,z
10055,10344,-943829.382412057,-725691.268614122,-218138.113797936,-289,z,z
10056,10345,-695454.132421866,-755928.404806377,60474.27238451,-289,z,z
10057,10346,-1601350.98559083,-544268.451460591,-1057082.53413024,-289,z,z
10058,10347,-1561040.41940761,-574505.587652846,-986534.831754766,-289,z,z
10059,10348,-277353.783673595,-604742.723845101,327388.940171506,-289,z,z
10060,10349,-955713.61438057,-634979.860037356,-320733.754343214,-289,z,z
10061,10350,-833038.393460214,-665216.996229611,-167821.397230603,-289,z,z
10062,10351,-185476.466670291,-695454.132421866,509977.665751576,-289,z,z
10063,10352,-867174.989684776,-725691.268614122,-141483.721070654,-289,z,z
10064,10353,-956158.683245714,-755928.404806377,-200230.278439337,-289,z,z
10065,10354,-926159.040226161,-544268.451460591,-381890.58876557,-289,z,z
10066,10355,-1717329.96510784,-574505.587652846,-1142824.37745499,-289,z,z
10067,10356,-1273940.92980937,-604742.723845101,-669198.205964265,-289,z,z
10068,10357,-1141864.09788284,-634979.860037356,-506884.237845481,-289,z,z
10069,10358,-692412.028189595,-665216.996229611,-27195.0319599835,-289,z,z
10070,10359,-1422631.88874762,-695454.132421866,-727177.756325756,-289,z,z
10071,10360,-1497370.94789657,-725691.268614122,-771679.679282452,-289,z,z
10072,10361,-1346107.29443045,-755928.404806377,-590178.889624074,-289,z,z
10073,10362,-1534816.33285166,-544268.451460591,-990547.881391071,-289,z,z
10074,10363,-1261696.85514362,-574505.587652846,-687191.267490776,-289,z,z
10075,10364,-1888000.26205212,-604742.723845101,-1283257.53820702,-289,z,z
10076,10365,-472536.490553787,-634979.860037356,162443.369483569,-289,z,z
10077,10366,-1064997.30720344,-665216.996229611,-399780.310973824,-289,z,z
10078,10367,-1054716.7382933,-695454.132421866,-359262.60587143,-289,z,z
10079,10368,-987493.083426154,-725691.268614122,-261801.814812032,-289,z,z
10080,10369,-1662409.23616103,-755928.404806377,-906480.831354652,-289,z,z
10081,10370,-908601.648515254,-544268.451460591,-364333.197054663,-289,z,z
10082,10371,-1874701.92483334,-574505.587652846,-1300196.33718049,-289,z,z
10083,10372,-1934883.52149878,-604742.723845101,-1330140.79765368,-289,z,z
10084,10373,-1025252.12370184,-634979.860037356,-390272.263664486,-289,z,z
10085,10374,-569029.877010441,-665216.996229611,96187.1192191701,-289,z,z
10086,10375,-1125375.87605056,-695454.132421866,-429921.743628696,-289,z,z
10087,10376,-1304429.3951158,-725691.268614122,-578738.126501676,-289,z,z
10088,10377,-1206103.64399839,-755928.404806377,-450175.239192017,-289,z,z
10089,10378,-1239011.13514384,-544268.451460591,-694742.683683249,-289,z,z
10090,10379,-1297525.30602495,-574505.587652846,-723019.718372103,-289,z,z
10091,10380,-2149878.23629173,-604742.723845101,-1545135.51244662,-289,z,z
10092,10381,-1157593.23742021,-634979.860037356,-522613.377382854,-289,z,z
10093,10382,-776389.130439409,-665216.996229611,-111172.134209797,-289,z,z
10094,10383,-902793.322307185,-695454.132421866,-207339.189885319,-289,z,z
10095,10384,-665216.996229611,-725691.268614122,60474.2723845101,-289,z,z
10096,10385,-1531727.02969558,-755928.404806377,-775798.624889199,-289,z,z
10097,10386,-1493169.09682467,-544268.451460591,-948900.645364081,-289,z,z
10098,10387,-265294.923513874,-574505.587652846,309210.664138973,-289,z,z
10099,10388,-914160.848537937,-604742.723845101,-309418.124692835,-289,z,z
10100,10389,-796819.332874988,-634979.860037356,-161839.472837631,-289,z,z
10101,10390,-177412.272467235,-665216.996229611,487804.723762377,-289,z,z
10102,10391,-827757.944699104,-695454.132421866,-132303.812277238,-289,z,z
10103,10392,-912696.924916363,-725691.268614122,-187005.656302242,-289,z,z
10104,10393,-884060.902034063,-755928.404806377,-128132.497227686,-289,z,z
10105,10394,-1639269.51214839,-544268.451460591,-1095001.0606878,-289,z,z
10106,10395,-1216034.52390894,-574505.587652846,-641528.936256094,-289,z,z
10107,10396,-1089961.18434271,-604742.723845101,-485218.460497608,-289,z,z
10108,10397,-660938.754180977,-634979.860037356,-25958.8941436206,-289,z,z
10109,10398,-1357966.80289546,-665216.996229611,-692749.806665846,-289,z,z
10110,10399,-1429308.63208309,-695454.132421866,-733854.499661226,-289,z,z
10111,10400,-1284920.59922907,-725691.268614122,-559229.330614945,-289,z,z
10112,10401,-1465051.95408568,-755928.404806377,-709123.549279301,-289,z,z
10113,10402,-1204346.99809164,-544268.451460591,-660078.546631049,-289,z,z
10114,10403,-1802182.06832248,-574505.587652846,-1227676.48066963,-289,z,z
10115,10404,-451057.559164979,-604742.723845101,153685.164680122,-289,z,z
10116,10405,-1016588.33869419,-634979.860037356,-381608.478656832,-289,z,z
10117,10406,-1006775.06837087,-665216.996229611,-341558.072141263,-289,z,z
10118,10407,-942607.03417951,-695454.132421866,-247152.901757644,-289,z,z
10119,10408,-1586845.17997189,-725691.268614122,-861153.911357769,-289,z,z
10120,10409,-867301.573582743,-755928.404806377,-111373.168776366,-289,z,z
10121,10410,-1789488.20097728,-544268.451460591,-1245219.74951669,-289,z,z
10122,10411,-1846934.27052156,-574505.587652846,-1272428.68286872,-289,z,z
10123,10412,-978649.754442668,-604742.723845101,-373907.030597566,-289,z,z
10124,10413,-543164.882600876,-634979.860037356,91814.9774364805,-289,z,z
10125,10414,-1074222.42713917,-665216.996229611,-409005.430909562,-289,z,z
10126,10415,-1245137.14988326,-695454.132421866,-549683.017461395,-289,z,z
10127,10416,-1151280.75108938,-725691.268614122,-425589.482475254,-289,z,z
10128,10417,-1182692.44718276,-755928.404806377,-426764.04237638,-289,z,z
10129,10418,-1238546.88302381,-544268.451460591,-694278.431563224,-289,z,z
10130,10419,-2052156.49827847,-574505.587652846,-1477650.91062562,-289,z,z
10131,10420,-1104975.36299202,-604742.723845101,-500232.639146918,-289,z,z
10132,10421,-741098.715419436,-634979.860037356,-106118.855382079,-289,z,z
10133,10422,-861757.262202313,-665216.996229611,-196540.265972702,-289,z,z
10134,10423,-634979.860037356,-695454.132421866,60474.2723845101,-289,z,z
10135,10424,-1462103.07380032,-725691.268614122,-736411.805186201,-289,z,z
10136,10425,-1425297.77424173,-755928.404806377,-669369.369435356,-289,z,z
10137,10426,-253236.063354152,-544268.451460591,291032.388106439,-289,z,z
10138,10427,-872608.082695303,-574505.587652846,-298102.495042457,-289,z,z
10139,10428,-760600.272289761,-604742.723845101,-155857.548444659,-289,z,z
10140,10429,-169348.078264179,-634979.860037356,465631.781773178,-289,z,z
10141,10430,-788340.899713433,-665216.996229611,-123123.903483821,-289,z,z
10142,10431,-869235.166587012,-695454.132421866,-173781.034165146,-289,z,z
10143,10432,-841962.763841964,-725691.268614122,-116271.495227843,-289,z,z
10144,10434,-1561209.05918895,-544268.451460591,-1016940.60772835,-290,z,z
10145,10435,-1158128.11800851,-574505.587652846,-583622.530355669,-290,z,z
10146,10436,-1038058.27080258,-604742.723845101,-433315.546957478,-290,z,z
10147,10437,-629465.480172359,-634979.860037356,5514.37986499735,-290,z,z
10148,10438,-1293301.71704329,-665216.996229611,-628084.720813681,-290,z,z
10149,10439,-1361246.31626961,-695454.132421866,-665792.183847746,-290,z,z
10150,10441,-1223733.90402768,-544268.451460591,-679465.452567092,-291,z,z
10151,10442,-1395287.57531969,-574505.587652846,-820781.987666847,-291,z,z
10152,10443,-1146997.14103966,-604742.723845101,-542254.417194556,-291,z,z
10153,10444,-1716363.87459284,-634979.860037356,-1081384.01455548,-291,z,z
10154,10445,-429578.62777617,-665216.996229611,235638.368453441,-291,z,z
10155,10447,-968179.370184941,-544268.451460591,-423910.91872435,-292,z,z
10156,10448,-958833.398448452,-574505.587652846,-384327.810795605,-292,z,z
10157,10449,-897720.984932867,-604742.723845101,-292978.261087766,-292,z,z
10158,10450,-1511281.12378275,-634979.860037356,-876301.263745397,-292,z,z
10159,10452,-826001.498650231,-544268.451460591,-281733.04718964,-293,z,z
10160,10453,-1704274.47712122,-574505.587652846,-1129768.88946837,-293,z,z
10161,10454,-1758985.01954434,-604742.723845101,-1154242.29569924,-293,z,z
10162,10456,-932047.385183493,-544268.451460591,-387778.933722902,-294,z,z
10163,10457,-517299.88819131,-574505.587652846,57205.6994615359,-294,z,z
10164,10459,-1023068.97822778,-544268.451460591,-478800.526767193,-295,z,z
10165,10462,-1185844.90465073,-122192542.59617,121006697.691519,-297,z,z
10166,10463,-1096457.85818036,-119059464.580883,117963006.722703,-297,z,z
10167,10464,-1126373.75922167,-115926386.565597,114800012.806375,-297,z,z
10168,10465,-1179568.46002268,-112793308.550311,111613740.090288,-297,z,z
10169,10466,-1954434.76026521,-109660230.535024,107705795.774759,-297,z,z
10170,10467,-1052357.48856383,-106527152.519738,105474795.031174,-297,z,z
10171,10468,-705808.300399463,-103394074.504451,102688266.204052,-297,z,z
10172,10469,-820721.202097441,-100260996.489165,99440275.2870675,-297,z,z
10173,10470,-604742.723845101,-97127918.4738785,96523175.7500334,-297,z,z
10174,10471,-1392479.11790507,-93994840.4585921,92602361.3406871,-297,z,z
10175,10472,-1357426.45165879,-90861762.4433057,89504335.9916469,-297,z,z
10176,10473,-241177.20319443,-87728684.4280193,87487507.2248249,-297,z,z
10177,10474,-831055.31685267,-84595606.4127329,83764551.0958802,-297,z,z
10178,10475,-724381.211704534,-81462528.3974465,80738147.185742,-297,z,z
10179,10476,-161283.884061122,-78329450.3821601,78168166.498099,-297,z,z
10180,10477,-748923.854727761,-75196372.3668737,74447448.5121459,-297,z,z
10181,10478,-825773.408257662,-72063294.3515873,71237520.9433296,-297,z,z
10182,10479,-799864.625649866,-68930216.3363009,68130351.710651,-297,z,z
10183,10480,-1483148.6062295,-65797138.3210145,64313989.714785,-297,z,z
10184,10481,-1100221.71210809,-62664060.3057281,61563838.59362,-297,z,z
10185,10482,-986155.357262451,-59530982.2904417,58544826.9331792,-297,z,z
10186,10483,-597992.206163741,-56397904.2751553,55799912.0689915,-297,z,z
10187,10484,-1228636.63119113,-53264826.2598689,52036189.6286777,-297,z,z
10188,10485,-1293184.00045613,-50131748.2445825,48838564.2441263,-297,z,z
10189,10486,-1162547.2088263,-46998670.2292961,45836123.0204698,-297,z,z
10190,10487,-1325523.19655371,-43865592.2140097,42540069.0174559,-297,z,z
10191,10488,-1089647.28398767,-40732514.1987232,39642866.9147356,-297,z,z
10192,10489,-1630545.6808632,-37599436.1834368,35968890.5025736,-297,z,z
10193,10490,-408099.696387362,-34466358.1681504,34058258.4717631,-297,z,z
10194,10491,-919770.401675694,-31333280.152864,30413509.7511883,-297,z,z
10195,10492,-910891.728526029,-28200202.1375776,27289310.4090516,-297,z,z
10196,10493,-852834.935686224,-25067124.1222912,24214289.186605,-297,z,z
10197,10494,-1435717.06759362,-21934046.1070048,20498329.0394112,-297,z,z
10198,10495,-784701.42371772,-18800968.0917184,18016266.6680007,-297,z,z
10199,10496,-1619060.75326516,-15667890.076432,14048829.3231669,-297,z,z
10200,10497,-1671035.76856713,-12534812.0611456,10863776.2925785,-297,z,z
10201,10498,-885445.015924318,-9401734.04585921,8516289.02993489,-297,z,z
10202,10499,-491434.893781745,-6268656.03057281,5777221.13679106,-297,z,z
10203,10500,-971915.529316395,-3135578.0152864,2163662.48597001,-297,z,z
10204,10501,-1126552.65941819,-2500,-1124052.65941819,-297,z,z
10205,10503,-1041634.96527134,-1253231.20611456,211596.240843222,-298,z,z
10206,10504,-1070055.07126059,-1322855.16200982,252800.090749226,-298,z,z
10207,10505,-1120590.03702155,-1392479.11790507,271889.080883522,-298,z,z
10208,10506,-1856713.02225194,-1462103.07380032,-394609.948451623,-298,z,z
10209,10507,-999739.614135636,-1531727.02969558,531987.415559939,-298,z,z
10210,10508,-670517.885379489,-1601350.98559083,930833.100211339,-298,z,z
10211,10509,-779685.141992569,-1670974.94148608,891289.799493513,-298,z,z
10212,10510,-574505.587652846,-1740598.89738134,1166093.30972849,-298,z,z
10213,10511,-1322855.16200982,-1253231.20611456,-69623.9558952535,-298,z,z
10214,10512,-1289555.12907585,-1322855.16200982,33300.0329339618,-298,z,z
10215,10513,-229118.343034709,-1392479.11790507,1163360.77487036,-298,z,z
10216,10514,-789502.551010036,-1462103.07380032,672600.522790286,-298,z,z
10217,10515,-688162.151119307,-1531727.02969558,843564.878576268,-298,z,z
10218,10516,-153219.689858066,-1601350.98559083,1448131.29573276,-298,z,z
10219,10517,-709506.809742089,-1670974.94148608,961468.131743993,-298,z,z
10220,10518,-782311.649928311,-1740598.89738134,958287.247453024,-298,z,z
10221,10519,-757766.487457768,-1253231.20611456,495464.718656794,-298,z,z
10222,10520,-1405088.15327005,-1322855.16200982,-82232.9912602354,-298,z,z
10223,10521,-1042315.30620766,-1392479.11790507,350163.811697405,-298,z,z
10224,10522,-934252.443722322,-1462103.07380032,527850.630078,-298,z,z
10225,10523,-566518.932155123,-1531727.02969558,965208.097540452,-298,z,z
10226,10524,-1163971.54533896,-1601350.98559083,437379.440251866,-298,z,z
10227,10525,-1225121.68464265,-1670974.94148608,445853.256843431,-298,z,z
10228,10526,-1101360.51362491,-1740598.89738134,639238.383756421,-298,z,z
10229,10527,-1255758.81778772,-1253231.20611456,-2527.61167316209,-298,z,z
10230,10528,-1032297.42693569,-1322855.16200982,290557.735074124,-298,z,z
10231,10529,-1544727.48713355,-1392479.11790507,-152248.369228485,-298,z,z
10232,10530,-386620.764998553,-1462103.07380032,1075482.30880177,-298,z,z
10233,10531,-871361.433166447,-1531727.02969558,660365.596529128,-298,z,z
10234,10532,-862950.058603606,-1601350.98559083,738400.926987222,-298,z,z
10235,10533,-807948.88643958,-1670974.94148608,863026.055046502,-298,z,z
10236,10534,-1360153.01140448,-1740598.89738134,380445.885976858,-298,z,z
10237,10535,-743401.348785208,-1253231.20611456,509829.857329354,-298,z,z
10238,10536,-1533847.0294091,-1322855.16200982,-210991.86739928,-298,z,z
10239,10537,-1583086.51758991,-1392479.11790507,-190607.399684842,-298,z,z
10240,10538,-838842.646665144,-1462103.07380032,623260.427135178,-298,z,z
10241,10539,-465569.899372179,-1531727.02969558,1066157.1303234,-298,z,z
10242,10540,-920762.080405006,-1601350.98559083,680588.905185823,-298,z,z
10243,10541,-1067260.41418565,-1670974.94148608,603714.527300429,-298,z,z
10244,10542,-986812.072362322,-1740598.89738134,753786.825019014,-298,z,z
10245,10543,-1013736.38329951,-1253231.20611456,239494.822815056,-298,z,z
10246,10544,-1061611.61402041,-1322855.16200982,261243.547989402,-298,z,z
10247,10545,-1758991.28423868,-1392479.11790507,-366512.166333616,-298,z,z
10248,10546,-947121.739707445,-1462103.07380032,514981.334092877,-298,z,z
10249,10547,-635227.470359516,-1531727.02969558,896499.559336059,-298,z,z
10250,10548,-738649.081887697,-1601350.98559083,862701.903703132,-298,z,z
10251,10549,-544268.451460591,-1670974.94148608,1126706.49002549,-298,z,z
10252,10550,-1253231.20611456,-1740598.89738134,487367.691266774,-298,z,z
10253,10551,-1221683.80649291,-1253231.20611456,31547.399621648,-298,z,z
10254,10552,-217059.482874987,-1322855.16200982,1105795.67913483,-298,z,z
10255,10553,-747949.785167403,-1392479.11790507,644529.332737666,-298,z,z
10256,10554,-651943.090534081,-1462103.07380032,810159.983266241,-298,z,z
10257,10555,-145155.49565501,-1531727.02969558,1386571.53404057,-298,z,z
10258,10556,-7097568.09742089,-1601350.98559083,-5496217.11183006,-298,z,z
10259,10557,-7825616.49928311,-1670974.94148608,-6154641.55779703,-298,z,z
10260,10558,-7580164.87457768,-1740598.89738134,-5839565.97719634,-298,z,z
10261,10559,-14053381.5327005,-1253231.20611456,-12800150.3265859,-298,z,z
10262,10560,-10425653.0620766,-1322855.16200982,-9102797.90006682,-298,z,z
10263,10561,-9345024.43722322,-1392479.11790507,-7952545.31931815,-298,z,z
10264,10562,-5667689.32155123,-1462103.07380032,-4205586.24775091,-298,z,z
10265,10563,-11642215.4533896,-1531727.02969558,-10110488.4236941,-298,z,z
10266,10564,-12253716.8464265,-1601350.98559083,-10652365.8608357,-298,z,z
10267,10565,-11016105.1362491,-1670974.94148608,-9345130.19476306,-298,z,z
10268,10566,-12560088.1778772,-1740598.89738134,-10819489.2804959,-298,z,z
10269,10567,-10325474.2693569,-1253231.20611456,-9072243.06324235,-298,z,z
10270,10568,-15449774.8713355,-1322855.16200982,-14126919.7093257,-298,z,z
10271,10569,-3868707.64998553,-1392479.11790507,-2476228.53208046,-298,z,z
10272,10570,-8716114.33166447,-1462103.07380032,-7254011.25786415,-298,z,z
10273,10571,-8632000.58603606,-1531727.02969558,-7100273.55634049,-298,z,z
10274,10572,-8081988.8643958,-1601350.98559083,-6480637.87880497,-298,z,z
10275,10573,-13604030.1140448,-1670974.94148608,-11933055.1725587,-298,z,z
10276,10574,-7436513.48785208,-1740598.89738134,-5695914.59047074,-298,z,z
10277,10575,-15340970.294091,-1253231.20611456,-14087739.0879764,-298,z,z
10278,10576,-15833365.1758991,-1322855.16200982,-14510510.0138893,-298,z,z
10279,10577,-8390926.46665144,-1392479.11790507,-6998447.34874637,-298,z,z
10280,10578,-4658198.99372179,-1462103.07380032,-3196095.91992147,-298,z,z
10281,10579,-9210120.80405005,-1531727.02969558,-7678393.77435448,-298,z,z
10282,10580,-10675104.1418565,-1601350.98559083,-9073753.1562657,-298,z,z
10283,10581,-9870620.72362322,-1670974.94148608,-8199645.78213714,-298,z,z
10284,10582,-10139863.8329951,-1740598.89738134,-8399264.93561372,-298,z,z
10285,10583,-10618616.1402041,-1253231.20611456,-9365384.93408956,-298,z,z
10286,10584,-17592412.8423868,-1322855.16200982,-16269557.680377,-298,z,z
10287,10585,-9473717.39707445,-1392479.11790507,-8081238.27916938,-298,z,z
10288,10586,-6354774.70359516,-1462103.07380032,-4892671.62979484,-298,z,z
10289,10587,-7388990.81887697,-1531727.02969558,-5857263.78918139,-298,z,z
10290,10588,-5445184.51460591,-1601350.98559083,-3843833.52901508,-298,z,z
10291,10589,-12534812.0611456,-1670974.94148608,-10863837.1196595,-298,z,z
10292,10590,-12219338.0649291,-1740598.89738134,-10478739.1675478,-298,z,z
10293,10591,-2173094.82874987,-1253231.20611456,-919863.622635312,-298,z,z
10294,10592,-7481997.85167403,-1322855.16200982,-6159142.68966421,-298,z,z
10295,10593,-6521930.90534081,-1392479.11790507,-5129451.78743574,-298,z,z
10296,10594,-1454054.9565501,-1462103.07380032,8048.11725021992,-298,z,z
10297,10595,-985426.124641791,-1531727.02969558,546300.905053785,-298,z,z
10298,10596,-1086543.95823377,-1601350.98559083,514807.027357063,-298,z,z
10299,10597,-1052453.45480246,-1670974.94148608,618521.486683627,-298,z,z
10300,10598,-1951511.32398618,-1740598.89738134,-210912.426604846,-298,z,z
10301,10599,-1447660.14751064,-1253231.20611456,-194428.941396082,-298,z,z
10302,10600,-1297572.83850322,-1322855.16200982,25282.3235065904,-298,z,z
10303,10601,-786831.850215449,-1392479.11790507,605647.26768962,-298,z,z
10304,10602,-1616627.14630412,-1462103.07380032,-154524.072503794,-298,z,z
10305,10603,-1701557.89533702,-1531727.02969558,-169830.86564144,-298,z,z
10306,10604,-1529667.3800346,-1601350.98559083,71683.6055562254,-298,z,z
10307,10605,-1744109.46914962,-1670974.94148608,-73134.5276635341,-298,z,z
10308,10606,-1433746.42629957,-1740598.89738134,306852.471081765,-298,z,z
10309,10607,-2145454.84324105,-1253231.20611456,-892223.637126485,-298,z,z
10310,10608,-536973.284720213,-1322855.16200982,785881.877289602,-298,z,z
10311,10609,-1210224.21273118,-1392479.11790507,182254.905173892,-298,z,z
10312,10610,-1198541.74806056,-1462103.07380032,263561.325739758,-298,z,z
10313,10611,-1122151.23116608,-1531727.02969558,409575.798529491,-298,z,z
10314,10612,-1889101.40472844,-1601350.98559083,-287750.419137613,-298,z,z
10315,10613,-1032501.87331279,-1670974.94148608,638473.068173293,-298,z,z
10316,10614,-2130343.09640152,-1740598.89738134,-389744.199020186,-298,z,z
10317,10615,-2198731.27443043,-1253231.20611456,-945500.06831587,-298,z,z
10318,10616,-1165059.23147937,-1322855.16200982,157795.930530449,-298,z,z
10319,10617,-646624.860239138,-1392479.11790507,745854.257665931,-298,z,z
10320,10618,-1278836.22278473,-1462103.07380032,183266.851015592,-298,z,z
10321,10619,-1482306.13081341,-1531727.02969558,49420.8988821683,-298,z,z
10322,10620,-1370572.32272545,-1601350.98559083,230778.662865382,-298,z,z
10323,10621,-1407967.19902709,-1670974.94148608,263007.742458991,-298,z,z
10324,10622,-1474460.57502835,-1740598.89738134,266138.322352985,-298,z,z
10325,10623,-2443043.45033151,-1253231.20611456,-1189812.24421694,-298,z,z
10326,10624,-1315446.86070478,-1322855.16200982,7408.30130503071,-298,z,z
10327,10625,-882260.375499328,-1392479.11790507,510218.74240574,-298,z,z
10328,10626,-1025901.5026218,-1462103.07380032,436201.571178521,-298,z,z
10329,10627,-755928.404806377,-1531727.02969558,775798.624889199,-298,z,z
10330,10628,-1740598.89738134,-1601350.98559083,-139247.911790507,-298,z,z
10331,10629,-1696783.06457349,-1670974.94148608,-25808.123087409,-298,z,z
10332,10630,-301471.503993038,-1740598.89738134,1439127.3933883,-298,z,z
10333,10631,-1038819.14606584,-1253231.20611456,214412.060048725,-298,z,z
10334,10632,-905476.514630667,-1322855.16200982,417378.647379148,-298,z,z
10335,10633,-201604.855076403,-1392479.11790507,1190874.26282867,-298,z,z
10336,10634,-946009.079656119,-1462103.07380032,516093.994144203,-298,z,z
10337,10635,-1043082.19990441,-1531727.02969558,488644.82979116,-298,z,z
10338,10636,-1010355.31661036,-1601350.98559083,590995.668980472,-298,z,z
10339,10637,-1873450.87102673,-1670974.94148608,-202475.929540652,-298,z,z
10340,10638,-1389753.74161022,-1740598.89738134,350845.155771118,-298,z,z
10341,10639,-1245669.9249631,-1253231.20611456,7561.28115146584,-298,z,z
10342,10640,-755358.576206831,-1322855.16200982,567496.585802984,-298,z,z
10343,10641,-1551962.06045195,-1392479.11790507,-159482.942546882,-298,z,z
10344,10642,-1633495.57952353,-1462103.07380032,-171392.505723213,-298,z,z
10345,10643,-1468480.68483322,-1531727.02969558,63246.3448623563,-298,z,z
10346,10644,-1674345.09038363,-1601350.98559083,-72994.1047928031,-298,z,z
10347,10645,-1376396.56924759,-1670974.94148608,294578.372238494,-298,z,z
10348,10646,-2059636.64951141,-1740598.89738134,-319037.752130069,-298,z,z
10349,10647,-515494.353331404,-1253231.20611456,737736.852783157,-298,z,z
10350,10648,-1161815.24422193,-1322855.16200982,161039.917787886,-298,z,z
10351,10649,-1150600.07813814,-1392479.11790507,241879.039766927,-298,z,z
10352,10650,-1077265.18191944,-1462103.07380032,384837.891880882,-298,z,z
10353,10651,-1813537.3485393,-1531727.02969558,-281810.318843728,-298,z,z
10354,10652,-991201.798380277,-1601350.98559083,610149.187210552,-298,z,z
10355,10653,-2045129.37254546,-1670974.94148608,-374154.431059378,-298,z,z
10356,10654,-2110782.02345321,-1740598.89738134,-370183.126071879,-298,z,z
10357,10655,-1118456.86222019,-1253231.20611456,134774.34389437,-298,z,z
10358,10656,-620759.865829572,-1322855.16200982,702095.296180243,-298,z,z
10359,10657,-1227682.77387334,-1392479.11790507,164796.344031728,-298,z,z
10360,10658,-1423013.88558087,-1462103.07380032,39089.1882194516,-298,z,z
10361,10659,-1315749.42981643,-1531727.02969558,215977.599879146,-298,z,z
10362,10660,-1351648.51106601,-1601350.98559083,249702.474524821,-298,z,z
10363,10661,-1415482.15202722,-1670974.94148608,255492.789458865,-298,z,z
10364,10662,-2345321.71231825,-1740598.89738134,-604722.814936911,-298,z,z
10365,10663,-1262828.98627659,-1253231.20611456,-9597.7801620313,-298,z,z
10366,10664,-846969.960479355,-1322855.16200982,475885.20153046,-298,z,z
10367,10665,-984865.442516929,-1392479.11790507,407613.675388139,-298,z,z
10368,10666,-725691.268614122,-1462103.07380032,736411.805186201,-298,z,z
10369,10667,-1670974.94148608,-1531727.02969558,-139247.911790507,-298,z,z
10370,10668,-1628911.74199055,-1601350.98559083,-27560.7563997228,-298,z,z
10371,10669,-289412.643833317,-1670974.94148608,1381562.29765277,-298,z,z
10372,10670,-997266.380223204,-1740598.89738134,743332.517158132,-298,z,z
10373,10671,-869257.454045441,-1253231.20611456,383973.752069121,-298,z,z
10374,10672,-193540.660873347,-1322855.16200982,1129314.50113647,-298,z,z
10375,10673,-906592.034670447,-1392479.11790507,485887.083234621,-298,z,z
10376,10674,-999620.441575064,-1462103.07380032,462482.632225258,-298,z,z
10377,10675,-968257.178418259,-1531727.02969558,563469.851277316,-298,z,z
10378,10676,-1795390.41806729,-1601350.98559083,-194039.432476458,-298,z,z
10379,10677,-1331847.33570979,-1670974.94148608,339127.60577629,-298,z,z
10380,10678,-1193767.01142297,-1740598.89738134,546831.885958369,-298,z,z
10381,10679,-723885.302198213,-1253231.20611456,529345.903916349,-298,z,z
10382,10680,-1487296.97459979,-1322855.16200982,-164441.812589971,-298,z,z
10383,10681,-1565433.26371005,-1392479.11790507,-172954.145804985,-298,z,z
10384,10682,-1407293.98963183,-1462103.07380032,54809.084168487,-298,z,z
10385,10683,-1604580.71161765,-1531727.02969558,-72853.6819220716,-298,z,z
10386,10684,-1319046.71219561,-1601350.98559083,282304.273395223,-298,z,z
10387,10685,-1973818.45578176,-1670974.94148608,-302843.514295681,-298,z,z
10388,10686,-494015.421942596,-1740598.89738134,1246583.47543874,-298,z,z
10389,10687,-1113406.27571268,-1253231.20611456,139824.930401879,-298,z,z
10390,10688,-1102658.40821572,-1322855.16200982,220196.753794096,-298,z,z
10391,10689,-1032379.1326728,-1392479.11790507,360099.985232271,-298,z,z
10392,10690,-1737973.29235017,-1462103.07380032,-275870.218549844,-298,z,z
10393,10691,-949901.723447766,-1531727.02969558,581825.30624781,-298,z,z
10394,10692,-1959915.6486894,-1601350.98559083,-358564.663098571,-298,z,z
10395,10693,-2022832.772476,-1670974.94148608,-351857.830989915,-298,z,z
10396,10694,-1071854.49296102,-1740598.89738134,668744.404420319,-298,z,z
10397,10695,-594894.871420007,-1253231.20611456,658336.334694555,-298,z,z
10398,10696,-1176529.32496195,-1322855.16200982,146325.837047864,-298,z,z
10399,10697,-1363721.64034833,-1392479.11790507,28757.4775567341,-298,z,z
10400,10698,-1260926.53690741,-1462103.07380032,201176.536892911,-298,z,z
10401,10699,-1295329.82310492,-1531727.02969558,236397.206590651,-298,z,z
10402,10700,-1356503.72902608,-1601350.98559083,244847.256564746,-298,z,z
10403,10701,-2247599.97430499,-1670974.94148608,-576625.032818904,-298,z,z
10404,10702,-1210211.1118484,-1740598.89738134,530387.785532934,-298,z,z
10405,10703,-811679.545459382,-1253231.20611456,441551.66065518,-298,z,z
10406,10704,-943829.382412057,-1322855.16200982,379025.779597758,-298,z,z
10407,10705,-695454.132421866,-1392479.11790507,697024.985483202,-298,z,z
10408,10706,-1601350.98559083,-1462103.07380032,-139247.911790507,-298,z,z
10409,10707,-1561040.41940761,-1531727.02969558,-29313.3897120366,-298,z,z
10410,10708,-277353.783673595,-1601350.98559083,1323997.20191723,-298,z,z
10411,10709,-955713.61438057,-1670974.94148608,715261.327105512,-298,z,z
10412,10710,-833038.393460214,-1740598.89738134,907560.503921122,-298,z,z
10413,10711,-185476.466670291,-1253231.20611456,1067754.73944427,-298,z,z
10414,10712,-867174.989684776,-1322855.16200982,455680.17232504,-298,z,z
10415,10713,-956158.683245714,-1392479.11790507,436320.434659355,-298,z,z
10416,10714,-926159.040226161,-1462103.07380032,535944.033574161,-298,z,z
10417,10715,-1717329.96510784,-1531727.02969558,-185602.935412264,-298,z,z
10418,10716,-1273940.92980937,-1601350.98559083,327410.055781463,-298,z,z
10419,10717,-1141864.09788284,-1670974.94148608,529110.843603245,-298,z,z
10420,10718,-692412.028189595,-1740598.89738134,1048186.86919174,-298,z,z
10421,10719,-1422631.88874762,-1253231.20611456,-169400.68263306,-298,z,z
10422,10720,-1497370.94789657,-1322855.16200982,-174515.785886758,-298,z,z
10423,10721,-1346107.29443045,-1392479.11790507,46371.8234746179,-298,z,z
10424,10722,-1534816.33285166,-1462103.07380032,-72713.2590513404,-298,z,z
10425,10723,-1261696.85514362,-1531727.02969558,270030.174551953,-298,z,z
10426,10724,-1888000.26205212,-1601350.98559083,-286649.276461293,-298,z,z
10427,10725,-472536.490553787,-1670974.94148608,1198438.45093229,-298,z,z
10428,10726,-1064997.30720344,-1740598.89738134,675601.5901779,-298,z,z
10429,10727,-1054716.7382933,-1253231.20611456,198514.467821265,-298,z,z
10430,10728,-987493.083426154,-1322855.16200982,335362.078583661,-298,z,z
10431,10729,-1662409.23616103,-1392479.11790507,-269930.11825596,-298,z,z
10432,10730,-908601.648515254,-1462103.07380032,553501.425285068,-298,z,z
10433,10731,-1874701.92483334,-1531727.02969558,-342974.895137763,-298,z,z
10434,10732,-1934883.52149878,-1601350.98559083,-333532.535907951,-298,z,z
10435,10733,-1025252.12370184,-1670974.94148608,645722.81778424,-298,z,z
10436,10734,-569029.877010441,-1740598.89738134,1171569.02037089,-298,z,z
10437,10735,-1125375.87605056,-1253231.20611456,127855.330063999,-298,z,z
10438,10736,-1304429.3951158,-1322855.16200982,18425.7668940171,-298,z,z
10439,10737,-1206103.64399839,-1392479.11790507,186375.473906675,-298,z,z
10440,10738,-1239011.13514384,-1462103.07380032,223091.938656482,-298,z,z
10441,10739,-1297525.30602495,-1531727.02969558,234201.723670627,-298,z,z
10442,10740,-2149878.23629173,-1601350.98559083,-548527.250700897,-298,z,z
10443,10741,-1157593.23742021,-1670974.94148608,513381.704065872,-298,z,z
10444,10742,-776389.130439409,-1740598.89738134,964209.766941927,-298,z,z
10445,10743,-902793.322307185,-1253231.20611456,350437.883807377,-298,z,z
10446,10744,-665216.996229611,-1322855.16200982,657638.165780204,-298,z,z
10447,10745,-1531727.02969558,-1392479.11790507,-139247.911790507,-298,z,z
10448,10746,-1493169.09682467,-1462103.07380032,-31066.0230243502,-298,z,z
10449,10747,-265294.923513874,-1531727.02969558,1266432.1061817,-298,z,z
10450,10748,-914160.848537937,-1601350.98559083,687190.137052892,-298,z,z
10451,10749,-796819.332874988,-1670974.94148608,874155.608611095,-298,z,z
10452,10751,-177412.272467235,-1253231.20611456,1075818.93364733,-299,z,z
10453,10752,-827757.944699104,-1322855.16200982,495097.217310711,-299,z,z
10454,10753,-912696.924916363,-1392479.11790507,479782.192988706,-299,z,z
10455,10754,-884060.902034063,-1462103.07380032,578042.17176626,-299,z,z
10456,10755,-1639269.51214839,-1531727.02969558,-107542.482452817,-299,z,z
10457,10756,-1216034.52390894,-1601350.98559083,385316.461681888,-299,z,z
10458,10758,-1089961.18434271,-1253231.20611456,163270.021771853,-300,z,z
10459,10759,-660938.754180977,-1322855.16200982,661916.407828838,-300,z,z
10460,10760,-1357966.80289546,-1392479.11790507,34512.3150096114,-300,z,z
10461,10761,-1429308.63208309,-1462103.07380032,32794.4417172293,-300,z,z
10462,10762,-1284920.59922907,-1531727.02969558,246806.430466509,-300,z,z
10463,10764,-1465051.95408568,-1253231.20611456,-211820.747971116,-301,z,z
10464,10765,-1204346.99809164,-1322855.16200982,118508.163918175,-301,z,z
10465,10766,-1802182.06832248,-1392479.11790507,-409702.950417411,-301,z,z
10466,10767,-451057.559164979,-1462103.07380032,1011045.51463534,-301,z,z
10467,10769,-1016588.33869419,-1253231.20611456,236642.867420374,-302,z,z
10468,10770,-1006775.06837087,-1322855.16200982,316080.093638941,-302,z,z
10469,10771,-942607.03417951,-1392479.11790507,449872.083725558,-302,z,z
10470,10773,-1586845.17997189,-1253231.20611456,-333613.973857329,-303,z,z
10471,10774,-867301.573582743,-1322855.16200982,455553.588427073,-303,z,z
10472,10776,-1789488.20097728,-1253231.20611456,-536256.994862716,-304,z,z
10473,10779,-1846934.27052156,-119116671.133059,117269736.862538,-306,z,z
10474,10780,-978649.754442668,-116062461.616827,115083811.862384,-306,z,z
10475,10781,-543164.882600876,-113008252.100595,112465087.217994,-306,z,z
10476,10782,-1074222.42713917,-109954042.584362,108879820.157223,-306,z,z
10477,10783,-1245137.14988326,-106899833.06813,105654695.918247,-306,z,z
10478,10784,-1151280.75108938,-103845623.551898,102694342.800808,-306,z,z
10479,10785,-1182692.44718276,-100791414.035665,99608721.5884826,-306,z,z
10480,10786,-1238546.88302381,-97737204.5194331,96498657.6364093,-306,z,z
10481,10787,-2052156.49827847,-94682995.0032008,92630838.5049223,-306,z,z
10482,10788,-1104975.36299202,-91628785.4869685,90523810.1239765,-306,z,z
10483,10789,-741098.715419436,-88574575.9707362,87833477.2553168,-306,z,z
10484,10790,-861757.262202313,-85520366.454504,84658609.1923017,-306,z,z
10485,10791,-634979.860037356,-82466156.9382717,81831177.0782343,-306,z,z
10486,10792,-1462103.07380032,-79411947.4220394,77949844.348239,-306,z,z
10487,10793,-1425297.77424173,-76357737.9058071,74932440.1315654,-306,z,z
10488,10794,-253236.063354152,-73303528.3895748,73050292.3262207,-306,z,z
10489,10795,-872608.082695303,-70249318.8733425,69376710.7906472,-306,z,z
10490,10796,-760600.272289761,-67195109.3571103,66434509.0848205,-306,z,z
10491,10797,-169348.078264179,-64140899.840878,63971551.7626138,-306,z,z
10492,10798,-788340.899713433,-61086690.3246457,60298349.4249322,-306,z,z
10493,10799,-869235.166587012,-58032480.8084134,57163245.6418264,-306,z,z
10494,10800,-841962.763841964,-54978271.2921811,54136308.5283391,-306,z,z
10495,10801,-1561209.05918895,-51924061.7759488,50362852.7167599,-306,z,z
10496,10802,-1158128.11800851,-48869852.2597165,47711724.141708,-306,z,z
10497,10803,-1038058.27080258,-45815642.7434843,44777584.4726817,-306,z,z
10498,10804,-629465.480172359,-42761433.227252,42131967.7470796,-306,z,z
10499,10805,-1293301.71704329,-39707223.7110197,38413921.9939764,-306,z,z
10500,10806,-1361246.31626961,-36653014.1947874,35291767.8785178,-306,z,z
10501,10807,-1223733.90402768,-33598804.6785551,32375070.7745274,-306,z,z
10502,10808,-1395287.57531969,-30544595.1623228,29149307.5870031,-306,z,z
10503,10809,-1146997.14103966,-27490385.6460906,26343388.5050509,-306,z,z
10504,10810,-1716363.87459284,-24436176.1298583,22719812.2552654,-306,z,z
10505,10811,-429578.62777617,-21381966.613626,20952387.9858498,-306,z,z
10506,10812,-968179.370184941,-18327757.0973937,17359577.7272088,-306,z,z
10507,10813,-958833.398448452,-15273547.5811614,14314714.182713,-306,z,z
10508,10814,-897720.984932867,-12219338.0649291,11321617.0799963,-306,z,z
10509,10815,-1511281.12378275,-9165128.54869685,7653847.4249141,-306,z,z
10510,10816,-826001.498650231,-6110919.03246457,5284917.53381434,-306,z,z
10511,10817,-1704274.47712122,-3056709.51623228,1352435.03911107,-306,z,z
10512,10818,-1758985.01954434,-2500,-1756485.01954435,-306,z,z
10513,10820,-932047.385183493,-1221683.80649291,289636.421309421,-307,z,z
10514,10821,-517299.88819131,-1289555.12907585,772255.240884543,-307,z,z
10515,10822,-1023068.97822778,-1357426.45165879,334357.473431009,-307,z,z
10516,10823,-1185844.90465073,-1425297.77424173,239452.869591007,-307,z,z
10517,10824,-1096457.85818036,-1493169.09682467,396711.238644315,-307,z,z
10518,10825,-1126373.75922167,-1561040.41940761,434666.660185939,-307,z,z
10519,10826,-1179568.46002268,-1628911.74199055,449343.281967871,-307,z,z
10520,10827,-1954434.76026521,-1696783.06457349,-257651.695691714,-307,z,z
10521,10828,-1052357.48856383,-1221683.80649291,169326.317929086,-307,z,z
10522,10829,-705808.300399463,-1289555.12907585,583746.828676391,-307,z,z
10523,10830,-820721.202097441,-1357426.45165879,536705.249561352,-307,z,z
10524,10831,-604742.723845101,-1425297.77424173,820555.050396631,-307,z,z
10525,10832,-1392479.11790507,-1493169.09682467,100689.978919604,-307,z,z
10526,10833,-1357426.45165879,-1561040.41940761,203613.967748819,-307,z,z
10527,10834,-241177.20319443,-1628911.74199055,1387734.53879612,-307,z,z
10528,10835,-831055.31685267,-1696783.06457349,865727.747720822,-307,z,z
10529,10836,-724381.211704534,-1221683.80649291,497302.59478838,-307,z,z
10530,10837,-161283.884061122,-1289555.12907585,1128271.24501473,-307,z,z
10531,10838,-748923.854727761,-1357426.45165879,608502.596931032,-307,z,z
10532,10839,-825773.408257662,-1425297.77424173,599524.365984071,-307,z,z
10533,10840,-799864.625649866,-1493169.09682467,693304.471174806,-307,z,z
10534,10841,-1483148.6062295,-1561040.41940761,77891.8131781141,-307,z,z
10535,10842,-1100221.71210809,-1628911.74199055,528690.029882463,-307,z,z
10536,10843,-986155.357262451,-1696783.06457349,710627.70731104,-307,z,z
10537,10844,-597992.206163741,-1221683.80649291,623691.600329173,-307,z,z
10538,10845,-1228636.63119113,-1289555.12907585,60918.4978847255,-307,z,z
10539,10846,-1293184.00045613,-1357426.45165879,64242.4512026615,-307,z,z
10540,10847,-1162547.2088263,-1425297.77424173,262750.565415434,-307,z,z
10541,10848,-1325523.19655371,-1493169.09682467,167645.900270964,-307,z,z
10542,10849,-1089647.28398767,-1561040.41940761,471393.135419938,-307,z,z
10543,10850,-1630545.6808632,-1628911.74199055,-1633.93887264398,-307,z,z
10544,10851,-408099.696387362,-1696783.06457349,1288683.36818613,-307,z,z
10545,10852,-919770.401675694,-1221683.80649291,301913.40481722,-307,z,z
10546,10853,-910891.728526029,-1289555.12907585,378663.400549824,-307,z,z
10547,10854,-852834.935686224,-1357426.45165879,504591.515972569,-307,z,z
10548,10855,-1435717.06759362,-1425297.77424173,-10419.2933518831,-307,z,z
10549,10856,-784701.42371772,-1493169.09682467,708467.673106953,-307,z,z
10550,10857,-1619060.75326516,-1561040.41940761,-58020.3338575442,-307,z,z
10551,10858,-1671035.76856713,-1628911.74199055,-42124.0265765763,-307,z,z
10552,10859,-885445.015924318,-1696783.06457349,811338.048649173,-307,z,z
10553,10860,-491434.893781745,-1221683.80649291,730248.912711169,-307,z,z
10554,10861,-971915.529316395,-1289555.12907585,317639.599759458,-307,z,z
10555,10862,-1126552.65941819,-1357426.45165879,230873.792240604,-307,z,z
10556,10863,-1041634.96527134,-1425297.77424173,383662.808970393,-307,z,z
10557,10864,-1070055.07126059,-1493169.09682467,423114.025564083,-307,z,z
10558,10865,-1120590.03702155,-1561040.41940761,440450.382386065,-307,z,z
10559,10866,-1856713.02225194,-1628911.74199055,-227801.280261393,-307,z,z
10560,10867,-999739.614135636,-1696783.06457349,697043.450437855,-307,z,z
10561,10868,-670517.885379489,-1221683.80649291,551165.921113424,-307,z,z
10562,10869,-779685.141992569,-1289555.12907585,509869.987083284,-307,z,z
10563,10870,-574505.587652846,-1357426.45165879,782920.864005947,-307,z,z
10564,10871,-1322855.16200982,-1425297.77424173,102442.612231917,-307,z,z
10565,10872,-1289555.12907585,-1493169.09682467,203613.967748819,-307,z,z
10566,10873,-229118.343034709,-1561040.41940761,1331922.0763729,-307,z,z
10567,10874,-789502.551010036,-1628911.74199055,839409.190980515,-307,z,z
10568,10875,-688162.151119307,-1696783.06457349,1008620.91345418,-307,z,z
10569,10876,-153219.689858066,-1221683.80649291,1068464.11663485,-307,z,z
10570,10877,-709506.809742089,-1289555.12907585,580048.319333764,-307,z,z
10571,10878,-782311.649928311,-1357426.45165879,575114.801730482,-307,z,z
10572,10879,-757766.487457768,-1425297.77424173,667531.286783965,-307,z,z
10573,10880,-1405088.15327005,-1493169.09682467,88080.9435546217,-307,z,z
10574,10881,-1042315.30620766,-1561040.41940761,518725.113199949,-307,z,z
10575,10882,-934252.443722322,-1628911.74199055,694659.29826823,-307,z,z
10576,10883,-566518.932155123,-1696783.06457349,1130264.13241837,-307,z,z
10577,10884,-1163971.54533896,-1221683.80649291,57712.2611539504,-307,z,z
10578,10885,-1225121.68464265,-1289555.12907585,64433.4444332025,-307,z,z
10579,10886,-1101360.51362491,-1357426.45165879,256065.938033879,-307,z,z
10580,10887,-1255758.81778772,-1425297.77424173,169538.956454009,-307,z,z
10581,10888,-1032297.42693569,-1493169.09682467,460871.669888981,-307,z,z
10582,10889,-1544727.48713355,-1561040.41940761,16312.9322740582,-307,z,z
10583,10890,-386620.764998553,-1628911.74199055,1242290.976992,-307,z,z
10584,10891,-871361.433166447,-1696783.06457349,825421.631407044,-307,z,z
10585,10892,-862950.058603606,-1221683.80649291,358733.747889307,-307,z,z
10586,10893,-807948.88643958,-1289555.12907585,481606.242636273,-307,z,z
10587,10894,-1360153.01140448,-1357426.45165879,-2726.55974568497,-307,z,z
10588,10895,-743401.348785208,-1425297.77424173,681896.425456525,-307,z,z
10589,10896,-1533847.0294091,-1493169.09682467,-40677.9325844231,-307,z,z
10590,10897,-1583086.51758991,-1561040.41940761,-22046.0981822987,-307,z,z
10591,10898,-838842.646665144,-1628911.74199055,790069.095325408,-307,z,z
10592,10899,-465569.899372179,-1696783.06457349,1231213.16520131,-307,z,z
10593,10900,-920762.080405006,-1221683.80649291,300921.726087908,-307,z,z
10594,10901,-1067260.41418565,-1289555.12907585,222294.7148902,-307,z,z
10595,10902,-986812.072362322,-1357426.45165879,370614.379296471,-307,z,z
10596,10903,-1013736.38329951,-1425297.77424173,411561.390942227,-307,z,z
10597,10904,-1061611.61402041,-1493169.09682467,431557.48280426,-307,z,z
10598,10905,-1758991.28423868,-1561040.41940761,-197950.864831073,-307,z,z
10599,10906,-947121.739707445,-1628911.74199055,681790.002283107,-307,z,z
10600,10907,-635227.470359516,-1696783.06457349,1061555.59421397,-307,z,z
10601,10908,-738649.081887697,-1221683.80649291,483034.724605217,-307,z,z
10602,10909,-544268.451460591,-1289555.12907585,745286.677615262,-307,z,z
10603,10910,-1253231.20611456,-1357426.45165879,104195.245544231,-307,z,z
10604,10911,-1221683.80649291,-1425297.77424173,203613.967748819,-307,z,z
10605,10912,-217059.482874987,-1493169.09682467,1276109.61394968,-307,z,z
10606,10913,-747949.785167403,-1561040.41940761,813090.634240209,-307,z,z
10607,10914,-651943.090534081,-1628911.74199055,976968.651456471,-307,z,z
10608,10915,-145155.49565501,-1696783.06457349,1551627.56891848,-307,z,z
10609,10916,-5323801.07306567,-1221683.80649291,-4102117.26657276,-307,z,z
10610,10917,-5869837.37446233,-1289555.12907585,-4580282.24538648,-307,z,z
10611,10918,-5685748.65593326,-1357426.45165879,-4328322.20427447,-307,z,z
10612,10919,-10540661.1495254,-1425297.77424173,-9115363.37528364,-307,z,z
10613,10920,-7819864.79655747,-1493169.09682467,-6326695.6997328,-307,z,z
10614,10921,-7009393.32791741,-1561040.41940761,-5448352.9085098,-307,z,z
10615,10922,-4251391.99116342,-1628911.74199055,-2622480.24917287,-307,z,z
10616,10923,-8732286.59004222,-1696783.06457349,-7035503.52546873,-307,z,z
10617,10924,-9190912.63481988,-1221683.80649291,-7969228.82832697,-307,z,z
10618,10925,-8262703.85218686,-1289555.12907585,-6973148.723111,-307,z,z
10619,10926,-9420691.13340793,-1357426.45165879,-8063264.68174914,-307,z,z
10620,10927,-7744730.70201768,-1425297.77424173,-6319432.92777595,-307,z,z
10621,10928,-11587956.1535017,-1493169.09682467,-10094787.056677,-307,z,z
10622,10929,-2902155.73748915,-1561040.41940761,-1341115.31808154,-307,z,z
10623,10930,-6537710.74874835,-1628911.74199055,-4908799.0067578,-307,z,z
10624,10931,-6474625.43952705,-1696783.06457349,-4777842.37495356,-307,z,z
10625,10932,-6062116.64829685,-1221683.80649291,-4840432.84180394,-307,z,z
10626,10933,-10203647.5855336,-1289555.12907585,-8914092.45645773,-307,z,z
10627,10934,-5578010.11588906,-1357426.45165879,-4220583.66423027,-307,z,z
10628,10935,-11506352.7205682,-1425297.77424173,-10081054.9463265,-307,z,z
10629,10936,-11875648.8819243,-1493169.09682467,-10382479.7850997,-307,z,z
10630,10937,-6293819.84998858,-1561040.41940761,-4732779.43058097,-307,z,z
10631,10938,-3494274.24529134,-1628911.74199055,-1865362.50330079,-307,z,z
10632,10939,-6908215.60303754,-1696783.06457349,-5211432.53846405,-307,z,z
10633,10940,-8006953.1063924,-1221683.80649291,-6785269.29989948,-307,z,z
10634,10941,-7403590.54271741,-1289555.12907585,-6114035.41364156,-307,z,z
10635,10942,-7605522.87474629,-1357426.45165879,-6248096.4230875,-307,z,z
10636,10943,-7964587.1051531,-1425297.77424173,-6539289.33091136,-307,z,z
10637,10944,-13194934.6317901,-1493169.09682467,-11701765.5349655,-307,z,z
10638,10945,-7105913.04780583,-1561040.41940761,-5544872.62839822,-307,z,z
10639,10946,-4766706.02769637,-1628911.74199055,-3137794.28570582,-307,z,z
10640,10947,-5542368.11415773,-1696783.06457349,-3845585.04958424,-307,z,z
10641,10948,-4084513.38595443,-1221683.80649291,-2862829.57946152,-307,z,z
10642,10949,-9401734.04585921,-1289555.12907585,-8112178.91678336,-307,z,z
10643,10950,-9165128.54869685,-1357426.45165879,-7807702.09703806,-307,z,z
10644,10951,-1630446.12156241,-1425297.77424173,-205148.347320673,-307,z,z
10645,10952,-5612123.38875552,-1493169.09682467,-4118954.29193085,-307,z,z
10646,10953,-4892073.1790056,-1561040.41940761,-3331032.75959799,-307,z,z
10647,10954,-1091166.21741258,-1628911.74199055,537745.524577975,-307,z,z
10648,10955,-985426.124641791,-1696783.06457349,711356.939931701,-307,z,z
10649,10956,-1086543.95823377,-1221683.80649291,135139.848259148,-307,z,z
10650,10957,-1052453.45480246,-1289555.12907585,237101.674273398,-307,z,z
10651,10958,-1951511.32398618,-1357426.45165879,-594084.872327389,-307,z,z
10652,10959,-1447660.14751064,-1425297.77424173,-22362.3732689109,-307,z,z
10653,10960,-1297572.83850322,-1493169.09682467,195596.258321448,-307,z,z
10654,10961,-786831.850215449,-1561040.41940761,774208.569192163,-307,z,z
10655,10962,-1616627.14630412,-1628911.74199055,12284.5956864357,-307,z,z
10656,10963,-1701557.89533702,-1696783.06457349,-4774.83076352393,-307,z,z
10657,10964,-1529667.3800346,-1221683.80649291,-307983.57354169,-307,z,z
10658,10965,-1744109.46914962,-1289555.12907585,-454554.340073763,-307,z,z
10659,10966,-1433746.42629957,-1357426.45165879,-76319.9746407783,-307,z,z
10660,10967,-2145454.84324105,-1425297.77424173,-720157.068999314,-307,z,z
10661,10968,-536973.284720213,-1493169.09682467,956195.81210446,-307,z,z
10662,10969,-1210224.21273118,-1561040.41940761,350816.206676435,-307,z,z
10663,10970,-1198541.74806056,-1628911.74199055,430369.993929987,-307,z,z
10664,10971,-1122151.23116608,-1696783.06457349,574631.833407407,-307,z,z
10665,10972,-1889101.40472844,-1221683.80649291,-667417.598235528,-307,z,z
10666,10973,-1032501.87331279,-1289555.12907585,257053.255763065,-307,z,z
10667,10974,-2130343.09640152,-1357426.45165879,-772916.644742728,-307,z,z
10668,10975,-2198731.27443043,-1425297.77424173,-773433.500188699,-307,z,z
10669,10976,-1165059.23147937,-1493169.09682467,328109.865345306,-307,z,z
10670,10977,-646624.860239138,-1561040.41940761,914415.559168474,-307,z,z
10671,10978,-1278836.22278473,-1628911.74199055,350075.519205822,-307,z,z
10672,10979,-1482306.13081341,-1696783.06457349,214476.933760084,-307,z,z
10673,10980,-1370572.32272545,-1221683.80649291,-148888.516232533,-307,z,z
10674,10981,-1407967.19902709,-1289555.12907585,-118412.069951238,-307,z,z
10675,10982,-1474460.57502835,-1357426.45165879,-117034.123369558,-307,z,z
10676,10983,-2443043.45033151,-1425297.77424173,-1017745.67608977,-307,z,z
10677,10984,-1315446.86070478,-1493169.09682467,177722.236119888,-307,z,z
10678,10985,-882260.375499328,-1561040.41940761,678780.043908284,-307,z,z
10679,10986,-1025901.5026218,-1628911.74199055,603010.23936875,-307,z,z
10680,10987,-755928.404806377,-1696783.06457349,940854.659767115,-307,z,z
10681,10988,-1740598.89738134,-1221683.80649291,-518915.090888422,-307,z,z
10682,10989,-1696783.06457349,-1289555.12907585,-407227.935497638,-307,z,z
10683,10990,-301471.503993038,-1357426.45165879,1055954.94766575,-307,z,z
10684,10991,-1038819.14606584,-1425297.77424173,386478.628175895,-307,z,z
10685,10992,-905476.514630667,-1493169.09682467,587692.582194005,-307,z,z
10686,10993,-201604.855076403,-1561040.41940761,1359435.56433121,-307,z,z
10687,10994,-946009.079656119,-1628911.74199055,682902.662334433,-307,z,z
10688,10995,-1043082.19990441,-1696783.06457349,653700.864669076,-307,z,z
10689,10996,-1010355.31661036,-1221683.80649291,211328.489882556,-307,z,z
10690,10997,-1873450.87102673,-1289555.12907585,-583895.741950881,-307,z,z
10691,10998,-1389753.74161022,-1357426.45165879,-32327.2899514248,-307,z,z
10692,10999,-1245669.9249631,-1425297.77424173,179627.849278637,-307,z,z
10693,11000,-755358.576206831,-1493169.09682467,737810.520617841,-307,z,z
10694,11001,-1551962.06045195,-1561040.41940761,9078.35895566084,-307,z,z
10695,11002,-1633495.57952353,-1628911.74199055,-4583.83753298316,-307,z,z
10696,11003,-1468480.68483322,-1696783.06457349,228302.379740272,-307,z,z
10697,11004,-1674345.09038363,-1221683.80649291,-452661.283890718,-307,z,z
10698,11005,-1376396.56924759,-1289555.12907585,-86841.4401717351,-307,z,z
10699,11006,-2059636.64951141,-1357426.45165879,-702210.197852612,-307,z,z
10700,11007,-515494.353331404,-1425297.77424173,909803.420910328,-307,z,z
10701,11008,-1161815.24422193,-1493169.09682467,331353.852602743,-307,z,z
10702,11009,-1150600.07813814,-1561040.41940761,410440.34126947,-307,z,z
10703,11010,-1077265.18191944,-1628911.74199055,551646.560071111,-307,z,z
10704,11011,-1813537.3485393,-1696783.06457349,-116754.283965813,-307,z,z
10705,11012,-991201.798380277,-1221683.80649291,230482.008112636,-307,z,z
10706,11013,-2045129.37254546,-1289555.12907585,-755574.243469607,-307,z,z
10707,11014,-2110782.02345321,-1357426.45165879,-753355.571794422,-307,z,z
10708,11015,-1118456.86222019,-1425297.77424173,306840.912021541,-307,z,z
10709,11016,-620759.865829572,-1493169.09682467,872409.2309951,-307,z,z
10710,11017,-1227682.77387334,-1561040.41940761,333357.645534271,-307,z,z
10711,11018,-1423013.88558087,-1628911.74199055,205897.856409681,-307,z,z
10712,11019,-1315749.42981643,-1696783.06457349,381033.634757062,-307,z,z
10713,11020,-1351648.51106601,-1221683.80649291,-129964.704573094,-307,z,z
10714,11021,-1415482.15202722,-1289555.12907585,-125927.022951364,-307,z,z
10715,11022,-2345321.71231825,-1357426.45165879,-987895.260659453,-307,z,z
10716,11023,-1262828.98627659,-1425297.77424173,162468.78796514,-307,z,z
10717,11024,-846969.960479355,-1493169.09682467,646199.136345317,-307,z,z
10718,11025,-984865.442516929,-1561040.41940761,576174.976890683,-307,z,z
10719,11026,-725691.268614122,-1628911.74199055,903220.47337643,-307,z,z
10720,11027,-1670974.94148608,-1696783.06457349,25808.123087409,-307,z,z
10721,11028,-1628911.74199055,-1221683.80649291,-407227.935497638,-307,z,z
10722,11029,-289412.643833317,-1289555.12907585,1000142.48524254,-307,z,z
10723,11030,-997266.380223204,-1357426.45165879,360160.071435589,-307,z,z
10724,11031,-869257.454045441,-1425297.77424173,556040.320196292,-307,z,z
10725,11032,-193540.660873347,-1493169.09682467,1299628.43595133,-307,z,z
10726,11033,-906592.034670447,-1561040.41940761,654448.384737165,-307,z,z
10727,11034,-999620.441575064,-1628911.74199055,629291.300415487,-307,z,z
10728,11035,-968257.178418259,-1696783.06457349,728525.886155232,-307,z,z
10729,11036,-1795390.41806729,-1221683.80649291,-573706.611574373,-307,z,z
10730,11037,-1331847.33570979,-1289555.12907585,-42292.2066339387,-307,z,z
10731,11038,-1193767.01142297,-1357426.45165879,163659.440235826,-307,z,z
10732,11039,-723885.302198213,-1425297.77424173,701412.47204352,-307,z,z
10733,11040,-1487296.97459979,-1493169.09682467,5872.12222488574,-307,z,z
10734,11041,-1565433.26371005,-1561040.41940761,-4392.84430244193,-307,z,z
10735,11042,-1407293.98963183,-1628911.74199055,221617.752358716,-307,z,z
10736,11043,-1604580.71161765,-1696783.06457349,92202.3529558443,-307,z,z
10737,11044,-1319046.71219561,-1221683.80649291,-97362.905702692,-307,z,z
10738,11045,-1973818.45578176,-1289555.12907585,-684263.32670591,-307,z,z
10739,11046,-494015.421942596,-1357426.45165879,863411.029716197,-307,z,z
10740,11047,-1113406.27571268,-1425297.77424173,311891.49852905,-307,z,z
10741,11048,-1102658.40821572,-1493169.09682467,390510.688608953,-307,z,z
10742,11049,-1032379.1326728,-1561040.41940761,528661.286734815,-307,z,z
10743,11050,-1737973.29235017,-1628911.74199055,-109061.550359615,-307,z,z
10744,11051,-949901.723447766,-1696783.06457349,746881.341125726,-307,z,z
10745,11052,-1959915.6486894,-1221683.80649291,-738231.842196486,-307,z,z
10746,11053,-2022832.772476,-1289555.12907585,-733277.643400144,-307,z,z
10747,11054,-1071854.49296102,-1357426.45165879,285571.958697776,-307,z,z
10748,11055,-594894.871420007,-1425297.77424173,830402.902821726,-307,z,z
10749,11056,-1176529.32496195,-1493169.09682467,316639.771862721,-307,z,z
10750,11057,-1363721.64034833,-1561040.41940761,197318.779059277,-307,z,z
10751,11058,-1260926.53690741,-1628911.74199055,367985.20508314,-307,z,z
10752,11059,-1295329.82310492,-1696783.06457349,401453.241468567,-307,z,z
10753,11060,-1356503.72902608,-1221683.80649291,-134819.922533169,-307,z,z
10754,11061,-2247599.97430499,-1289555.12907585,-958044.845229133,-307,z,z
10755,11062,-1210211.1118484,-1357426.45165879,147215.339810391,-307,z,z
10756,11063,-811679.545459382,-1425297.77424173,613618.228782351,-307,z,z
10757,11064,-943829.382412057,-1493169.09682467,549339.714412615,-307,z,z
10758,11065,-695454.132421866,-1561040.41940761,865586.286985745,-307,z,z
10759,11066,-1601350.98559083,-1628911.74199055,27560.7563997228,-307,z,z
10760,11068,-1561040.41940761,-1221683.80649291,-339356.612914698,-308,z,z
10761,11069,-277353.783673595,-1289555.12907585,1012201.34540226,-308,z,z
10762,11070,-955713.61438057,-1357426.45165879,401712.837278223,-308,z,z
10763,11071,-833038.393460214,-1425297.77424173,592259.380781518,-308,z,z
10764,11072,-185476.466670291,-1493169.09682467,1307692.63015438,-308,z,z
10765,11073,-867174.989684776,-1561040.41940761,693865.429722836,-308,z,z
10766,11075,-956158.683245714,-1221683.80649291,265525.1232472,-309,z,z
10767,11076,-926159.040226161,-1289555.12907585,363396.088849693,-309,z,z
10768,11077,-1717329.96510784,-1357426.45165879,-359903.513449047,-309,z,z
10769,11078,-1273940.92980937,-1425297.77424173,151356.844432366,-309,z,z
10770,11079,-1141864.09788284,-1493169.09682467,351304.998941835,-309,z,z
10771,11081,-692412.028189595,-1221683.80649291,529271.778303319,-310,z,z
10772,11082,-1422631.88874762,-1289555.12907585,-133076.759671769,-310,z,z
10773,11083,-1497370.94789657,-1357426.45165879,-139944.49623778,-310,z,z
10774,11084,-1346107.29443045,-1425297.77424173,79190.4798112819,-310,z,z
10775,11086,-1534816.33285166,-1221683.80649291,-313132.526358749,-311,z,z
10776,11087,-1261696.85514362,-1289555.12907585,27858.2739322307,-311,z,z
10777,11088,-1888000.26205212,-1357426.45165879,-530573.810393328,-311,z,z
10778,11090,-472536.490553787,-1221683.80649291,749147.315939126,-312,z,z
10779,11091,-1064997.30720344,-1289555.12907585,224557.821872418,-312,z,z
10780,11093,-1054716.7382933,-1221683.80649291,166967.068199617,-313,z,z
10781,11096,-987493.083426154,-21165799.5803113,20178306.4968851,-315,z,z
10782,11097,-1662409.23616103,-20623150.8731238,18960741.6369628,-315,z,z
10783,11098,-908601.648515254,-20080502.1659363,19171900.5174211,-315,z,z
10784,11099,-1874701.92483334,-19537853.4587489,17663151.5339155,-315,z,z
10785,11100,-1934883.52149878,-18995204.7515614,17060321.2300626,-315,z,z
10786,11101,-1025252.12370184,-18452556.0443739,17427303.9206721,-315,z,z
10787,11102,-569029.877010441,-17909907.3371865,17340877.460176,-315,z,z
10788,11103,-1125375.87605056,-17367258.629999,16241882.7539484,-315,z,z
10789,11104,-1304429.3951158,-16824609.9228115,15520180.5276957,-315,z,z
10790,11105,-1206103.64399839,-16281961.2156241,15075857.5716257,-315,z,z
10791,11106,-1239011.13514384,-15739312.5084366,14500301.3732927,-315,z,z
10792,11107,-1297525.30602495,-15196663.8012491,13899138.4952242,-315,z,z
10793,11108,-2149878.23629173,-14654015.0940616,12504136.8577699,-315,z,z
10794,11109,-1157593.23742021,-14111366.3868742,12953773.149454,-315,z,z
10795,11110,-776389.130439409,-13568717.6796867,12792328.5492473,-315,z,z
10796,11111,-902793.322307185,-13026068.9724992,12123275.6501921,-315,z,z
10797,11112,-665216.996229611,-12483420.2653118,11818203.2690822,-315,z,z
10798,11113,-1531727.02969558,-11940771.5581243,10409044.5284287,-315,z,z
10799,11114,-1493169.09682467,-11398122.8509368,9904953.75411217,-315,z,z
10800,11115,-265294.923513874,-10855474.1437494,10590179.2202355,-315,z,z
10801,11116,-914160.848537937,-10312825.4365619,9398664.58802396,-315,z,z
10802,11117,-796819.332874988,-9770176.72937443,8973357.39649944,-315,z,z
10803,11118,-177412.272467235,-9227528.02218696,9050115.74971973,-315,z,z
10804,11119,-827757.944699104,-8684879.31499949,7857121.37030039,-315,z,z
10805,11120,-912696.924916363,-8142230.60781203,7229533.68289566,-315,z,z
10806,11121,-884060.902034063,-7599581.90062456,6715520.9985905,-315,z,z
10807,11122,-1639269.51214839,-7056933.19343709,5417663.6812887,-315,z,z
10808,11123,-1216034.52390894,-6514284.48624962,5298249.96234068,-315,z,z
10809,11124,-1089961.18434271,-5971635.77906215,4881674.59471944,-315,z,z
10810,11125,-660938.754180977,-5428987.07187468,4768048.31769371,-315,z,z
10811,11126,-1357966.80289546,-4886338.36468722,3528371.56179176,-315,z,z
10812,11127,-1429308.63208309,-4343689.65749975,2914381.02541665,-315,z,z
10813,11128,-1284920.59922907,-3801040.95031228,2516120.35108321,-315,z,z
10814,11129,-1465051.95408568,-3258392.24312481,1793340.28903913,-315,z,z
10815,11130,-1204346.99809164,-2715743.53593734,1511396.5378457,-315,z,z
10816,11131,-1802182.06832248,-2173094.82874987,370912.760427394,-315,z,z
10817,11132,-451057.559164979,-1630446.12156241,1179388.56239743,-315,z,z
10818,11133,-1016588.33869419,-1087797.41437494,71209.0756807488,-315,z,z
10819,11134,-1006775.06837087,-545148.707187469,-461626.361183406,-315,z,z
10820,11135,-942607.03417951,-2500,-940107.03417951,-315,z,z
10821,11137,-1586845.17997189,-217059.482874987,-1369785.6970969,-316,z,z
10822,11138,-867301.573582743,-229118.343034709,-638183.230548034,-316,z,z
10823,11139,-1789488.20097728,-241177.20319443,-1548310.99778285,-316,z,z
10824,11140,-1846934.27052156,-253236.063354152,-1593698.20716741,-316,z,z
10825,11141,-978649.754442668,-265294.923513874,-713354.830928794,-316,z,z
10826,11142,-543164.882600876,-277353.783673595,-265811.098927281,-316,z,z
10827,11143,-1074222.42713917,-289412.643833317,-784809.783305857,-316,z,z
10828,11144,-1245137.14988326,-301471.503993038,-943665.645890224,-316,z,z
10829,11145,-1151280.75108938,-217059.482874987,-934221.268214388,-316,z,z
10830,11146,-1182692.44718276,-229118.343034709,-953574.104148048,-316,z,z
10831,11147,-1238546.88302381,-241177.20319443,-997369.679829385,-316,z,z
10832,11148,-2052156.49827847,-253236.063354152,-1798920.43492431,-316,z,z
10833,11149,-1104975.36299202,-265294.923513874,-839680.439478145,-316,z,z
10834,11150,-741098.715419436,-277353.783673595,-463744.931745841,-316,z,z
10835,11151,-861757.262202313,-289412.643833317,-572344.618368997,-316,z,z
10836,11152,-634979.860037356,-301471.503993038,-333508.356044318,-316,z,z
10837,11153,-1462103.07380032,-217059.482874987,-1245043.59092533,-316,z,z
10838,11154,-1425297.77424173,-229118.343034709,-1196179.43120702,-316,z,z
10839,11155,-253236.063354152,-241177.20319443,-12058.8601597215,-316,z,z
10840,11156,-872608.082695303,-253236.063354152,-619372.019341151,-316,z,z
10841,11157,-760600.272289761,-265294.923513874,-495305.348775887,-316,z,z
10842,11158,-169348.078264179,-277353.783673595,108005.705409416,-316,z,z
10843,11159,-788340.899713433,-289412.643833317,-498928.255880116,-316,z,z
10844,11160,-869235.166587012,-301471.503993038,-567763.662593974,-316,z,z
10845,11161,-841962.763841964,-217059.482874987,-624903.280966977,-316,z,z
10846,11162,-1561209.05918895,-229118.343034709,-1332090.71615424,-316,z,z
10847,11163,-1158128.11800851,-241177.20319443,-916950.914814084,-316,z,z
10848,11164,-1038058.27080258,-253236.063354152,-784822.207448428,-316,z,z
10849,11165,-629465.480172359,-265294.923513874,-364170.556658485,-316,z,z
10850,11166,-1293301.71704329,-277353.783673595,-1015947.9333697,-316,z,z
10851,11167,-1361246.31626961,-289412.643833317,-1071833.6724363,-316,z,z
10852,11168,-1223733.90402768,-301471.503993038,-922262.400034645,-316,z,z
10853,11169,-1395287.57531969,-217059.482874987,-1178228.09244471,-316,z,z
10854,11170,-1146997.14103966,-229118.343034709,-917878.798004948,-316,z,z
10855,11171,-1716363.87459284,-241177.20319443,-1475186.67139841,-316,z,z
10856,11172,-429578.62777617,-253236.063354152,-176342.564422018,-316,z,z
10857,11173,-968179.370184941,-265294.923513874,-702884.446671068,-316,z,z
10858,11174,-958833.398448452,-277353.783673595,-681479.614774857,-316,z,z
10859,11175,-897720.984932867,-289412.643833317,-608308.341099551,-316,z,z
10860,11176,-1511281.12378275,-301471.503993038,-1209809.61978971,-316,z,z
10861,11177,-826001.498650231,-217059.482874987,-608942.015775244,-316,z,z
10862,11178,-1704274.47712122,-229118.343034709,-1475156.13408651,-316,z,z
10863,11179,-1758985.01954434,-241177.20319443,-1517807.81634991,-316,z,z
10864,11180,-932047.385183493,-253236.063354152,-678811.321829341,-316,z,z
10865,11181,-517299.88819131,-265294.923513874,-252004.964677437,-316,z,z
10866,11182,-1023068.97822778,-277353.783673595,-745715.194554189,-316,z,z
10867,11183,-1185844.90465073,-289412.643833317,-896432.260817409,-316,z,z
10868,11184,-1096457.85818036,-301471.503993038,-794986.35418732,-316,z,z
10869,11185,-1126373.75922167,-217059.482874987,-909314.276346685,-316,z,z
10870,11186,-1179568.46002268,-229118.343034709,-950450.116987972,-316,z,z
10871,11187,-1954434.76026521,-241177.20319443,-1713257.55707077,-316,z,z
10872,11188,-1052357.48856383,-253236.063354152,-799121.425209675,-316,z,z
10873,11189,-705808.300399463,-265294.923513874,-440513.376885589,-316,z,z
10874,11190,-820721.202097441,-277353.783673595,-543367.418423846,-316,z,z
10875,11191,-604742.723845101,-289412.643833317,-315330.080011785,-316,z,z
10876,11192,-1392479.11790507,-301471.503993038,-1091007.61391203,-316,z,z
10877,11193,-1357426.45165879,-217059.482874987,-1140366.96878381,-316,z,z
10878,11194,-241177.20319443,-229118.343034709,-12058.8601597215,-316,z,z
10879,11195,-831055.31685267,-241177.20319443,-589878.113658239,-316,z,z
10880,11196,-724381.211704534,-253236.063354152,-471145.148350382,-316,z,z
10881,11197,-161283.884061122,-265294.923513874,104011.039452751,-316,z,z
10882,11198,-748923.854727761,-277353.783673595,-471570.071054166,-316,z,z
10883,11199,-825773.408257662,-289412.643833317,-536360.764424345,-316,z,z
10884,11200,-799864.625649866,-301471.503993038,-498393.121656828,-316,z,z
10885,11201,-1483148.6062295,-217059.482874987,-1266089.12335451,-316,z,z
10886,11202,-1100221.71210809,-229118.343034709,-871103.36907338,-316,z,z
10887,11203,-986155.357262451,-241177.20319443,-744978.15406802,-316,z,z
10888,11204,-597992.206163741,-253236.063354152,-344756.142809589,-316,z,z
10889,11205,-1228636.63119113,-265294.923513874,-963341.707677254,-316,z,z
10890,11206,-1293184.00045613,-277353.783673595,-1015830.21678254,-316,z,z
10891,11207,-1162547.2088263,-289412.643833317,-873134.564992982,-316,z,z
10892,11208,-1325523.19655371,-301471.503993038,-1024051.69256067,-316,z,z
10893,11209,-1089647.28398767,-217059.482874987,-872587.801112687,-316,z,z
10894,11210,-1630545.6808632,-229118.343034709,-1401427.33782849,-316,z,z
10895,11211,-408099.696387362,-241177.20319443,-166922.493192931,-316,z,z
10896,11212,-919770.401675694,-253236.063354152,-666534.338321542,-316,z,z
10897,11213,-910891.728526029,-265294.923513874,-645596.805012155,-316,z,z
10898,11214,-852834.935686224,-277353.783673595,-575481.152012629,-316,z,z
10899,11215,-1435717.06759362,-289412.643833317,-1146304.4237603,-316,z,z
10900,11216,-784701.42371772,-301471.503993038,-483229.919724681,-316,z,z
10901,11217,-1619060.75326516,-217059.482874987,-1402001.27039017,-316,z,z
10902,11218,-1671035.76856713,-229118.343034709,-1441917.42553242,-316,z,z
10903,11219,-885445.015924318,-241177.20319443,-644267.812729888,-316,z,z
10904,11220,-491434.893781745,-253236.063354152,-238198.830427593,-316,z,z
10905,11221,-971915.529316395,-265294.923513874,-706620.605802521,-316,z,z
10906,11222,-1126552.65941819,-277353.783673595,-849198.875744594,-316,z,z
10907,11223,-1041634.96527134,-289412.643833317,-752222.321438023,-316,z,z
10908,11224,-1070055.07126059,-301471.503993038,-768583.567267551,-316,z,z
10909,11225,-1120590.03702155,-217059.482874987,-903530.554146559,-316,z,z
10910,11226,-1856713.02225194,-229118.343034709,-1627594.67921724,-316,z,z
10911,11227,-999739.614135636,-241177.20319443,-758562.410941206,-316,z,z
10912,11228,-670517.885379489,-253236.063354152,-417281.822025338,-316,z,z
10913,11229,-779685.141992569,-265294.923513874,-514390.218478695,-316,z,z
10914,11230,-574505.587652846,-277353.783673595,-297151.803979251,-316,z,z
10915,11231,-1322855.16200982,-289412.643833317,-1033442.5181765,-316,z,z
10916,11232,-1289555.12907585,-301471.503993038,-988083.625082815,-316,z,z
10917,11233,-229118.343034709,-217059.482874987,-12058.8601597215,-316,z,z
10918,11234,-789502.551010036,-229118.343034709,-560384.207975327,-316,z,z
10919,11235,-688162.151119307,-241177.20319443,-446984.947924877,-316,z,z
10920,11236,-153219.689858066,-253236.063354152,100016.373496086,-316,z,z
10921,11237,-709506.809742089,-265294.923513874,-444211.886228216,-316,z,z
10922,11238,-782311.649928311,-277353.783673595,-504957.866254716,-316,z,z
10923,11239,-757766.487457768,-289412.643833317,-468353.843624451,-316,z,z
10924,11240,-1405088.15327005,-301471.503993038,-1103616.64927701,-316,z,z
10925,11241,-1042315.30620766,-217059.482874987,-825255.823332676,-316,z,z
10926,11242,-934252.443722322,-229118.343034709,-705134.100687613,-316,z,z
10927,11243,-566518.932155123,-241177.20319443,-325341.728960693,-316,z,z
10928,11244,-1163971.54533896,-253236.063354152,-910735.481984811,-316,z,z
10929,11245,-1225121.68464265,-265294.923513874,-959826.761128777,-316,z,z
10930,11246,-1101360.51362491,-277353.783673595,-824006.729951319,-316,z,z
10931,11247,-1255758.81778772,-289412.643833317,-966346.173954407,-316,z,z
10932,11248,-1032297.42693569,-301471.503993038,-730825.922942653,-316,z,z
10933,11249,-1544727.48713355,-217059.482874987,-1327668.00425857,-316,z,z
10934,11250,-386620.764998553,-229118.343034709,-157502.421963844,-316,z,z
10935,11251,-871361.433166447,-241177.20319443,-630184.229972017,-316,z,z
10936,11252,-862950.058603606,-253236.063354152,-609713.995249455,-316,z,z
10937,11253,-807948.88643958,-265294.923513874,-542653.962925707,-316,z,z
10938,11254,-1360153.01140448,-277353.783673595,-1082799.22773088,-316,z,z
10939,11255,-743401.348785208,-289412.643833317,-453988.704951891,-316,z,z
10940,11256,-1533847.0294091,-301471.503993038,-1232375.52541606,-316,z,z
10941,11257,-1583086.51758991,-217059.482874987,-1366027.03471492,-316,z,z
10942,11258,-838842.646665144,-229118.343034709,-609724.303630435,-316,z,z
10943,11259,-465569.899372179,-241177.20319443,-224392.696177749,-316,z,z
10944,11260,-920762.080405006,-253236.063354152,-667526.017050854,-316,z,z
10945,11261,-1067260.41418565,-265294.923513874,-801965.49067178,-316,z,z
10946,11262,-986812.072362322,-277353.783673595,-709458.288688727,-316,z,z
10947,11263,-1013736.38329951,-289412.643833317,-724323.739466189,-316,z,z
10948,11264,-1061611.61402041,-301471.503993038,-760140.110027375,-316,z,z
10949,11265,-1758991.28423868,-217059.482874987,-1541931.8013637,-316,z,z
10950,11266,-947121.739707445,-229118.343034709,-718003.396672736,-316,z,z
10951,11267,-635227.470359516,-241177.20319443,-394050.267165086,-316,z,z
10952,11268,-738649.081887697,-253236.063354152,-485413.018533545,-316,z,z
10953,11269,-544268.451460591,-265294.923513874,-278973.527946718,-316,z,z
10954,11270,-1253231.20611456,-277353.783673595,-975877.422440967,-316,z,z
10955,11271,-1221683.80649291,-289412.643833317,-932271.162659597,-316,z,z
10956,11272,-217059.482874987,-301471.503993038,84412.0211180506,-316,z,z
10957,11273,-747949.785167403,-217059.482874987,-530890.302292415,-316,z,z
10958,11274,-651943.090534081,-229118.343034709,-422824.747499372,-316,z,z
10959,11275,-145155.49565501,-241177.20319443,96021.7075394202,-316,z,z
10960,11276,-3550034.04871045,-253236.063354152,-3296797.98535629,-316,z,z
10961,11277,-3914058.24964156,-265294.923513874,-3648763.32612768,-316,z,z
10962,11278,-3791332.43728884,-277353.783673595,-3513978.65361524,-316,z,z
10963,11279,-7027940.76635025,-289412.643833317,-6738528.12251694,-316,z,z
10964,11280,-5214076.53103832,-301471.503993038,-4912605.02704528,-316,z,z
10965,11281,-4673762.21861161,-217059.482874987,-4456702.73573662,-316,z,z
10966,11282,-2835094.66077562,-229118.343034709,-2605976.31774091,-316,z,z
10967,11283,-5822357.72669482,-241177.20319443,-5581180.52350039,-316,z,z
10968,11284,-6128108.42321325,-253236.063354152,-5874872.3598591,-316,z,z
10969,11285,-5509302.56812457,-265294.923513874,-5244007.6446107,-316,z,z
10970,11286,-6281294.08893862,-277353.783673595,-6003940.30526502,-316,z,z
10971,11287,-5163987.13467846,-289412.643833317,-4874574.49084514,-316,z,z
10972,11288,-7726137.43566777,-301471.503993038,-7424665.93167473,-316,z,z
10973,11289,-1935603.82499277,-217059.482874987,-1718544.34211778,-316,z,z
10974,11290,-4359307.16583223,-229118.343034709,-4130188.82279753,-316,z,z
10975,11291,-4317250.29301803,-241177.20319443,-4076073.0898236,-316,z,z
10976,11292,-4042244.4321979,-253236.063354152,-3789008.36884375,-316,z,z
10977,11293,-6803265.05702239,-265294.923513874,-6537970.13350852,-316,z,z
10978,11294,-3719506.74392604,-277353.783673595,-3442152.96025244,-316,z,z
10979,11295,-7671735.14704548,-289412.643833317,-7382322.50321216,-316,z,z
10980,11296,-7917932.58794955,-301471.503993038,-7616461.08395651,-316,z,z
10981,11297,-4196713.23332572,-217059.482874987,-3979653.75045073,-316,z,z
10982,11298,-2330349.4968609,-229118.343034709,-2101231.15382619,-316,z,z
10983,11299,-4606310.40202503,-241177.20319443,-4365133.1988306,-316,z,z
10984,11300,-5338802.07092826,-253236.063354152,-5085566.00757411,-316,z,z
10985,11301,-4936560.36181161,-265294.923513874,-4671265.43829774,-316,z,z
10986,11302,-5071181.91649753,-277353.783673595,-4793828.13282393,-316,z,z
10987,11303,-5310558.07010206,-289412.643833317,-5021145.42626875,-316,z,z
10988,11304,-8797456.42119342,-301471.503993038,-8495984.91720039,-316,z,z
10989,11305,-4738108.69853722,-217059.482874987,-4521049.21566224,-316,z,z
10990,11306,-3178637.35179758,-229118.343034709,-2949519.00876287,-316,z,z
10991,11307,-3695745.40943848,-241177.20319443,-3454568.20624405,-316,z,z
10992,11308,-2723842.25730296,-253236.063354152,-2470606.1939488,-316,z,z
10993,11309,-6268656.03057281,-265294.923513874,-6003361.10705893,-316,z,z
10994,11310,-6110919.03246457,-277353.783673595,-5833565.24879097,-316,z,z
10995,11311,-1087797.41437494,-289412.643833317,-798384.77054162,-316,z,z
10996,11312,-3742248.92583701,-301471.503993038,-3440777.42184398,-316,z,z
10997,11313,-3262215.4526704,-217059.482874987,-3045155.96979542,-316,z,z
10998,11314,-728277.478275051,-229118.343034709,-499159.135240342,-316,z,z
10999,11315,-985426.124641791,-241177.20319443,-744248.92144736,-316,z,z
11000,11316,-1086543.95823377,-253236.063354152,-833307.894879614,-316,z,z
11001,11317,-1052453.45480246,-265294.923513874,-787158.531288582,-316,z,z
11002,11318,-1951511.32398618,-277353.783673595,-1674157.54031259,-316,z,z
11003,11319,-1447660.14751064,-289412.643833317,-1158247.50367733,-316,z,z
11004,11320,-1297572.83850322,-301471.503993038,-996101.334510187,-316,z,z
11005,11321,-786831.850215449,-217059.482874987,-569772.367340461,-316,z,z
11006,11322,-1616627.14630412,-229118.343034709,-1387508.80326941,-316,z,z
11007,11323,-1701557.89533702,-241177.20319443,-1460380.69214258,-316,z,z
11008,11324,-1529667.3800346,-253236.063354152,-1276431.31668045,-316,z,z
11009,11325,-1744109.46914962,-265294.923513874,-1478814.54563574,-316,z,z
11010,11326,-1433746.42629957,-277353.783673595,-1156392.64262598,-316,z,z
11011,11327,-2145454.84324105,-289412.643833317,-1856042.19940773,-316,z,z
11012,11328,-536973.284720213,-301471.503993038,-235501.780727175,-316,z,z
11013,11329,-1210224.21273118,-217059.482874987,-993164.729856189,-316,z,z
11014,11330,-1198541.74806056,-229118.343034709,-969423.405025855,-316,z,z
11015,11331,-1122151.23116608,-241177.20319443,-880974.027971654,-316,z,z
11016,11332,-1889101.40472844,-253236.063354152,-1635865.34137429,-316,z,z
11017,11333,-1032501.87331279,-265294.923513874,-767206.949798915,-316,z,z
11018,11334,-2130343.09640152,-277353.783673595,-1852989.31272793,-316,z,z
11019,11335,-2198731.27443043,-289412.643833317,-1909318.63059712,-316,z,z
11020,11336,-1165059.23147937,-301471.503993038,-863587.727486328,-316,z,z
11021,11337,-646624.860239138,-217059.482874987,-429565.37736415,-316,z,z
11022,11338,-1278836.22278473,-229118.343034709,-1049717.87975002,-316,z,z
11023,11339,-1482306.13081341,-241177.20319443,-1241128.92761898,-316,z,z
11024,11340,-1370572.32272545,-253236.063354152,-1117336.25937129,-316,z,z
11025,11341,-1407967.19902709,-265294.923513874,-1142672.27551322,-316,z,z
11026,11342,-1474460.57502835,-277353.783673595,-1197106.79135476,-316,z,z
11027,11343,-2443043.45033151,-289412.643833317,-2153630.80649819,-316,z,z
11028,11344,-1315446.86070478,-301471.503993038,-1013975.35671175,-316,z,z
11029,11345,-882260.375499328,-217059.482874987,-665200.892624341,-316,z,z
11030,11346,-1025901.5026218,-229118.343034709,-796783.159587092,-316,z,z
11031,11347,-755928.404806377,-241177.20319443,-514751.201611946,-316,z,z
11032,11348,-1740598.89738134,-253236.063354152,-1487362.83402718,-316,z,z
11033,11349,-1696783.06457349,-265294.923513874,-1431488.14105962,-316,z,z
11034,11350,-301471.503993038,-277353.783673595,-24117.720319443,-316,z,z
11035,11351,-1038819.14606584,-289412.643833317,-749406.502232521,-316,z,z
11036,11352,-905476.514630667,-301471.503993038,-604005.010637629,-316,z,z
11037,11353,-201604.855076403,-217059.482874987,15454.6277985843,-316,z,z
11038,11354,-946009.079656119,-229118.343034709,-716890.73662141,-316,z,z
11039,11355,-1043082.19990441,-241177.20319443,-801904.996709985,-316,z,z
11040,11356,-1010355.31661036,-253236.063354152,-757119.253256205,-316,z,z
11041,11357,-1873450.87102673,-265294.923513874,-1608155.94751286,-316,z,z
11042,11358,-1389753.74161022,-277353.783673595,-1112399.95793662,-316,z,z
11043,11359,-1245669.9249631,-289412.643833317,-956257.281129779,-316,z,z
11044,11360,-755358.576206831,-301471.503993038,-453887.072213793,-316,z,z
11045,11361,-1551962.06045195,-217059.482874987,-1334902.57757696,-316,z,z
11046,11362,-1633495.57952353,-229118.343034709,-1404377.23648883,-316,z,z
11047,11363,-1468480.68483322,-241177.20319443,-1227303.48163879,-316,z,z
11048,11364,-1674345.09038363,-253236.063354152,-1421109.02702948,-316,z,z
11049,11365,-1376396.56924759,-265294.923513874,-1111101.64573371,-316,z,z
11050,11366,-2059636.64951141,-277353.783673595,-1782282.86583781,-316,z,z
11051,11367,-515494.353331404,-289412.643833317,-226081.709498088,-316,z,z
11052,11368,-1161815.24422193,-301471.503993038,-860343.740228891,-316,z,z
11053,11369,-1150600.07813814,-217059.482874987,-933540.595263154,-316,z,z
11054,11370,-1077265.18191944,-229118.343034709,-848146.838884732,-316,z,z
11055,11371,-1813537.3485393,-241177.20319443,-1572360.14534487,-316,z,z
11056,11372,-991201.798380277,-253236.063354152,-737965.735026125,-316,z,z
11057,11373,-2045129.37254546,-265294.923513874,-1779834.44903159,-316,z,z
11058,11374,-2110782.02345321,-277353.783673595,-1833428.23977962,-316,z,z
11059,11375,-1118456.86222019,-289412.643833317,-829044.218386875,-316,z,z
11060,11376,-620759.865829572,-301471.503993038,-319288.361836534,-316,z,z
11061,11377,-1227682.77387334,-217059.482874987,-1010623.29099835,-316,z,z
11062,11378,-1423013.88558087,-229118.343034709,-1193895.54254616,-316,z,z
11063,11379,-1315749.42981643,-241177.20319443,-1074572.226622,-316,z,z
11064,11380,-1351648.51106601,-253236.063354152,-1098412.44771186,-316,z,z
11065,11381,-1415482.15202722,-265294.923513874,-1150187.22851334,-316,z,z
11066,11382,-2345321.71231825,-277353.783673595,-2067967.92864465,-316,z,z
11067,11383,-1262828.98627659,-289412.643833317,-973416.342443276,-316,z,z
11068,11385,-846969.960479355,-217059.482874987,-629910.477604368,-317,z,z
11069,11386,-984865.442516929,-229118.343034709,-755747.09948222,-317,z,z
11070,11387,-725691.268614122,-241177.20319443,-484514.065419691,-317,z,z
11071,11388,-1670974.94148608,-253236.063354152,-1417738.87813193,-317,z,z
11072,11389,-1628911.74199055,-265294.923513874,-1363616.81847668,-317,z,z
11073,11390,-289412.643833317,-277353.783673595,-12058.8601597216,-317,z,z
11074,11392,-997266.380223204,-217059.482874987,-780206.897348216,-318,z,z
11075,11393,-869257.454045441,-229118.343034709,-640139.111010732,-318,z,z
11076,11394,-193540.660873347,-241177.20319443,47636.5423210835,-318,z,z
11077,11395,-906592.034670447,-253236.063354152,-653355.971316295,-318,z,z
11078,11396,-999620.441575064,-265294.923513874,-734325.518061191,-318,z,z
11079,11398,-968257.178418259,-217059.482874987,-751197.695543272,-319,z,z
11080,11399,-1795390.41806729,-229118.343034709,-1566272.07503258,-319,z,z
11081,11400,-1331847.33570979,-241177.20319443,-1090670.13251536,-319,z,z
11082,11401,-1193767.01142297,-253236.063354152,-940530.948068815,-319,z,z
11083,11403,-723885.302198213,-217059.482874987,-506825.819323226,-320,z,z
11084,11404,-1487296.97459979,-229118.343034709,-1258178.63156508,-320,z,z
11085,11405,-1565433.26371005,-241177.20319443,-1324256.06051562,-320,z,z
11086,11407,-1407293.98963183,-217059.482874987,-1190234.50675685,-321,z,z
11087,11408,-1604580.71161765,-229118.343034709,-1375462.36858294,-321,z,z
11088,11410,-1319046.71219561,-217059.482874987,-1101987.22932062,-322,z,z
11089,11413,-1973818.45578176,-72927604.0538218,70953785.59804,-324,z,z
11090,11414,-494015.421942596,-71057729.5909033,70563714.1689607,-324,z,z
11091,11415,-1113406.27571268,-69187855.1279848,68074448.8522721,-324,z,z
11092,11416,-1102658.40821572,-67317980.6650662,66215322.2568505,-324,z,z
11093,11417,-1032379.1326728,-65448106.2021477,64415727.0694749,-324,z,z
11094,11418,-1737973.29235017,-63578231.7392292,61840258.4468791,-324,z,z
11095,11419,-949901.723447766,-61708357.2763107,60758455.552863,-324,z,z
11096,11420,-1959915.6486894,-59838482.8133922,57878567.1647028,-324,z,z
11097,11421,-2022832.772476,-57968608.3504737,55945775.5779977,-324,z,z
11098,11422,-1071854.49296102,-56098733.8875552,55026879.3945942,-324,z,z
11099,11423,-594894.871420007,-54228859.4246367,53633964.5532167,-324,z,z
11100,11424,-1176529.32496195,-52358984.9617182,51182455.6367562,-324,z,z
11101,11425,-1363721.64034833,-50489110.4987997,49125388.8584513,-324,z,z
11102,11426,-1260926.53690741,-48619236.0358812,47358309.4989738,-324,z,z
11103,11427,-1295329.82310492,-46749361.5729627,45454031.7498577,-324,z,z
11104,11428,-1356503.72902608,-44879487.1100442,43522983.3810181,-324,z,z
11105,11429,-2247599.97430499,-43009612.6471257,40762012.6728207,-324,z,z
11106,11430,-1210211.1118484,-41139738.1842072,39929527.0723587,-324,z,z
11107,11431,-811679.545459382,-39269863.7212886,38458184.1758293,-324,z,z
11108,11432,-943829.382412057,-37399989.2583701,36456159.8759581,-324,z,z
11109,11433,-695454.132421866,-35530114.7954516,34834660.6630298,-324,z,z
11110,11434,-1601350.98559083,-33660240.3325331,32058889.3469423,-324,z,z
11111,11435,-1561040.41940761,-31790365.8696146,30229325.450207,-324,z,z
11112,11436,-277353.783673595,-29920491.4066961,29643137.6230225,-324,z,z
11113,11437,-955713.61438057,-28050616.9437776,27094903.329397,-324,z,z
11114,11438,-833038.393460214,-26180742.4808591,25347704.0873989,-324,z,z
11115,11439,-185476.466670291,-24310868.0179406,24125391.5512703,-324,z,z
11116,11440,-867174.989684776,-22440993.5550221,21573818.5653373,-324,z,z
11117,11441,-956158.683245714,-20571119.0921036,19614960.4088579,-324,z,z
11118,11442,-926159.040226161,-18701244.6291851,17775085.5889589,-324,z,z
11119,11443,-1717329.96510784,-16831370.1662666,15114040.2011587,-324,z,z
11120,11444,-1273940.92980937,-14961495.7033481,13687554.7735387,-324,z,z
11121,11445,-1141864.09788284,-13091621.2404295,11949757.1425467,-324,z,z
11122,11446,-692412.028189595,-11221746.777511,10529334.7493214,-324,z,z
11123,11447,-1422631.88874762,-9351872.31459253,7929240.42584491,-324,z,z
11124,11448,-1497370.94789657,-7481997.85167403,5984626.90377745,-324,z,z
11125,11449,-1346107.29443045,-5612123.38875552,4266016.09432507,-324,z,z
11126,11450,-1534816.33285166,-3742248.92583701,2207432.59298535,-324,z,z
11127,11451,-1261696.85514362,-1872374.46291851,610677.607774884,-324,z,z
11128,11452,-1888000.26205212,-2500,-1885500.26205212,-324,z,z
11129,11454,-472536.490553787,-747949.785167403,275413.294613615,-325,z,z
11130,11455,-1064997.30720344,-789502.551010036,-275494.756193399,-325,z,z
11131,11456,-1054716.7382933,-831055.31685267,-223661.421440627,-325,z,z
11132,11457,-987493.083426154,-872608.082695303,-114885.000730851,-325,z,z
11133,11458,-1662409.23616103,-914160.848537937,-748248.387623092,-325,z,z
11134,11459,-908601.648515254,-955713.61438057,47111.965865316,-325,z,z
11135,11460,-1874701.92483334,-997266.380223204,-877435.544610135,-325,z,z
11136,11461,-1934883.52149878,-1038819.14606584,-896064.375432943,-325,z,z
11137,11462,-1025252.12370184,-747949.785167403,-277302.33853444,-325,z,z
11138,11463,-569029.877010441,-789502.551010036,220472.673999595,-325,z,z
11139,11464,-1125375.87605056,-831055.31685267,-294320.559197893,-325,z,z
11140,11465,-1304429.3951158,-872608.082695303,-431821.312420495,-325,z,z
11141,11466,-1206103.64399839,-914160.848537937,-291942.795460457,-325,z,z
11142,11467,-1239011.13514384,-955713.61438057,-283297.52076327,-325,z,z
11143,11468,-1297525.30602495,-997266.380223204,-300258.925801745,-325,z,z
11144,11469,-2149878.23629173,-1038819.14606584,-1111059.09022589,-325,z,z
11145,11470,-1157593.23742021,-747949.785167403,-409643.452252808,-325,z,z
11146,11471,-776389.130439409,-789502.551010036,13113.4205706273,-325,z,z
11147,11472,-902793.322307185,-831055.31685267,-71738.0054545155,-325,z,z
11148,11473,-665216.996229611,-872608.082695303,207391.086465692,-325,z,z
11149,11474,-1531727.02969558,-914160.848537937,-617566.181157639,-325,z,z
11150,11475,-1493169.09682467,-955713.61438057,-537455.482444102,-325,z,z
11151,11476,-265294.923513874,-997266.380223204,731971.45670933,-325,z,z
11152,11477,-914160.848537937,-1038819.14606584,124658.2975279,-325,z,z
11153,11478,-796819.332874988,-747949.785167403,-48869.5477075848,-325,z,z
11154,11479,-177412.272467235,-789502.551010036,612090.278542802,-325,z,z
11155,11480,-827757.944699104,-831055.31685267,3297.37215356564,-325,z,z
11156,11481,-912696.924916363,-872608.082695303,-40088.84222106,-325,z,z
11157,11482,-884060.902034063,-914160.848537937,30099.9465038742,-325,z,z
11158,11483,-1639269.51214839,-955713.61438057,-683555.897767822,-325,z,z
11159,11484,-1216034.52390894,-997266.380223204,-218768.143685737,-325,z,z
11160,11485,-1089961.18434271,-1038819.14606584,-51142.0382768717,-325,z,z
11161,11486,-660938.754180977,-747949.785167403,87011.0309864257,-325,z,z
11162,11487,-1357966.80289546,-789502.551010036,-568464.251885421,-325,z,z
11163,11488,-1429308.63208309,-831055.31685267,-598253.315230423,-325,z,z
11164,11489,-1284920.59922907,-872608.082695303,-412312.516533764,-325,z,z
11165,11490,-1465051.95408568,-914160.848537937,-550891.105547741,-325,z,z
11166,11491,-1204346.99809164,-955713.61438057,-248633.38371107,-325,z,z
11167,11492,-1802182.06832248,-997266.380223204,-804915.688099276,-325,z,z
11168,11493,-451057.559164979,-1038819.14606584,587761.586900858,-325,z,z
11169,11494,-1016588.33869419,-747949.785167403,-268638.553526786,-325,z,z
11170,11495,-1006775.06837087,-789502.551010036,-217272.517360838,-325,z,z
11171,11496,-942607.03417951,-831055.31685267,-111551.717326841,-325,z,z
11172,11497,-1586845.17997189,-872608.082695303,-714237.097276588,-325,z,z
11173,11498,-867301.573582743,-914160.848537937,46859.2749551941,-325,z,z
11174,11499,-1789488.20097728,-955713.61438057,-833774.586596708,-325,z,z
11175,11500,-1846934.27052156,-997266.380223204,-849667.890298359,-325,z,z
11176,11501,-978649.754442668,-1038819.14606584,60169.3916231695,-325,z,z
11177,11502,-543164.882600876,-747949.785167403,204784.902566527,-325,z,z
11178,11503,-1074222.42713917,-789502.551010036,-284719.876129137,-325,z,z
11179,11504,-1245137.14988326,-831055.31685267,-414081.833030592,-325,z,z
11180,11505,-1151280.75108938,-872608.082695303,-278672.668394073,-325,z,z
11181,11506,-1182692.44718276,-914160.848537937,-268531.59864482,-325,z,z
11182,11507,-1238546.88302381,-955713.61438057,-282833.268643245,-325,z,z
11183,11508,-2052156.49827847,-997266.380223204,-1054890.11805526,-325,z,z
11184,11509,-1104975.36299202,-1038819.14606584,-66156.2169261817,-325,z,z
11185,11510,-741098.715419436,-747949.785167403,6851.06974796695,-325,z,z
11186,11511,-861757.262202313,-789502.551010036,-72254.7111922768,-325,z,z
11187,11512,-634979.860037356,-831055.31685267,196075.456815313,-325,z,z
11188,11513,-1462103.07380032,-872608.082695303,-589494.991105019,-325,z,z
11189,11514,-1425297.77424173,-914160.848537937,-511136.925703796,-325,z,z
11190,11515,-253236.063354152,-955713.61438057,702477.551026418,-325,z,z
11191,11516,-872608.082695303,-997266.380223204,124658.2975279,-325,z,z
11192,11517,-760600.272289761,-1038819.14606584,278218.873776076,-325,z,z
11193,11518,-169348.078264179,-747949.785167403,578601.706903224,-325,z,z
11194,11519,-788340.899713433,-789502.551010036,1161.65129660373,-325,z,z
11195,11520,-869235.166587012,-831055.31685267,-38179.8497343428,-325,z,z
11196,11521,-841962.763841964,-872608.082695303,30645.3188533387,-325,z,z
11197,11522,-1561209.05918895,-914160.848537937,-647048.210651009,-325,z,z
11198,11523,-1158128.11800851,-955713.61438057,-202414.503627945,-325,z,z
11199,11524,-1038058.27080258,-997266.380223204,-40791.8905793761,-325,z,z
11200,11525,-629465.480172359,-1038819.14606584,409353.665893478,-325,z,z
11201,11526,-1293301.71704329,-747949.785167403,-545351.93187589,-325,z,z
11202,11527,-1361246.31626961,-789502.551010036,-571743.765259576,-325,z,z
11203,11528,-1223733.90402768,-831055.31685267,-392678.587175013,-325,z,z
11204,11529,-1395287.57531969,-872608.082695303,-522679.49262439,-325,z,z
11205,11530,-1146997.14103966,-914160.848537937,-232836.29250172,-325,z,z
11206,11531,-1716363.87459284,-955713.61438057,-760650.260212267,-325,z,z
11207,11532,-429578.62777617,-997266.380223204,567687.752447033,-325,z,z
11208,11533,-968179.370184941,-1038819.14606584,70639.7758808959,-325,z,z
11209,11534,-958833.398448452,-747949.785167403,-210883.613281049,-325,z,z
11210,11535,-897720.984932867,-789502.551010036,-108218.433922831,-325,z,z
11211,11536,-1511281.12378275,-831055.31685267,-680225.806930084,-325,z,z
11212,11537,-826001.498650231,-872608.082695303,46606.5840450721,-325,z,z
11213,11538,-1704274.47712122,-914160.848537937,-790113.62858328,-325,z,z
11214,11539,-1758985.01954434,-955713.61438057,-803271.405163775,-325,z,z
11215,11540,-932047.385183493,-997266.380223204,65218.9950397107,-325,z,z
11216,11541,-517299.88819131,-1038819.14606584,521519.257874527,-325,z,z
11217,11542,-1023068.97822778,-747949.785167403,-275119.193060381,-325,z,z
11218,11543,-1185844.90465073,-789502.551010036,-396342.353640689,-325,z,z
11219,11544,-1096457.85818036,-831055.31685267,-265402.541327688,-325,z,z
11220,11545,-1126373.75922167,-872608.082695303,-253765.67652637,-325,z,z
11221,11546,-1179568.46002268,-914160.848537937,-265407.611484744,-325,z,z
11222,11547,-1954434.76026521,-955713.61438057,-998721.145884635,-325,z,z
11223,11548,-1052357.48856383,-997266.380223204,-55091.1083406238,-325,z,z
11224,11549,-705808.300399463,-1038819.14606584,333010.845666375,-325,z,z
11225,11550,-820721.202097441,-747949.785167403,-72771.4169300384,-325,z,z
11226,11551,-604742.723845101,-789502.551010036,184759.827164935,-325,z,z
11227,11552,-1392479.11790507,-831055.31685267,-561423.801052399,-325,z,z
11228,11553,-1357426.45165879,-872608.082695303,-484818.36896349,-325,z,z
11229,11554,-241177.20319443,-914160.848537937,672983.645343506,-325,z,z
11230,11555,-831055.31685267,-955713.61438057,124658.2975279,-325,z,z
11231,11556,-724381.211704534,-997266.380223204,272885.168518669,-325,z,z
11232,11557,-161283.884061122,-1038819.14606584,877535.262004715,-325,z,z
11233,11558,-748923.854727761,-747949.785167403,-974.069560358184,-325,z,z
11234,11559,-825773.408257662,-789502.551010036,-36270.8572476256,-325,z,z
11235,11560,-799864.625649866,-831055.31685267,31190.6912028035,-325,z,z
11236,11561,-1483148.6062295,-872608.082695303,-610540.523534195,-325,z,z
11237,11562,-1100221.71210809,-914160.848537937,-186060.863570152,-325,z,z
11238,11563,-986155.357262451,-955713.61438057,-30441.7428818807,-325,z,z
11239,11564,-597992.206163741,-997266.380223204,399274.174059463,-325,z,z
11240,11565,-1228636.63119113,-1038819.14606584,-189817.485125291,-325,z,z
11241,11566,-1293184.00045613,-747949.785167403,-545234.215288729,-325,z,z
11242,11567,-1162547.2088263,-789502.551010036,-373044.657816262,-325,z,z
11243,11568,-1325523.19655371,-831055.31685267,-494467.879701039,-325,z,z
11244,11569,-1089647.28398767,-872608.082695303,-217039.201292371,-325,z,z
11245,11570,-1630545.6808632,-914160.848537937,-716384.832325259,-325,z,z
11246,11571,-408099.696387362,-955713.61438057,547613.917993208,-325,z,z
11247,11572,-919770.401675694,-997266.380223204,77495.9785475094,-325,z,z
11248,11573,-910891.728526029,-1038819.14606584,127927.417539808,-325,z,z
11249,11574,-852834.935686224,-747949.785167403,-104885.150518821,-325,z,z
11250,11575,-1435717.06759362,-789502.551010036,-646214.516583579,-325,z,z
11251,11576,-784701.42371772,-831055.31685267,46353.8931349502,-325,z,z
11252,11577,-1619060.75326516,-872608.082695303,-746452.670569853,-325,z,z
11253,11578,-1671035.76856713,-914160.848537937,-756874.920029191,-325,z,z
11254,11579,-885445.015924318,-955713.61438057,70268.5984562518,-325,z,z
11255,11580,-491434.893781745,-997266.380223204,505831.486441459,-325,z,z
11256,11581,-971915.529316395,-1038819.14606584,66903.6167494423,-325,z,z
11257,11582,-1126552.65941819,-747949.785167403,-378602.874250787,-325,z,z
11258,11583,-1041634.96527134,-789502.551010036,-252132.414261304,-325,z,z
11259,11584,-1070055.07126059,-831055.31685267,-238999.75440792,-325,z,z
11260,11585,-1120590.03702155,-872608.082695303,-247981.954326244,-325,z,z
11261,11586,-1856713.02225194,-914160.848537937,-942552.173714008,-325,z,z
11262,11587,-999739.614135636,-955713.61438057,-44025.999755066,-325,z,z
11263,11588,-670517.885379489,-997266.380223204,326748.494843714,-325,z,z
11264,11589,-779685.141992569,-1038819.14606584,259134.004073268,-325,z,z
11265,11590,-574505.587652846,-747949.785167403,173444.197514556,-325,z,z
11266,11591,-1322855.16200982,-789502.551010036,-533352.610999779,-325,z,z
11267,11592,-1289555.12907585,-831055.31685267,-458499.812223184,-325,z,z
11268,11593,-229118.343034709,-872608.082695303,643489.739660594,-325,z,z
11269,11594,-789502.551010036,-914160.848537937,124658.2975279,-325,z,z
11270,11595,-688162.151119307,-955713.61438057,267551.463261263,-325,z,z
11271,11596,-153219.689858066,-997266.380223204,844046.690365137,-325,z,z
11272,11597,-709506.809742089,-1038819.14606584,329312.336323748,-325,z,z
11273,11598,-782311.649928311,-747949.785167403,-34361.8647609085,-325,z,z
11274,11599,-757766.487457768,-789502.551010036,31736.0635522683,-325,z,z
11275,11600,-1405088.15327005,-831055.31685267,-574032.836417381,-325,z,z
11276,11601,-1042315.30620766,-872608.082695303,-169707.22351236,-325,z,z
11277,11602,-934252.443722322,-914160.848537937,-20091.5951843851,-325,z,z
11278,11603,-566518.932155123,-955713.61438057,389194.682225447,-325,z,z
11279,11604,-1163971.54533896,-997266.380223204,-166705.16511576,-325,z,z
11280,11605,-1225121.68464265,-1038819.14606584,-186302.538576814,-325,z,z
11281,11606,-1101360.51362491,-747949.785167403,-353410.728457512,-325,z,z
11282,11607,-1255758.81778772,-789502.551010036,-466256.266777688,-325,z,z
11283,11608,-1032297.42693569,-831055.31685267,-201242.110083022,-325,z,z
11284,11609,-1544727.48713355,-872608.082695303,-672119.404438251,-325,z,z
11285,11610,-386620.764998553,-914160.848537937,527540.083539383,-325,z,z
11286,11611,-871361.433166447,-955713.61438057,84352.181214123,-325,z,z
11287,11612,-862950.058603606,-997266.380223204,134316.321619597,-325,z,z
11288,11613,-807948.88643958,-1038819.14606584,230870.259626257,-325,z,z
11289,11614,-1360153.01140448,-747949.785167403,-612203.226237075,-325,z,z
11290,11615,-743401.348785208,-789502.551010036,46101.2022248283,-325,z,z
11291,11616,-1533847.0294091,-831055.31685267,-702791.712556426,-325,z,z
11292,11617,-1583086.51758991,-872608.082695303,-710478.434894607,-325,z,z
11293,11618,-838842.646665144,-914160.848537937,75318.201872793,-325,z,z
11294,11619,-465569.899372179,-955713.61438057,490143.715008391,-325,z,z
11295,11620,-920762.080405006,-997266.380223204,76504.299818198,-325,z,z
11296,11621,-1067260.41418565,-1038819.14606584,-28441.268119816,-325,z,z
11297,11622,-986812.072362322,-747949.785167403,-238862.287194919,-325,z,z
11298,11623,-1013736.38329951,-789502.551010036,-224233.832289469,-325,z,z
11299,11624,-1061611.61402041,-831055.31685267,-230556.297167743,-325,z,z
11300,11625,-1758991.28423868,-872608.082695303,-886383.201543382,-325,z,z
11301,11626,-947121.739707445,-914160.848537937,-32960.8911695081,-325,z,z
11302,11627,-635227.470359516,-955713.61438057,320486.144021054,-325,z,z
11303,11628,-738649.081887697,-997266.380223204,258617.298335507,-325,z,z
11304,11629,-544268.451460591,-1038819.14606584,494550.694605246,-325,z,z
11305,11630,-1253231.20611456,-747949.785167403,-505281.420947159,-325,z,z
11306,11631,-1221683.80649291,-789502.551010036,-432181.255482877,-325,z,z
11307,11632,-217059.482874987,-831055.31685267,613995.833977682,-325,z,z
11308,11633,-747949.785167403,-872608.082695303,124658.2975279,-325,z,z
11309,11634,-651943.090534081,-914160.848537937,262217.758003856,-325,z,z
11310,11635,-145155.49565501,-955713.61438057,810558.11872556,-325,z,z
11311,11636,-1776267.02435522,-997266.380223204,-779000.64413202,-325,z,z
11312,11637,-1958279.12482078,-1038819.14606584,-919459.978754941,-325,z,z
11313,11638,-1896916.21864442,-747949.785167403,-1148966.43347702,-325,z,z
11314,11639,-3515220.38317513,-789502.551010036,-2725717.83216509,-325,z,z
11315,11640,-2608288.26551916,-831055.31685267,-1777232.94866649,-325,z,z
11316,11641,-2338131.1093058,-872608.082695303,-1465523.0266105,-325,z,z
11317,11642,-1418797.33038781,-914160.848537937,-504636.481849871,-325,z,z
11318,11643,-2912428.86334741,-955713.61438057,-1956715.24896684,-325,z,z
11319,11644,-3065304.21160663,-997266.380223204,-2068037.83138342,-325,z,z
11320,11645,-2755901.28406229,-1038819.14606584,-1717082.13799645,-325,z,z
11321,11646,-3141897.04446931,-747949.785167403,-2393947.25930191,-325,z,z
11322,11647,-2583243.56733923,-789502.551010036,-1793741.01632919,-325,z,z
11323,11648,-3864318.71783388,-831055.31685267,-3033263.40098121,-325,z,z
11324,11649,-969051.912496383,-872608.082695303,-96443.8298010799,-325,z,z
11325,11650,-2180903.58291612,-914160.848537937,-1266742.73437818,-325,z,z
11326,11651,-2159875.14650902,-955713.61438057,-1204161.53212845,-325,z,z
11327,11652,-2022372.21609895,-997266.380223204,-1025105.83587575,-325,z,z
11328,11653,-3402882.52851119,-1038819.14606584,-2364063.38244536,-325,z,z
11329,11654,-1861003.37196302,-747949.785167403,-1113053.58679562,-325,z,z
11330,11655,-3837117.57352274,-789502.551010036,-3047615.0225127,-325,z,z
11331,11656,-3960216.29397478,-831055.31685267,-3129160.97712211,-325,z,z
11332,11657,-2099606.61666286,-872608.082695303,-1226998.53396756,-325,z,z
11333,11658,-1166424.74843045,-914160.848537937,-252263.899892511,-325,z,z
11334,11659,-2304405.20101251,-955713.61438057,-1348691.58663194,-325,z,z
11335,11660,-2670651.03546413,-997266.380223204,-1673384.65524093,-325,z,z
11336,11661,-2469530.1809058,-1038819.14606584,-1430711.03483997,-325,z,z
11337,11662,-2536840.95824876,-747949.785167403,-1788891.17308136,-325,z,z
11338,11663,-2656529.03505103,-789502.551010036,-1867026.484041,-325,z,z
11339,11664,-4399978.21059671,-831055.31685267,-3568922.89374404,-325,z,z
11340,11665,-2370304.34926861,-872608.082695303,-1497696.26657331,-325,z,z
11341,11666,-1590568.67589879,-914160.848537937,-676407.827360854,-325,z,z
11342,11667,-1849122.70471924,-955713.61438057,-893409.090338672,-325,z,z
11343,11668,-1363171.12865148,-997266.380223204,-365904.748428274,-325,z,z
11344,11669,-3135578.0152864,-1038819.14606584,-2096758.86922057,-325,z,z
11345,11670,-3056709.51623228,-747949.785167403,-2308759.73106488,-325,z,z
11346,11671,-545148.707187469,-789502.551010036,244353.843822568,-325,z,z
11347,11672,-1872374.46291851,-831055.31685267,-1041319.14606584,-325,z,z
11348,11673,-1632357.7263352,-872608.082695303,-759749.643639899,-325,z,z
11349,11674,-365388.739137526,-914160.848537937,548772.109400411,-325,z,z
11350,11675,-985426.124641791,-955713.61438057,-29712.5102612205,-325,z,z
11351,11676,-1086543.95823377,-997266.380223204,-89277.5780105619,-325,z,z
11352,11677,-1052453.45480246,-1038819.14606584,-13634.3087366184,-325,z,z
11353,11678,-1951511.32398618,-747949.785167403,-1203561.53881878,-325,z,z
11354,11679,-1447660.14751064,-789502.551010036,-658157.596500607,-325,z,z
11355,11680,-1297572.83850322,-831055.31685267,-466517.521650555,-325,z,z
11356,11681,-786831.850215449,-872608.082695303,85776.2324798544,-325,z,z
11357,11682,-1616627.14630412,-914160.848537937,-702466.297766179,-325,z,z
11358,11683,-1701557.89533702,-955713.61438057,-745844.280956445,-325,z,z
11359,11684,-1529667.3800346,-997266.380223204,-532400.9998114,-325,z,z
11360,11685,-1744109.46914962,-1038819.14606584,-705290.323083779,-325,z,z
11361,11686,-1433746.42629957,-747949.785167403,-685796.641132169,-325,z,z
11362,11687,-2145454.84324105,-789502.551010036,-1355952.29223101,-325,z,z
11363,11688,-536973.284720213,-831055.31685267,294082.032132457,-325,z,z
11364,11689,-1210224.21273118,-872608.082695303,-337616.130035873,-325,z,z
11365,11690,-1198541.74806056,-914160.848537937,-284380.899522628,-325,z,z
11366,11691,-1122151.23116608,-955713.61438057,-166437.616785514,-325,z,z
11367,11692,-1889101.40472844,-997266.380223204,-891835.024505238,-325,z,z
11368,11693,-1032501.87331279,-1038819.14606584,6317.27275304834,-325,z,z
11369,11694,-2130343.09640152,-747949.785167403,-1382393.31123412,-325,z,z
11370,11695,-2198731.27443043,-789502.551010036,-1409228.7234204,-325,z,z
11371,11696,-1165059.23147937,-831055.31685267,-334003.914626696,-325,z,z
11372,11697,-646624.860239138,-872608.082695303,225983.222456165,-325,z,z
11373,11698,-1278836.22278473,-914160.848537937,-364675.374246793,-325,z,z
11374,11699,-1482306.13081341,-955713.61438057,-526592.516432837,-325,z,z
11375,11700,-1370572.32272545,-997266.380223204,-373305.942502244,-325,z,z
11376,11702,-1407967.19902709,-747949.785167403,-660017.413859689,-326,z,z
11377,11703,-1474460.57502835,-789502.551010036,-684958.024018315,-326,z,z
11378,11704,-2443043.45033151,-831055.31685267,-1611988.13347884,-326,z,z
11379,11705,-1315446.86070478,-872608.082695303,-442838.778009481,-326,z,z
11380,11706,-882260.375499328,-914160.848537937,31900.4730386084,-326,z,z
11381,11707,-1025901.5026218,-955713.61438057,-70187.8882412311,-326,z,z
11382,11709,-755928.404806377,-747949.785167403,-7978.61963897385,-327,z,z
11383,11710,-1740598.89738134,-789502.551010036,-951096.346371299,-327,z,z
11384,11711,-1696783.06457349,-831055.31685267,-865727.747720822,-327,z,z
11385,11712,-301471.503993038,-872608.082695303,571136.578702265,-327,z,z
11386,11713,-1038819.14606584,-914160.848537937,-124658.2975279,-327,z,z
11387,11715,-905476.514630667,-747949.785167403,-157526.729463265,-328,z,z
11388,11716,-201604.855076403,-789502.551010036,587897.695933633,-328,z,z
11389,11717,-946009.079656119,-831055.31685267,-114953.762803449,-328,z,z
11390,11718,-1043082.19990441,-872608.082695303,-170474.117209112,-328,z,z
11391,11720,-1010355.31661036,-747949.785167403,-262405.531442955,-329,z,z
11392,11721,-1873450.87102673,-789502.551010036,-1083948.3200167,-329,z,z
11393,11722,-1389753.74161022,-831055.31685267,-558698.424757548,-329,z,z
11394,11724,-1245669.9249631,-747949.785167403,-497720.139795693,-330,z,z
11395,11725,-755358.576206831,-789502.551010036,34143.9748032054,-330,z,z
11396,11727,-1551962.06045195,-747949.785167403,-804012.275284548,-331,z,z
11397,11730,-1633495.57952353,-63566951.3270729,61933455.7475493,-333,z,z
11398,11731,-1468480.68483322,-61937093.6007377,60468612.9159044,-333,z,z
11399,11732,-1674345.09038363,-60307235.8744025,58632890.7840188,-333,z,z
11400,11733,-1376396.56924759,-58677378.1480673,57300981.5788197,-333,z,z
11401,11734,-2059636.64951141,-57047520.4217321,54987883.7722206,-333,z,z
11402,11735,-515494.353331404,-55417662.6953969,54902168.3420654,-333,z,z
11403,11736,-1161815.24422193,-53787804.9690616,52625989.7248397,-333,z,z
11404,11737,-1150600.07813814,-52157947.2427264,51007347.1645883,-333,z,z
11405,11738,-1077265.18191944,-50528089.5163913,49450824.3344718,-333,z,z
11406,11739,-1813537.3485393,-48898231.790056,47084694.4415167,-333,z,z
11407,11740,-991201.798380277,-47268374.0637208,46277172.2653406,-333,z,z
11408,11741,-2045129.37254546,-45638516.3373856,43593386.9648402,-333,z,z
11409,11742,-2110782.02345321,-44008658.6110504,41897876.5875972,-333,z,z
11410,11743,-1118456.86222019,-42378800.8847152,41260344.022495,-333,z,z
11411,11744,-620759.865829572,-40748943.15838,40128183.2925505,-333,z,z
11412,11745,-1227682.77387334,-39119085.4320448,37891402.6581715,-333,z,z
11413,11746,-1423013.88558087,-37489227.7057096,36066213.8201288,-333,z,z
11414,11747,-1315749.42981643,-35859369.9793744,34543620.549558,-333,z,z
11415,11748,-1351648.51106601,-34229512.2530392,32877863.7419732,-333,z,z
11416,11749,-1415482.15202722,-32599654.526704,31184172.3746768,-333,z,z
11417,11750,-2345321.71231825,-30969796.8003688,28624475.0880506,-333,z,z
11418,11751,-1262828.98627659,-29339939.0740336,28077110.087757,-333,z,z
11419,11752,-846969.960479355,-27710081.3476984,26863111.3872191,-333,z,z
11420,11753,-984865.442516929,-26080223.6213632,25095358.1788463,-333,z,z
11421,11754,-725691.268614122,-24450365.895028,23724674.6264139,-333,z,z
11422,11755,-1670974.94148608,-22820508.1686928,21149533.2272067,-333,z,z
11423,11756,-1628911.74199055,-21190650.4423576,19561738.7003671,-333,z,z
11424,11757,-289412.643833317,-19560792.7160224,19271380.0721891,-333,z,z
11425,11758,-997266.380223204,-17930934.9896872,16933668.609464,-333,z,z
11426,11759,-869257.454045441,-16301077.263352,15431819.8093066,-333,z,z
11427,11760,-193540.660873347,-14671219.5370168,14477678.8761435,-333,z,z
11428,11761,-906592.034670447,-13041361.8106816,12134769.7760112,-333,z,z
11429,11762,-999620.441575064,-11411504.0843464,10411883.6427713,-333,z,z
11430,11763,-968257.178418259,-9781646.35801121,8813389.17959295,-333,z,z
11431,11764,-1795390.41806729,-8151788.63167601,6356398.21360872,-333,z,z
11432,11765,-1331847.33570979,-6521930.90534081,5190083.56963101,-333,z,z
11433,11766,-1193767.01142297,-4892073.1790056,3698306.16758264,-333,z,z
11434,11767,-723885.302198213,-3262215.4526704,2538330.15047219,-333,z,z
11435,11768,-1487296.97459979,-1632357.7263352,145060.751735415,-333,z,z
11436,11769,-1565433.26371005,-2500,-1562933.26371005,-333,z,z
11437,11771,-1407293.98963183,-651943.090534081,-755350.899097754,-334,z,z
11438,11772,-1604580.71161765,-688162.151119307,-916418.560498339,-334,z,z
11439,11773,-1319046.71219561,-724381.211704534,-594665.500491072,-334,z,z
11440,11774,-1973818.45578176,-760600.272289761,-1213218.183492,-334,z,z
11441,11775,-494015.421942596,-796819.332874988,302803.910932392,-334,z,z
11442,11776,-1113406.27571268,-833038.393460214,-280367.882252468,-334,z,z
11443,11777,-1102658.40821572,-869257.454045441,-233400.954170279,-334,z,z
11444,11778,-1032379.1326728,-905476.514630667,-126902.61804213,-334,z,z
11445,11779,-1737973.29235017,-651943.090534081,-1086030.20181609,-334,z,z
11446,11780,-949901.723447766,-688162.151119307,-261739.572328458,-334,z,z
11447,11781,-1959915.6486894,-724381.211704534,-1235534.43698487,-334,z,z
11448,11782,-2022832.772476,-760600.272289761,-1262232.50018624,-334,z,z
11449,11783,-1071854.49296102,-796819.332874988,-275035.160086029,-334,z,z
11450,11784,-594894.871420007,-833038.393460214,238143.522040207,-334,z,z
11451,11785,-1176529.32496195,-869257.454045441,-307271.870916511,-334,z,z
11452,11786,-1363721.64034833,-905476.514630667,-458245.125717667,-334,z,z
11453,11787,-1260926.53690741,-651943.090534081,-608983.446373331,-334,z,z
11454,11788,-1295329.82310492,-688162.151119307,-607167.671985617,-334,z,z
11455,11789,-1356503.72902608,-724381.211704534,-632122.517321549,-334,z,z
11456,11790,-2247599.97430499,-760600.272289761,-1486999.70201523,-334,z,z
11457,11791,-1210211.1118484,-796819.332874988,-413391.778973414,-334,z,z
11458,11792,-811679.545459382,-833038.393460214,21358.8480008323,-334,z,z
11459,11793,-943829.382412057,-869257.454045441,-74571.9283666164,-334,z,z
11460,11794,-695454.132421866,-905476.514630667,210022.382208801,-334,z,z
11461,11795,-1601350.98559083,-651943.090534081,-949407.895056748,-334,z,z
11462,11796,-1561040.41940761,-688162.151119307,-872878.268288305,-334,z,z
11463,11797,-277353.783673595,-724381.211704534,447027.428030939,-334,z,z
11464,11798,-955713.61438057,-760600.272289761,-195113.342090809,-334,z,z
11465,11799,-833038.393460214,-796819.332874988,-36219.0605852268,-334,z,z
11466,11800,-185476.466670291,-833038.393460214,647561.926789923,-334,z,z
11467,11801,-867174.989684776,-869257.454045441,2082.46436066518,-334,z,z
11468,11802,-956158.683245714,-905476.514630667,-50682.1686150462,-334,z,z
11469,11803,-926159.040226161,-651943.090534081,-274215.94969208,-334,z,z
11470,11804,-1717329.96510784,-688162.151119307,-1029167.81398853,-334,z,z
11471,11805,-1273940.92980937,-724381.211704534,-549559.718104832,-334,z,z
11472,11806,-1141864.09788284,-760600.272289761,-381263.825593077,-334,z,z
11473,11807,-692412.028189595,-796819.332874988,104407.304685393,-334,z,z
11474,11808,-1422631.88874762,-833038.393460214,-589593.495287408,-334,z,z
11475,11809,-1497370.94789657,-869257.454045441,-628113.493851133,-334,z,z
11476,11810,-1346107.29443045,-905476.514630667,-440630.779799783,-334,z,z
11477,11811,-1534816.33285166,-651943.090534081,-882873.242317582,-334,z,z
11478,11812,-1261696.85514362,-688162.151119307,-573534.704024315,-334,z,z
11479,11813,-1888000.26205212,-724381.211704534,-1163619.05034759,-334,z,z
11480,11814,-472536.490553787,-760600.272289761,288063.781735973,-334,z,z
11481,11815,-1064997.30720344,-796819.332874988,-268177.974328448,-334,z,z
11482,11816,-1054716.7382933,-833038.393460214,-221678.344833083,-334,z,z
11483,11817,-987493.083426154,-869257.454045441,-118235.629380713,-334,z,z
11484,11818,-1662409.23616103,-905476.514630667,-756932.721530361,-334,z,z
11485,11819,-908601.648515254,-651943.090534081,-256658.557981173,-334,z,z
11486,11820,-1874701.92483334,-688162.151119307,-1186539.77371403,-334,z,z
11487,11821,-1934883.52149878,-724381.211704534,-1210502.30979425,-334,z,z
11488,11822,-1025252.12370184,-760600.272289761,-264651.851412081,-334,z,z
11489,11823,-569029.877010441,-796819.332874988,227789.455864546,-334,z,z
11490,11824,-1125375.87605056,-833038.393460214,-292337.482590348,-334,z,z
11491,11825,-1304429.3951158,-869257.454045441,-435171.941070357,-334,z,z
11492,11826,-1206103.64399839,-905476.514630667,-300627.129367726,-334,z,z
11493,11827,-1239011.13514384,-651943.090534081,-587068.04460976,-334,z,z
11494,11828,-1297525.30602495,-688162.151119307,-609363.154905641,-334,z,z
11495,11829,-2149878.23629173,-724381.211704534,-1425497.02458719,-334,z,z
11496,11830,-1157593.23742021,-760600.272289761,-396992.96513045,-334,z,z
11497,11831,-776389.130439409,-796819.332874988,20430.2024355786,-334,z,z
11498,11832,-902793.322307185,-833038.393460214,-69754.9288469709,-334,z,z
11499,11833,-665216.996229611,-869257.454045441,204040.457815829,-334,z,z
11500,11834,-1531727.02969558,-905476.514630667,-626250.515064908,-334,z,z
11501,11835,-1493169.09682467,-651943.090534081,-841226.006290592,-334,z,z
11502,11836,-265294.923513874,-688162.151119307,422867.227605434,-334,z,z
11503,11837,-914160.848537937,-724381.211704534,-189779.636833403,-334,z,z
11504,11838,-796819.332874988,-760600.272289761,-36219.0605852268,-334,z,z
11505,11839,-177412.272467235,-796819.332874988,619407.060407753,-334,z,z
11506,11840,-827757.944699104,-833038.393460214,5280.44876111019,-334,z,z
11507,11841,-912696.924916363,-869257.454045441,-43439.4708709222,-334,z,z
11508,11842,-884060.902034063,-905476.514630667,21415.612596605,-334,z,z
11509,11843,-1639269.51214839,-651943.090534081,-987326.421614312,-334,z,z
11510,11844,-1216034.52390894,-688162.151119307,-527872.372789633,-334,z,z
11511,11845,-1089961.18434271,-724381.211704534,-365579.972638175,-334,z,z
11512,11846,-660938.754180977,-760600.272289761,99661.5181087838,-334,z,z
11513,11847,-1357966.80289546,-796819.332874988,-561147.47002047,-334,z,z
11514,11848,-1429308.63208309,-833038.393460214,-596270.238622879,-334,z,z
11515,11849,-1284920.59922907,-869257.454045441,-415663.145183626,-334,z,z
11516,11850,-1465051.95408568,-905476.514630667,-559575.43945501,-334,z,z
11517,11851,-1204346.99809164,-651943.090534081,-552403.907557559,-334,z,z
11518,11852,-1802182.06832248,-688162.151119307,-1114019.91720317,-334,z,z
11519,11853,-451057.559164979,-724381.211704534,273323.652539555,-334,z,z
11520,11854,-1016588.33869419,-760600.272289761,-255988.066404427,-334,z,z
11521,11855,-1006775.06837087,-796819.332874988,-209955.735495887,-334,z,z
11522,11856,-942607.03417951,-833038.393460214,-109568.640719296,-334,z,z
11523,11857,-1586845.17997189,-869257.454045441,-717587.72592645,-334,z,z
11524,11858,-867301.573582743,-905476.514630667,38174.9410479249,-334,z,z
11525,11859,-1789488.20097728,-651943.090534081,-1137545.1104432,-334,z,z
11526,11860,-1846934.27052156,-688162.151119307,-1158772.11940226,-334,z,z
11527,11861,-978649.754442668,-724381.211704534,-254268.542738134,-334,z,z
11528,11862,-543164.882600876,-760600.272289761,217435.389688885,-334,z,z
11529,11863,-1074222.42713917,-796819.332874988,-277403.094264186,-334,z,z
11530,11864,-1245137.14988326,-833038.393460214,-412098.756423048,-334,z,z
11531,11865,-1151280.75108938,-869257.454045441,-282023.297043935,-334,z,z
11532,11866,-1182692.44718276,-905476.514630667,-277215.932552089,-334,z,z
11533,11867,-1238546.88302381,-651943.090534081,-586603.792489734,-334,z,z
11534,11868,-2052156.49827847,-688162.151119307,-1363994.34715916,-334,z,z
11535,11869,-1104975.36299202,-724381.211704534,-380594.151287485,-334,z,z
11536,11870,-741098.715419436,-760600.272289761,19501.556870325,-334,z,z
11537,11871,-861757.262202313,-796819.332874988,-64937.9293273256,-334,z,z
11538,11872,-634979.860037356,-833038.393460214,198058.533422858,-334,z,z
11539,11873,-1462103.07380032,-869257.454045441,-592845.619754881,-334,z,z
11540,11874,-1425297.77424173,-905476.514630667,-519821.259611065,-334,z,z
11541,11875,-253236.063354152,-651943.090534081,398707.027179929,-334,z,z
11542,11876,-872608.082695303,-688162.151119307,-184445.931575996,-334,z,z
11543,11877,-760600.272289761,-724381.211704534,-36219.0605852266,-334,z,z
11544,11878,-169348.078264179,-760600.272289761,591252.194025582,-334,z,z
11545,11879,-788340.899713433,-796819.332874988,8478.43316155498,-334,z,z
11546,11880,-869235.166587012,-833038.393460214,-36196.7731267982,-334,z,z
11547,11881,-841962.763841964,-869257.454045441,27294.6902034765,-334,z,z
11548,11882,-1561209.05918895,-905476.514630667,-655732.544558278,-334,z,z
11549,11883,-1158128.11800851,-651943.090534081,-506185.027474434,-334,z,z
11550,11884,-1038058.27080258,-688162.151119307,-349896.119683272,-334,z,z
11551,11885,-629465.480172359,-724381.211704534,94915.7315321751,-334,z,z
11552,11886,-1293301.71704329,-760600.272289761,-532701.444753532,-334,z,z
11553,11887,-1361246.31626961,-796819.332874988,-564426.983394625,-334,z,z
11554,11888,-1223733.90402768,-833038.393460214,-390695.510567468,-334,z,z
11555,11889,-1395287.57531969,-869257.454045441,-526030.121274252,-334,z,z
11556,11890,-1146997.14103966,-905476.514630667,-241520.62640899,-334,z,z
11557,11891,-1716363.87459284,-651943.090534081,-1064420.78405876,-334,z,z
11558,11892,-429578.62777617,-688162.151119307,258583.523343137,-334,z,z
11559,11893,-968179.370184941,-724381.211704534,-243798.158480407,-334,z,z
11560,11894,-958833.398448452,-760600.272289761,-198233.126158691,-334,z,z
11561,11895,-897720.984932867,-796819.332874988,-100901.65205788,-334,z,z
11562,11896,-1511281.12378275,-833038.393460214,-678242.730322539,-334,z,z
11563,11897,-826001.498650231,-869257.454045441,43255.9553952098,-334,z,z
11564,11898,-1704274.47712122,-905476.514630667,-798797.962490549,-334,z,z
11565,11899,-1758985.01954434,-651943.090534081,-1107041.92901026,-334,z,z
11566,11900,-932047.385183493,-688162.151119307,-243885.234064186,-334,z,z
11567,11901,-517299.88819131,-724381.211704534,207081.323513224,-334,z,z
11568,11902,-1023068.97822778,-760600.272289761,-262468.705938023,-334,z,z
11569,11903,-1185844.90465073,-796819.332874988,-389025.571775738,-334,z,z
11570,11904,-1096457.85818036,-833038.393460214,-263419.464720144,-334,z,z
11571,11905,-1126373.75922167,-869257.454045441,-257116.305176232,-334,z,z
11572,11906,-1179568.46002268,-905476.514630667,-274091.945392013,-334,z,z
11573,11907,-1954434.76026521,-651943.090534081,-1302491.66973112,-334,z,z
11574,11908,-1052357.48856383,-688162.151119307,-364195.33744452,-334,z,z
11575,11909,-705808.300399463,-724381.211704534,18572.9113050716,-334,z,z
11576,11910,-820721.202097441,-760600.272289761,-60120.9298076803,-334,z,z
11577,11911,-604742.723845101,-796819.332874988,192076.609029886,-334,z,z
11578,11912,-1392479.11790507,-833038.393460214,-559440.724444854,-334,z,z
11579,11913,-1357426.45165879,-869257.454045441,-488168.997613352,-334,z,z
11580,11914,-241177.20319443,-905476.514630667,664299.311436237,-334,z,z
11581,11915,-831055.31685267,-651943.090534081,-179112.226318589,-334,z,z
11582,11916,-724381.211704534,-688162.151119307,-36219.0605852268,-334,z,z
11583,11917,-161283.884061122,-724381.211704534,563097.327643412,-334,z,z
11584,11918,-748923.854727761,-760600.272289761,11676.4175619999,-334,z,z
11585,11919,-825773.408257662,-796819.332874988,-28954.0753826743,-334,z,z
11586,11920,-799864.625649866,-833038.393460214,33173.7678103481,-334,z,z
11587,11921,-1483148.6062295,-869257.454045441,-613891.152184057,-334,z,z
11588,11922,-1100221.71210809,-905476.514630667,-194745.197477422,-334,z,z
11589,11923,-986155.357262451,-651943.090534081,-334212.26672837,-334,z,z
11590,11924,-597992.206163741,-688162.151119307,90169.9449555663,-334,z,z
11591,11925,-1228636.63119113,-724381.211704534,-504255.419486594,-334,z,z
11592,11926,-1293184.00045613,-760600.272289761,-532583.728166371,-334,z,z
11593,11927,-1162547.2088263,-796819.332874988,-365727.875951311,-334,z,z
11594,11928,-1325523.19655371,-833038.393460214,-492484.803093494,-334,z,z
11595,11929,-1089647.28398767,-869257.454045441,-220389.829942233,-334,z,z
11596,11930,-1630545.6808632,-905476.514630667,-725069.166232528,-334,z,z
11597,11931,-408099.696387362,-651943.090534081,243843.394146719,-334,z,z
11598,11932,-919770.401675694,-688162.151119307,-231608.250556387,-334,z,z
11599,11933,-910891.728526029,-724381.211704534,-186510.516821495,-334,z,z
11600,11934,-852834.935686224,-760600.272289761,-92234.663396463,-334,z,z
11601,11935,-1435717.06759362,-796819.332874988,-638897.734718628,-334,z,z
11602,11936,-784701.42371772,-833038.393460214,48336.9697424948,-334,z,z
11603,11937,-1619060.75326516,-869257.454045441,-749803.299219715,-334,z,z
11604,11938,-1671035.76856713,-905476.514630667,-765559.25393646,-334,z,z
11605,11939,-885445.015924318,-651943.090534081,-233501.925390238,-334,z,z
11606,11940,-491434.893781745,-688162.151119307,196727.257337563,-334,z,z
11607,11941,-971915.529316395,-724381.211704534,-247534.317611861,-334,z,z
11608,11942,-1126552.65941819,-760600.272289761,-365952.387128429,-334,z,z
11609,11943,-1041634.96527134,-796819.332874988,-244815.632396352,-334,z,z
11610,11944,-1070055.07126059,-833038.393460214,-237016.677800375,-334,z,z
11611,11945,-1120590.03702155,-869257.454045441,-251332.582976106,-334,z,z
11612,11946,-1856713.02225194,-905476.514630667,-951236.507621277,-334,z,z
11613,11947,-999739.614135636,-651943.090534081,-347796.523601555,-334,z,z
11614,11948,-670517.885379489,-688162.151119307,17644.2657398179,-334,z,z
11615,11949,-779685.141992569,-724381.211704534,-55303.9302880348,-334,z,z
11616,11950,-574505.587652846,-760600.272289761,186094.684636915,-334,z,z
11617,11951,-1322855.16200982,-796819.332874988,-526035.829134828,-334,z,z
11618,11952,-1289555.12907585,-833038.393460214,-456516.735615639,-334,z,z
11619,11953,-229118.343034709,-869257.454045441,640139.111010732,-334,z,z
11620,11954,-789502.551010036,-905476.514630667,115973.963620631,-334,z,z
11621,11955,-688162.151119307,-651943.090534081,-36219.0605852266,-334,z,z
11622,11956,-153219.689858066,-688162.151119307,534942.461261241,-334,z,z
11623,11957,-709506.809742089,-724381.211704534,14874.4019624449,-334,z,z
11624,11958,-782311.649928311,-760600.272289761,-21711.3776385505,-334,z,z
11625,11959,-757766.487457768,-796819.332874988,39052.8454172196,-334,z,z
11626,11960,-1405088.15327005,-833038.393460214,-572049.759809836,-334,z,z
11627,11961,-1042315.30620766,-869257.454045441,-173057.852162223,-334,z,z
11628,11962,-934252.443722322,-905476.514630667,-28775.9290916543,-334,z,z
11629,11963,-566518.932155123,-651943.090534081,85424.1583789577,-334,z,z
11630,11964,-1163971.54533896,-688162.151119307,-475809.394219656,-334,z,z
11631,11965,-1225121.68464265,-724381.211704534,-500740.472938117,-334,z,z
11632,11966,-1101360.51362491,-760600.272289761,-340760.241335154,-334,z,z
11633,11967,-1255758.81778772,-796819.332874988,-458939.484912736,-334,z,z
11634,11968,-1032297.42693569,-833038.393460214,-199259.033475477,-334,z,z
11635,11969,-1544727.48713355,-869257.454045441,-675470.033088113,-334,z,z
11636,11970,-386620.764998553,-905476.514630667,518855.749632114,-334,z,z
11637,11971,-871361.433166447,-651943.090534081,-219418.342632366,-334,z,z
11638,11972,-862950.058603606,-688162.151119307,-174787.907484299,-334,z,z
11639,11973,-807948.88643958,-724381.211704534,-83567.6747350463,-334,z,z
11640,11974,-1360153.01140448,-760600.272289761,-599552.739114717,-334,z,z
11641,11975,-743401.348785208,-796819.332874988,53417.9840897796,-334,z,z
11642,11976,-1533847.0294091,-833038.393460214,-700808.635948881,-334,z,z
11643,11977,-1583086.51758991,-869257.454045441,-713829.06354447,-334,z,z
11644,11978,-838842.646665144,-905476.514630667,66633.8679655239,-334,z,z
11645,11979,-465569.899372179,-651943.090534081,186373.191161901,-334,z,z
11646,11980,-920762.080405006,-688162.151119307,-232599.929285698,-334,z,z
11647,11981,-1067260.41418565,-724381.211704534,-342879.202481119,-334,z,z
11648,11982,-986812.072362322,-760600.272289761,-226211.800072561,-334,z,z
11649,11983,-1013736.38329951,-796819.332874988,-216917.050424518,-334,z,z
11650,11984,-1061611.61402041,-833038.393460214,-228573.220560198,-334,z,z
11651,11985,-1758991.28423868,-869257.454045441,-889733.830193244,-334,z,z
11652,11986,-947121.739707445,-905476.514630667,-41645.2250767773,-334,z,z
11653,11987,-635227.470359516,-651943.090534081,16715.6201745643,-334,z,z
11654,11988,-738649.081887697,-688162.151119307,-50486.9307683896,-334,z,z
11655,11989,-544268.451460591,-724381.211704534,180112.760243943,-334,z,z
11656,11990,-1253231.20611456,-760600.272289761,-492630.933824801,-334,z,z
11657,11991,-1221683.80649291,-796819.332874988,-424864.473617926,-334,z,z
11658,11992,-217059.482874987,-833038.393460214,615978.910585227,-334,z,z
11659,11993,-747949.785167403,-869257.454045441,121307.668878038,-334,z,z
11660,11994,-651943.090534081,-905476.514630667,253533.424096587,-334,z,z
11661,11995,-145155.49565501,-651943.090534081,506787.594879071,-334,z,z
11662,11996,-2500,-688162.151119307,685662.151119307,-334,z,z
11663,11997,-2500,-724381.211704534,721881.211704534,-334,z,z
11664,11998,-2500,-760600.272289761,758100.272289761,-334,z,z
11665,11999,-2500,-796819.332874988,794319.332874987,-334,z,z
11666,12000,-2500,-833038.393460214,830538.393460214,-334,z,z
11667,12001,-2500,-869257.454045441,866757.454045441,-334,z,z
11668,12002,-2500,-905476.514630667,902976.514630667,-334,z,z
11669,12003,-2500,-651943.090534081,649443.090534081,-334,z,z
11670,12004,-2500,-688162.151119307,685662.151119307,-334,z,z
11671,12005,-2500,-724381.211704534,721881.211704534,-334,z,z
11672,12006,-2500,-760600.272289761,758100.272289761,-334,z,z
11673,12007,-2500,-796819.332874988,794319.332874987,-334,z,z
11674,12008,-2500,-833038.393460214,830538.393460214,-334,z,z
11675,12009,-2500,-869257.454045441,866757.454045441,-334,z,z
11676,12010,-2500,-905476.514630667,902976.514630667,-334,z,z
11677,12011,-2500,-651943.090534081,649443.090534081,-334,z,z
11678,12012,-2500,-688162.151119307,685662.151119307,-334,z,z
11679,12013,-2500,-724381.211704534,721881.211704534,-334,z,z
11680,12014,-2500,-760600.272289761,758100.272289761,-334,z,z
11681,12015,-2500,-796819.332874988,794319.332874987,-334,z,z
11682,12016,-2500,-833038.393460214,830538.393460214,-334,z,z
11683,12017,-2500,-869257.454045441,866757.454045441,-334,z,z
11684,12019,-2500,-651943.090534081,649443.090534081,-335,z,z
11685,12020,-2500,-688162.151119307,685662.151119307,-335,z,z
11686,12021,-2500,-724381.211704534,721881.211704534,-335,z,z
11687,12022,-2500,-760600.272289761,758100.272289761,-335,z,z
11688,12023,-2500,-796819.332874988,794319.332874987,-335,z,z
11689,12024,-2500,-833038.393460214,830538.393460214,-335,z,z
11690,12026,-2500,-651943.090534081,649443.090534081,-336,z,z
11691,12027,-2500,-688162.151119307,685662.151119307,-336,z,z
11692,12028,-2500,-724381.211704534,721881.211704534,-336,z,z
11693,12029,-2500,-760600.272289761,758100.272289761,-336,z,z
11694,12030,-2500,-796819.332874988,794319.332874987,-336,z,z
11695,12032,-2500,-651943.090534081,649443.090534081,-337,z,z
11696,12033,-2500,-688162.151119307,685662.151119307,-337,z,z
11697,12034,-2500,-724381.211704534,721881.211704534,-337,z,z
11698,12035,-2500,-760600.272289761,758100.272289761,-337,z,z
11699,12037,-2500,-651943.090534081,649443.090534081,-338,z,z
11700,12038,-2500,-688162.151119307,685662.151119307,-338,z,z
11701,12039,-985426.124641791,-724381.211704534,-261044.912937257,-338,z,z
11702,12041,-1086543.95823377,-651943.090534081,-434600.867699685,-339,z,z
11703,12042,-1052453.45480246,-688162.151119307,-364291.303683148,-339,z,z
11704,12044,-1951511.32398618,-651943.090534081,-1299568.2334521,-340,z,z
11705,12047,-1447660.14751064,-14155160.8263635,12707500.6788529,-342,z,z
11706,12048,-1297572.83850322,-13792272.087226,12494699.2487227,-342,z,z
11707,12049,-786831.850215449,-13429383.3480884,12642551.497873,-342,z,z
11708,12050,-1616627.14630412,-13066494.6089509,11449867.4626468,-342,z,z
11709,12051,-1701557.89533702,-12703605.8698134,11002047.9744764,-342,z,z
11710,12052,-1529667.3800346,-12340717.1306759,10811049.7506413,-342,z,z
11711,12053,-1744109.46914962,-11977828.3915383,10233718.9223887,-342,z,z
11712,12054,-1433746.42629957,-11614939.6524008,10181193.2261012,-342,z,z
11713,12055,-2145454.84324105,-11252050.9132633,9106596.07002224,-342,z,z
11714,12056,-536973.284720213,-10889162.1741258,10352188.8894056,-342,z,z
11715,12057,-1210224.21273118,-10526273.4349882,9316049.22225706,-342,z,z
11716,12058,-1198541.74806056,-10163384.6958507,8964842.94779015,-342,z,z
11717,12059,-1122151.23116608,-9800495.95671319,8678344.7255471,-342,z,z
11718,12060,-1889101.40472844,-9437607.21757566,7548505.81284722,-342,z,z
11719,12061,-1032501.87331279,-9074718.47843814,8042216.60512535,-342,z,z
11720,12062,-2130343.09640152,-8711829.73930061,6581486.64289909,-342,z,z
11721,12063,-2198731.27443043,-8348941.00016309,6150209.72573266,-342,z,z
11722,12064,-1165059.23147937,-7986052.26102556,6820993.0295462,-342,z,z
11723,12065,-646624.860239138,-7623163.52188804,6976538.6616489,-342,z,z
11724,12066,-1278836.22278473,-7260274.78275051,5981438.55996578,-342,z,z
11725,12067,-1482306.13081341,-6897386.04361298,5415079.91279958,-342,z,z
11726,12068,-1370572.32272545,-6534497.30447546,5163924.98175001,-342,z,z
11727,12069,-1407967.19902709,-6171608.56533793,4763641.36631084,-342,z,z
11728,12070,-1474460.57502835,-5808719.82620041,4334259.25117206,-342,z,z
11729,12071,-2443043.45033151,-5445831.08706288,3002787.63673138,-342,z,z
11730,12072,-1315446.86070478,-5082942.34792536,3767495.48722057,-342,z,z
11731,12073,-882260.375499328,-4720053.60878783,3837793.2332885,-342,z,z
11732,12074,-1025901.5026218,-4357164.86965031,3331263.36702851,-342,z,z
11733,12075,-755928.404806377,-3994276.13051278,3238347.7257064,-342,z,z
11734,12076,-1740598.89738134,-3631387.39137525,1890788.49399392,-342,z,z
11735,12077,-1696783.06457349,-3268498.65223773,1571715.58766424,-342,z,z
11736,12078,-301471.503993038,-2905609.9131002,2604138.40910717,-342,z,z
11737,12079,-1038819.14606584,-2542721.17396268,1503902.02789684,-342,z,z
11738,12080,-905476.514630667,-2179832.43482515,1274355.92019449,-342,z,z
11739,12081,-201604.855076403,-1816943.69568763,1615338.84061122,-342,z,z
11740,12082,-946009.079656119,-1454054.9565501,508045.876893983,-342,z,z
11741,12083,-1043082.19990441,-1091166.21741258,48084.0175081617,-342,z,z
11742,12084,-1010355.31661036,-728277.478275051,-282077.838335306,-342,z,z
11743,12085,-1873450.87102673,-365388.739137526,-1508062.13188921,-342,z,z
11744,12086,-1389753.74161022,-2500,-1387253.74161022,-342,z,z
11745,12088,-1245669.9249631,-145155.49565501,-1100514.42930809,-343,z,z
11746,12089,-755358.576206831,-153219.689858066,-602138.886348765,-343,z,z
11747,12090,-1551962.06045195,-161283.884061122,-1390678.17639083,-343,z,z
11748,12091,-1633495.57952353,-169348.078264179,-1464147.50125936,-343,z,z
11749,12092,-1468480.68483322,-177412.272467235,-1291068.41236598,-343,z,z
11750,12093,-1674345.09038363,-185476.466670291,-1488868.62371334,-343,z,z
11751,12094,-1376396.56924759,-193540.660873347,-1182855.90837424,-343,z,z
11752,12095,-2059636.64951141,-201604.855076403,-1858031.794435,-343,z,z
11753,12096,-515494.353331404,-145155.49565501,-370338.857676394,-343,z,z
11754,12097,-1161815.24422193,-153219.689858066,-1008595.55436386,-343,z,z
11755,12098,-1150600.07813814,-161283.884061122,-989316.194077019,-343,z,z
11756,12099,-1077265.18191944,-169348.078264179,-907917.103655262,-343,z,z
11757,12100,-1813537.3485393,-177412.272467235,-1636125.07607207,-343,z,z
11758,12101,-991201.798380277,-185476.466670291,-805725.331709986,-343,z,z
11759,12102,-2045129.37254546,-193540.660873347,-1851588.71167211,-343,z,z
11760,12103,-2110782.02345321,-201604.855076403,-1909177.16837681,-343,z,z
11761,12104,-1118456.86222019,-145155.49565501,-973301.366565181,-343,z,z
11762,12105,-620759.865829572,-153219.689858066,-467540.175971506,-343,z,z
11763,12106,-1227682.77387334,-161283.884061122,-1066398.88981222,-343,z,z
11764,12107,-1423013.88558087,-169348.078264179,-1253665.80731669,-343,z,z
11765,12108,-1315749.42981643,-177412.272467235,-1138337.15734919,-343,z,z
11766,12109,-1351648.51106601,-185476.466670291,-1166172.04439572,-343,z,z
11767,12110,-1415482.15202722,-193540.660873347,-1221941.49115387,-343,z,z
11768,12111,-2345321.71231825,-201604.855076403,-2143716.85724184,-343,z,z
11769,12112,-1262828.98627659,-145155.49565501,-1117673.49062158,-343,z,z
11770,12113,-846969.960479355,-153219.689858066,-693750.270621289,-343,z,z
11771,12114,-984865.442516929,-161283.884061122,-823581.558455807,-343,z,z
11772,12115,-725691.268614122,-169348.078264179,-556343.190349943,-343,z,z
11773,12116,-1670974.94148608,-177412.272467235,-1493562.66901885,-343,z,z
11774,12117,-1628911.74199055,-185476.466670291,-1443435.27532026,-343,z,z
11775,12118,-289412.643833317,-193540.660873347,-95871.9829599696,-343,z,z
11776,12119,-997266.380223204,-201604.855076403,-795661.5251468,-343,z,z
11777,12120,-869257.454045441,-145155.49565501,-724101.958390431,-343,z,z
11778,12121,-193540.660873347,-153219.689858066,-40320.9710152806,-343,z,z
11779,12122,-906592.034670447,-161283.884061122,-745308.150609325,-343,z,z
11780,12123,-999620.441575064,-169348.078264179,-830272.363310886,-343,z,z
11781,12124,-968257.178418259,-177412.272467235,-790844.905951024,-343,z,z
11782,12125,-1795390.41806729,-185476.466670291,-1609913.951397,-343,z,z
11783,12126,-1331847.33570979,-193540.660873347,-1138306.67483644,-343,z,z
11784,12127,-1193767.01142297,-201604.855076403,-992162.156346564,-343,z,z
11785,12128,-723885.302198213,-145155.49565501,-578729.806543203,-343,z,z
11786,12129,-1487296.97459979,-153219.689858066,-1334077.28474172,-343,z,z
11787,12130,-1565433.26371005,-161283.884061122,-1404149.37964893,-343,z,z
11788,12131,-1407293.98963183,-169348.078264179,-1237945.91136766,-343,z,z
11789,12132,-1604580.71161765,-177412.272467235,-1427168.43915041,-343,z,z
11790,12133,-1319046.71219561,-185476.466670291,-1133570.24552531,-343,z,z
11791,12134,-1973818.45578176,-193540.660873347,-1780277.79490842,-343,z,z
11792,12135,-494015.421942596,-201604.855076403,-292410.566866193,-343,z,z
11793,12136,-1113406.27571268,-145155.49565501,-968250.780057672,-343,z,z
11794,12137,-1102658.40821572,-153219.689858066,-949438.718357653,-343,z,z
11795,12138,-1032379.1326728,-161283.884061122,-871095.248611675,-343,z,z
11796,12139,-1737973.29235017,-169348.078264179,-1568625.21408599,-343,z,z
11797,12140,-949901.723447766,-177412.272467235,-772489.450980531,-343,z,z
11798,12141,-1959915.6486894,-185476.466670291,-1774439.18201911,-343,z,z
11799,12142,-2022832.772476,-193540.660873347,-1829292.11160265,-343,z,z
11800,12143,-1071854.49296102,-201604.855076403,-870249.637884614,-343,z,z
11801,12144,-594894.871420007,-145155.49565501,-449739.375764997,-343,z,z
11802,12145,-1176529.32496195,-153219.689858066,-1023309.63510389,-343,z,z
11803,12146,-1363721.64034833,-161283.884061122,-1202437.75628721,-343,z,z
11804,12147,-1260926.53690741,-169348.078264179,-1091578.45864323,-343,z,z
11805,12148,-1295329.82310492,-177412.272467235,-1117917.55063769,-343,z,z
11806,12149,-1356503.72902608,-185476.466670291,-1171027.26235579,-343,z,z
11807,12150,-2247599.97430499,-193540.660873347,-2054059.31343164,-343,z,z
11808,12151,-1210211.1118484,-201604.855076403,-1008606.256772,-343,z,z
11809,12152,-811679.545459382,-145155.49565501,-666524.049804372,-343,z,z
11810,12153,-943829.382412057,-153219.689858066,-790609.692553991,-343,z,z
11811,12154,-695454.132421866,-161283.884061122,-534170.248360744,-343,z,z
11812,12155,-1601350.98559083,-169348.078264179,-1432002.90732665,-343,z,z
11813,12156,-1561040.41940761,-177412.272467235,-1383628.14694038,-343,z,z
11814,12157,-277353.783673595,-185476.466670291,-91877.3170033041,-343,z,z
11815,12158,-955713.61438057,-193540.660873347,-762172.953507223,-343,z,z
11816,12159,-833038.393460214,-201604.855076403,-631433.538383811,-343,z,z
11817,12160,-185476.466670291,-145155.49565501,-40320.9710152806,-343,z,z
11818,12161,-867174.989684776,-153219.689858066,-713955.299826709,-343,z,z
11819,12162,-956158.683245714,-161283.884061122,-794874.799184591,-343,z,z
11820,12163,-926159.040226161,-169348.078264179,-756810.961961982,-343,z,z
11821,12164,-1717329.96510784,-177412.272467235,-1539917.6926406,-343,z,z
11822,12165,-1273940.92980937,-185476.466670291,-1088464.46313908,-343,z,z
11823,12166,-1141864.09788284,-193540.660873347,-948323.437009491,-343,z,z
11824,12167,-692412.028189595,-201604.855076403,-490807.173113192,-343,z,z
11825,12168,-1422631.88874762,-145155.49565501,-1277476.39309261,-343,z,z
11826,12169,-1497370.94789657,-153219.689858066,-1344151.25803851,-343,z,z
11827,12170,-1346107.29443045,-161283.884061122,-1184823.41036933,-343,z,z
11828,12171,-1534816.33285166,-169348.078264179,-1365468.25458748,-343,z,z
11829,12172,-1261696.85514362,-177412.272467235,-1084284.58267639,-343,z,z
11830,12173,-1888000.26205212,-185476.466670291,-1702523.79538183,-343,z,z
11831,12174,-472536.490553787,-193540.660873347,-278995.82968044,-343,z,z
11832,12175,-1064997.30720344,-201604.855076403,-863392.452127032,-343,z,z
11833,12176,-1054716.7382933,-145155.49565501,-909561.242638287,-343,z,z
11834,12177,-987493.083426154,-153219.689858066,-834273.393568087,-343,z,z
11835,12178,-1662409.23616103,-161283.884061122,-1501125.35209991,-343,z,z
11836,12179,-908601.648515254,-169348.078264179,-739253.570251076,-343,z,z
11837,12180,-1874701.92483334,-177412.272467235,-1697289.6523661,-343,z,z
11838,12181,-1934883.52149878,-185476.466670291,-1749407.05482849,-343,z,z
11839,12182,-1025252.12370184,-193540.660873347,-831711.462828495,-343,z,z
11840,12183,-569029.877010441,-201604.855076403,-367425.021934038,-343,z,z
11841,12184,-1125375.87605056,-145155.49565501,-980220.380395552,-343,z,z
11842,12185,-1304429.3951158,-153219.689858066,-1151209.70525773,-343,z,z
11843,12186,-1206103.64399839,-161283.884061122,-1044819.75993727,-343,z,z
11844,12187,-1239011.13514384,-169348.078264179,-1069663.05687966,-343,z,z
11845,12188,-1297525.30602495,-177412.272467235,-1120113.03355771,-343,z,z
11846,12189,-2149878.23629173,-185476.466670291,-1964401.76962143,-343,z,z
11847,12190,-1157593.23742021,-193540.660873347,-964052.576546863,-343,z,z
11848,12191,-776389.130439409,-201604.855076403,-574784.275363006,-343,z,z
11849,12192,-902793.322307185,-145155.49565501,-757637.826652175,-343,z,z
11850,12193,-665216.996229611,-153219.689858066,-511997.306371545,-343,z,z
11851,12194,-1531727.02969558,-161283.884061122,-1370443.14563445,-343,z,z
11852,12195,-1493169.09682467,-169348.078264179,-1323821.01856049,-343,z,z
11853,12196,-265294.923513874,-177412.272467235,-87882.6510466388,-343,z,z
11854,12197,-914160.848537937,-185476.466670291,-728684.381867646,-343,z,z
11855,12198,-796819.332874988,-193540.660873347,-603278.67200164,-343,z,z
11856,12199,-177412.272467235,-201604.855076403,24192.5826091684,-343,z,z
11857,12200,-827757.944699104,-145155.49565501,-682602.449044094,-343,z,z
11858,12201,-912696.924916363,-153219.689858066,-759477.235058297,-343,z,z
11859,12202,-884060.902034063,-161283.884061122,-722777.01797294,-343,z,z
11860,12203,-1639269.51214839,-169348.078264179,-1469921.43388421,-343,z,z
11861,12204,-1216034.52390894,-177412.272467235,-1038622.25144171,-343,z,z
11862,12205,-1089961.18434271,-185476.466670291,-904484.717672418,-343,z,z
11863,12206,-660938.754180977,-193540.660873347,-467398.09330763,-343,z,z
11864,12207,-1357966.80289546,-201604.855076403,-1156361.94781905,-343,z,z
11865,12208,-1429308.63208309,-145155.49565501,-1284153.13642808,-343,z,z
11866,12209,-1284920.59922907,-153219.689858066,-1131700.909371,-343,z,z
11867,12210,-1465051.95408568,-161283.884061122,-1303768.07002456,-343,z,z
11868,12211,-1204346.99809164,-169348.078264179,-1034998.91982746,-343,z,z
11869,12212,-1802182.06832248,-177412.272467235,-1624769.79585524,-343,z,z
11870,12213,-451057.559164979,-185476.466670291,-265581.092494688,-343,z,z
11871,12214,-1016588.33869419,-193540.660873347,-823047.677820841,-343,z,z
11872,12215,-1006775.06837087,-201604.855076403,-805170.213294471,-343,z,z
11873,12216,-942607.03417951,-145155.49565501,-797451.5385245,-343,z,z
11874,12217,-1586845.17997189,-153219.689858066,-1433625.49011382,-343,z,z
11875,12218,-867301.573582743,-161283.884061122,-706017.68952162,-343,z,z
11876,12219,-1789488.20097728,-169348.078264179,-1620140.1227131,-343,z,z
11877,12220,-1846934.27052156,-177412.272467235,-1669521.99805433,-343,z,z
11878,12221,-978649.754442668,-185476.466670291,-793173.287772377,-343,z,z
11879,12222,-543164.882600876,-193540.660873347,-349624.221727529,-343,z,z
11880,12223,-1074222.42713917,-201604.855076403,-872617.57206277,-343,z,z
11881,12224,-1245137.14988326,-145155.49565501,-1099981.65422825,-343,z,z
11882,12225,-1151280.75108938,-153219.689858066,-998061.061231309,-343,z,z
11883,12226,-1182692.44718276,-161283.884061122,-1021408.56312163,-343,z,z
11884,12227,-1238546.88302381,-169348.078264179,-1069198.80475964,-343,z,z
11885,12228,-2052156.49827847,-177412.272467235,-1874744.22581123,-343,z,z
11886,12229,-1104975.36299202,-185476.466670291,-919498.896321728,-343,z,z
11887,12230,-741098.715419436,-193540.660873347,-547558.054546089,-343,z,z
11888,12231,-861757.262202313,-201604.855076403,-660152.40712591,-343,z,z
11889,12232,-634979.860037356,-145155.49565501,-489824.364382346,-343,z,z
11890,12233,-1462103.07380032,-153219.689858066,-1308883.38394226,-343,z,z
11891,12234,-1425297.77424173,-161283.884061122,-1264013.89018061,-343,z,z
11892,12235,-253236.063354152,-169348.078264179,-83887.9850899734,-343,z,z
11893,12236,-872608.082695303,-177412.272467235,-695195.810228069,-343,z,z
11894,12237,-760600.272289761,-185476.466670291,-575123.80561947,-343,z,z
11895,12238,-169348.078264179,-193540.660873347,24192.5826091684,-343,z,z
11896,12239,-788340.899713433,-201604.855076403,-586736.044637029,-343,z,z
11897,12240,-869235.166587012,-145155.49565501,-724079.670932002,-343,z,z
11898,12241,-841962.763841964,-153219.689858066,-688743.073983898,-343,z,z
11899,12242,-1561209.05918895,-161283.884061122,-1399925.17512782,-343,z,z
11900,12243,-1158128.11800851,-169348.078264179,-988780.039744336,-343,z,z
11901,12244,-1038058.27080258,-177412.272467235,-860645.998335345,-343,z,z
11902,12245,-629465.480172359,-185476.466670291,-443989.013502068,-343,z,z
11903,12246,-1293301.71704329,-193540.660873347,-1099761.05616995,-343,z,z
11904,12247,-1361246.31626961,-201604.855076403,-1159641.46119321,-343,z,z
11905,12248,-1223733.90402768,-145155.49565501,-1078578.40837267,-343,z,z
11906,12249,-1395287.57531969,-153219.689858066,-1242067.88546163,-343,z,z
11907,12250,-1146997.14103966,-161283.884061122,-985713.256978535,-343,z,z
11908,12251,-1716363.87459284,-169348.078264179,-1547015.79632866,-343,z,z
11909,12252,-429578.62777617,-177412.272467235,-252166.355308936,-343,z,z
11910,12253,-968179.370184941,-185476.466670291,-782702.90351465,-343,z,z
11911,12254,-958833.398448452,-193540.660873347,-765292.737575105,-343,z,z
11912,12255,-897720.984932867,-201604.855076403,-696116.129856464,-343,z,z
11913,12256,-1511281.12378275,-145155.49565501,-1366125.62812774,-343,z,z
11914,12257,-826001.498650231,-153219.689858066,-672781.808792165,-343,z,z
11915,12258,-1704274.47712122,-161283.884061122,-1542990.59306009,-343,z,z
11916,12259,-1758985.01954434,-169348.078264179,-1589636.94128017,-343,z,z
11917,12260,-932047.385183493,-177412.272467235,-754635.112716258,-343,z,z
11918,12261,-517299.88819131,-185476.466670291,-331823.421521019,-343,z,z
11919,12262,-1023068.97822778,-193540.660873347,-829528.317354437,-343,z,z
11920,12263,-1185844.90465073,-201604.855076403,-984240.049574322,-343,z,z
11921,12264,-1096457.85818036,-145155.49565501,-951302.362525347,-343,z,z
11922,12265,-1126373.75922167,-153219.689858066,-973154.069363606,-343,z,z
11923,12266,-1179568.46002268,-161283.884061122,-1018284.57596156,-343,z,z
11924,12267,-1954434.76026521,-169348.078264179,-1785086.68200103,-343,z,z
11925,12268,-1052357.48856383,-177412.272467235,-874945.216096593,-343,z,z
11926,12269,-705808.300399463,-185476.466670291,-520331.833729172,-343,z,z
11927,12270,-820721.202097441,-193540.660873347,-627180.541224094,-343,z,z
11928,12271,-604742.723845101,-201604.855076403,-403137.868768698,-343,z,z
11929,12272,-1392479.11790507,-145155.49565501,-1247323.62225006,-343,z,z
11930,12273,-1357426.45165879,-153219.689858066,-1204206.76180073,-343,z,z
11931,12274,-241177.20319443,-161283.884061122,-79893.319133308,-343,z,z
11932,12275,-831055.31685267,-169348.078264179,-661707.238588491,-343,z,z
11933,12276,-724381.211704534,-177412.272467235,-546968.939237299,-343,z,z
11934,12277,-161283.884061122,-185476.466670291,24192.5826091684,-343,z,z
11935,12278,-748923.854727761,-193540.660873347,-555383.193854414,-343,z,z
11936,12279,-825773.408257662,-201604.855076403,-624168.553181259,-343,z,z
11937,12280,-799864.625649866,-145155.49565501,-654709.129994856,-343,z,z
11938,12281,-1483148.6062295,-153219.689858066,-1329928.91637143,-343,z,z
11939,12282,-1100221.71210809,-161283.884061122,-938937.828046967,-343,z,z
11940,12283,-986155.357262451,-169348.078264179,-816807.278998272,-343,z,z
11941,12284,-597992.206163741,-177412.272467235,-420579.933696506,-343,z,z
11942,12285,-1228636.63119113,-185476.466670291,-1043160.16452084,-343,z,z
11943,12286,-1293184.00045613,-193540.660873347,-1099643.33958278,-343,z,z
11944,12287,-1162547.2088263,-201604.855076403,-960942.353749895,-343,z,z
11945,12288,-1325523.19655371,-145155.49565501,-1180367.7008987,-343,z,z
11946,12289,-1089647.28398767,-153219.689858066,-936427.594129608,-343,z,z
11947,12290,-1630545.6808632,-161283.884061122,-1469261.79680207,-343,z,z
11948,12291,-408099.696387362,-169348.078264179,-238751.618123183,-343,z,z
11949,12292,-919770.401675694,-177412.272467235,-742358.129208459,-343,z,z
11950,12293,-910891.728526029,-185476.466670291,-725415.261855738,-343,z,z
11951,12294,-852834.935686224,-193540.660873347,-659294.274812877,-343,z,z
11952,12295,-1435717.06759362,-201604.855076403,-1234112.21251721,-343,z,z
11953,12296,-784701.42371772,-145155.49565501,-639545.928062709,-343,z,z
11954,12297,-1619060.75326516,-153219.689858066,-1465841.06340709,-343,z,z
11955,12298,-1671035.76856713,-161283.884061122,-1509751.88450601,-343,z,z
11956,12299,-885445.015924318,-169348.078264179,-716096.93766014,-343,z,z
11957,12300,-491434.893781745,-177412.272467235,-314022.62131451,-343,z,z
11958,12301,-971915.529316395,-185476.466670291,-786439.062646104,-343,z,z
11959,12302,-1126552.65941819,-193540.660873347,-933011.998544842,-343,z,z
11960,12303,-1041634.96527134,-201604.855076403,-840030.110194937,-343,z,z
11961,12304,-1070055.07126059,-145155.49565501,-924899.575605579,-343,z,z
11962,12305,-1120590.03702155,-153219.689858066,-967370.34716348,-343,z,z
11963,12306,-1856713.02225194,-161283.884061122,-1695429.13819082,-343,z,z
11964,12307,-999739.614135636,-169348.078264179,-830391.535871457,-343,z,z
11965,12308,-670517.885379489,-177412.272467235,-493105.612912255,-343,z,z
11966,12309,-779685.141992569,-185476.466670291,-594208.675322278,-343,z,z
11967,12310,-574505.587652846,-193540.660873347,-380964.926779499,-343,z,z
11968,12311,-1322855.16200982,-201604.855076403,-1121250.30693341,-343,z,z
11969,12312,-1289555.12907585,-145155.49565501,-1144399.63342084,-343,z,z
11970,12313,-229118.343034709,-153219.689858066,-75898.6531766426,-343,z,z
11971,12314,-789502.551010036,-161283.884061122,-628218.666948914,-343,z,z
11972,12315,-688162.151119307,-169348.078264179,-518814.072855129,-343,z,z
11973,12316,-153219.689858066,-177412.272467235,24192.5826091684,-343,z,z
11974,12317,-709506.809742089,-185476.466670291,-524030.343071798,-343,z,z
11975,12318,-782311.649928311,-193540.660873347,-588770.989054964,-343,z,z
11976,12319,-757766.487457768,-201604.855076403,-556161.632381365,-343,z,z
11977,12320,-1405088.15327005,-145155.49565501,-1259932.65761504,-343,z,z
11978,12321,-1042315.30620766,-153219.689858066,-889095.616349597,-343,z,z
11979,12322,-934252.443722322,-161283.884061122,-772968.559661199,-343,z,z
11980,12323,-566518.932155123,-169348.078264179,-397170.853890944,-343,z,z
11981,12324,-1163971.54533896,-177412.272467235,-986559.272871729,-343,z,z
11982,12325,-1225121.68464265,-185476.466670291,-1039645.21797236,-343,z,z
11983,12326,-1101360.51362491,-193540.660873347,-907819.852751567,-343,z,z
11984,12327,-1255758.81778772,-201604.855076403,-1054153.96271132,-343,z,z
11985,12328,-1032297.42693569,-145155.49565501,-887141.931280681,-343,z,z
11986,12329,-1544727.48713355,-153219.689858066,-1391507.79727549,-343,z,z
11987,12330,-386620.764998553,-161283.884061122,-225336.880937431,-343,z,z
11988,12331,-871361.433166447,-169348.078264179,-702013.354902269,-343,z,z
11989,12332,-862950.058603606,-177412.272467235,-685537.786136372,-343,z,z
11990,12333,-807948.88643958,-185476.466670291,-622472.41976929,-343,z,z
11991,12334,-1360153.01140448,-193540.660873347,-1166612.35053113,-343,z,z
11992,12336,-743401.348785208,-145155.49565501,-598245.853130198,-344,z,z
11993,12337,-1533847.0294091,-153219.689858066,-1380627.33955103,-344,z,z
11994,12338,-1583086.51758991,-161283.884061122,-1421802.63352879,-344,z,z
11995,12339,-838842.646665144,-169348.078264179,-669494.568400965,-344,z,z
11996,12340,-465569.899372179,-177412.272467235,-288157.626904945,-344,z,z
11997,12341,-920762.080405006,-185476.466670291,-735285.613734715,-344,z,z
11998,12343,-1067260.41418565,-145155.49565501,-922104.918530643,-345,z,z
11999,12344,-986812.072362322,-153219.689858066,-833592.382504256,-345,z,z
12000,12345,-1013736.38329951,-161283.884061122,-852452.499238383,-345,z,z
12001,12346,-1061611.61402041,-169348.078264179,-892263.535756234,-345,z,z
12002,12347,-1758991.28423868,-177412.272467235,-1581579.01177145,-345,z,z
12003,12349,-947121.739707445,-145155.49565501,-801966.244052434,-346,z,z
12004,12350,-635227.470359516,-153219.689858066,-482007.78050145,-346,z,z
12005,12351,-738649.081887697,-161283.884061122,-577365.197826575,-346,z,z
12006,12352,-544268.451460591,-169348.078264179,-374920.373196413,-346,z,z
12007,12354,-1253231.20611456,-145155.49565501,-1108075.71045955,-347,z,z
12008,12355,-1221683.80649291,-153219.689858066,-1068464.11663485,-347,z,z
12009,12356,-217059.482874987,-161283.884061122,-55775.5988138649,-347,z,z
12010,12358,-747949.785167403,-145155.49565501,-602794.289512392,-348,z,z
12011,12359,-651943.090534081,-153219.689858066,-498723.400676014,-348,z,z
12012,12361,-145155.49565501,-145155.49565501,0,-349,z,z
